ｻｰﾋﾞｽ種類,区名,介護保険事業所番号,申請者-法人名,事業所-名称,事業所-郵便番号,事業所-所在地,事業所-直通電話番号,事業所-FAX番号,状態区分,介護,予防,経度,緯度
居宅介護支援,中区,3470208186,株式会社あすか,居宅介護支援事業所あすか,730-0856,広島市中区河原町７番１０号２０１号室,082-942-2190,082-942-2191,現存,○,,132.2648159,34.23200636
居宅介護支援,中区,3470203369,社会福祉法人福祉広医会,悠悠タウン基町居宅介護支援事業所,730-0011,広島市中区基町１９番２－４１１号,082-502-7557,082-502-7966,現存,○,,132.2722816,34.24149297
居宅介護支援,中区,3470213459,株式会社NEWS,ニュース居宅介護支援事業所,730-0823,広島市中区吉島西一丁目７番２号,082-545-6688,082-545-6689,現存,○,,132.265227,34.22343572
居宅介護支援,中区,3470215967,合同会社望コーポレーション,望ケアプランセンター,730-0823,広島市中区吉島西三丁目13番9号,070-2616-6236,082-298-3221,現存,○,,132.2635177,34.22150734
居宅介護支援,中区,3470205752,社会福祉法人清恵会,居宅介護支援事業所おりーぶ,730-0822,広島市中区吉島東二丁目１７番５号,080-1900-4488,082-545-8830,現存,○,,132.2658805,34.22111567
居宅介護支援,中区,3470212436,オフィスたいよう合同会社,オフィスたいよう広島中央,730-0015,広島市中区橋本町１０番１号４F,082-511-0577,082-511-0578,現存,○,,132.2806716,34.23363607
居宅介護支援,中区,3470201538,医療法人あかね会,土谷居宅介護支援事業所光南,730-0825,広島市中区光南一丁目４番６号,082-504-3202,082-545-1124,現存,○,,132.2650411,34.22062468
居宅介護支援,中区,3470215546,株式会社ひなた,ケアプランセンターひなた吉島,730-0825,広島市中区光南二丁目３番４５号,082-236-8586,082-236-6126,現存,○,,132.264165,34.22104999
居宅介護支援,中区,3470206511,有限会社アネシス,あっとほーむ居宅介護支援事業所,730-0804,広島市中区広瀬町３番２９号,082-297-5350,082-297-5351,現存,○,,132.2644124,34.24023052
居宅介護支援,中区,3470203658,サンキ・ウエルビィ株式会社,サンキ・ウエルビィ介護センター中央,730-0804,広島市中区広瀬町５番２７号,082-503-0821,082-503-0822,現存,○,,132.2648256,34.23591024
居宅介護支援,中区,3470210794,株式会社ニチイ学館,ニチイケアセンター江波,730-0831,広島市中区江波西一丁目２８番１０号,082-297-8027,082-297-8028,現存,○,,132.2605703,34.22115492
居宅介護支援,中区,3470215678,株式会社ひなた,ケアプランセンターひなた江波,730-0831,広島市中区江波西一丁目６番５７号アイエスビル江波西２０１,082-554-5808,082-553-0733,現存,○,,132.2605444,34.22278881
居宅介護支援,中区,3470200241,社会福祉法人福祉広医会,悠悠タウン江波居宅介護支援事業所,730-0831,広島市中区江波西二丁目１４番８号,082-296-4880,082-296-4818,現存,○,,132.2544231,34.22049335
居宅介護支援,中区,3470212493,株式会社オフィス心絆,こころねケアプランサポート,730-0835,広島市中区江波南三丁目１２番８号コーポ原田２０１号室,082-207-3100,082-207-3101,現存,○,,132.2552602,34.21479588
居宅介護支援,中区,3470207337,サンキ・ウエルビィ株式会社,サンキ・ウエルビィ介護センター江波,730-0834,広島市中区江波二本松一丁目１０番３号,082-503-5851,082-503-5852,現存,○,,132.2556887,34.22085381
居宅介護支援,中区,3470200027,有限会社ケアネット広島,有限会社ケアネット広島居宅介護支援事業所,730-0834,広島市中区江波二本松二丁目１番３号１階,082-294-5517,082-232-5320,現存,○,,132.2600133,34.22059095
居宅介護支援,中区,3470215538,医療法人社団生和会,たかの橋居宅介護支援事業所,730-0042,広島市中区国泰寺町二丁目４番１６号,082-205-5308,082-504-6640,現存,○,,132.271606,34.23007107
居宅介護支援,中区,3470214267,グリーンライフ株式会社,グリーンライフ広島ケアプランセンター,730-0841,広島市中区舟入町３番９号,082-536-3770,082-536-3778,現存,○,,132.263857,34.23294455
居宅介護支援,中区,3470209622,社会福祉法人ＩＧＬ学園福祉会,ＩＧＬ居宅介護支援事業所ベルビュー広島,730-0847,広島市中区舟入南一丁目８番８号,082-235-3383,082-235-3384,現存,○,,132.2625576,34.22401141
居宅介護支援,中区,3470212840,株式会社彩縁舎,エイトケアプランセンター,730-0847,広島市中区舟入南二丁目１番６号レジデンス松本１階,082-299-0772,082-296-3076,現存,○,,132.2620396,34.2247426
居宅介護支援,中区,3470210414,イベイション株式会社,みどりの風居宅介護支援事業所,730-0843,広島市中区舟入本町１６番１４号進藤ビル１F,082-533-7358,082-503-7812,現存,○,,132.2635281,34.2304905
居宅介護支援,中区,3470207865,株式会社フロムワン,さやか居宅介護支援事業所,730-0813,広島市中区住吉町６番６号カーサ住吉１F,082-545-1084,082-545-1085,現存,○,,132.2652507,34.23024287
居宅介護支援,中区,3470215710,株式会社Shine,介護相談室かがやき中央,730-0805,広島市中区十日市町一丁目１番３３-２０５号,082-533-7346,082-533-7347,休止,○,,132.2656596,34.2351865
居宅介護支援,中区,3470215199,株式会社　NEPENTHE,十日市居宅介護支援事業所,730-0805,広島市中区十日市町一丁目5番18-207号,082-503-8051,082-503-8052,現存,○,,132.2652588,34.23472483
居宅介護支援,中区,3470215686,合同会社くるみ,くるみ居宅介護支援事業所,730-0805,広島市中区十日市町二丁目１番２５－５１５号,090-4690-7713,082-553-0294,現存,○,,132.2656885,34.24026255
居宅介護支援,中区,3470210893,有限会社ゆうサービス,ゆう支援サービス,730-0805,広島市中区十日市町二丁目２番３４－３０３号,082-235-2121,082-235-2225,現存,○,,132.2654436,34.24029028
居宅介護支援,中区,3470214697,合同会社みこと,ケアサポートみこと,730-0041,広島市中区小町９番５号鶴亀殿ビル２階,082-244-7018,082-258-1214,現存,○,,132.273377,34.23111006
居宅介護支援,中区,3470208525,株式会社ウェルネット,やまびこ居宅介護支援事業所,730-0012,広島市中区上八丁堀８番１０号,082-511-1188,082-511-1189,現存,○,,132.2752404,34.23532921
居宅介護支援,中区,3470201157,医療法人社団つばさ会,よつば居宅介護支援事業所,730-0806,広島市中区西十日市町１番１９号,082-503-8050,082-503-8030,現存,○,,132.2648389,34.23546537
居宅介護支援,中区,3470215231,株式会社マイレ,居宅介護支援事業所ノア,730-0806,広島市中区西十日市町7番8-301号,082-942-3530,082-942-3539,現存,○,,132.2645995,34.23541264
居宅介護支援,中区,3470215579,一般社団法人Ｌｅ　Ｂｏｉｓ,居宅介護支援事業所きなこ,730-0846,広島市中区西川口町１番１１号パラシオン舟入６０１号,082-942-5967,082-942-5968,現存,○,,132.2625575,34.22571557
居宅介護支援,中区,3470203088,有限会社めぐみ,めぐみ指定居宅介護支援事業所,730-0846,広島市中区西川口町４番３１号,082-532-6800,082-532-6801,現存,○,,132.2621735,34.22594836
居宅介護支援,中区,3470210422,ほほえみ株式会社,ほほえみ居宅介護支援事業所エクセレント,730-0024,広島市中区西平塚町４番１５号,082-541-2525,082-541-2522,現存,○,,132.2803982,34.232112
居宅介護支援,中区,3470211305,日本赤十字社,広島赤十字・原爆病院居宅介護支援事業所,730-8619,広島市中区千田町一丁目９番６号,082-241-8311,082-241-0922,現存,○,,132.2714998,34.22510085
居宅介護支援,中区,3470215769,株式会社ＯｌｕＯｌｕＢａｓｅ,ケアプランオフィスおるおる,730-0052,広島市中区千田町三丁目１１番２５-２０２号,082-207-2981,082-207-2982,現存,○,,132.2731576,34.22324876
居宅介護支援,中区,3470215900,株式会社リアン,居宅介護支援事業所キララ千田町,730-0052,広島市中区千田町二丁目２番１９号,082-569-6441,082-569-6442,現存,○,,132.2718912,34.22465013
居宅介護支援,中区,3470214598,医療法人社団みずほ会,みずほ居宅介護支援事業所,730-0036,広島市中区袋町５番１３号JDS袋町ビル２F,082-207-3404,082-207-3405,現存,○,,132.2727133,34.23286768
居宅介護支援,中区,3470215280,ＳＯＭＰＯケア株式会社,ＳＯＭＰＯケア平和公園居宅介護支援,730-0051,広島市中区大手町三丁目１１番２０号,082-544-5007,082-246-7576,現存,○,,132.2706365,34.23136467
居宅介護支援,中区,3470215892,株式会社KOYOプラス,KOYOプラス・ケアプランセンター,730-0051,広島市中区大手町三丁目１番３号IT大手町ビル３階,082-298-7370,082-836-5688,現存,○,,132.2718782,34.2321318
居宅介護支援,中区,3470207568,医療法人三和会,おおうち病院居宅介護支援事業所,730-0051,広島市中区大手町三丁目８番２８号ＡＲＫＦＩＶＥ大手町１０１,082-557-9641,082-557-9641,現存,○,,132.2714486,34.23148733
居宅介護支援,中区,3470212642,医療法人ほーむけあ,居宅介護支援事業所ほーむけあ,730-0048,広島市中区竹屋町８番８号,082-207-0517,082-207-0530,現存,○,,132.2744195,34.22575204
居宅介護支援,中区,3470108840,株式会社アイ・テック,ふれあいケアプランセンター・広島中央,730-0854,広島市中区土橋町３番１８号ファミール土橋２０２号室,082-533-6166,082-503-7663,現存,○,,132.2648655,34.23378508
居宅介護支援,中区,3470212501,社会福祉法人広島常光福祉会,ケアプランサービス東千田,730-0053,広島市中区東千田町一丁目１番４８号,082-236-1988,082-545-2588,現存,○,,132.2734677,34.224981
居宅介護支援,中区,3470213442,株式会社スマイル介護サービス,スマイル居宅介護支援事業所,730-0055,広島市中区南千田西町１番３３号元田ビル１F,082-576-6924,082-248-6007,現存,○,,132.2725389,34.22278355
居宅介護支援,中区,3470212550,有限会社デンタルレスキューサービス,れすきゅう居宅介護支援事業所,730-0003,広島市中区白島九軒町２３番２３号,082-224-1182,082-511-9382,現存,○,,132.280255,34.24216412
居宅介護支援,中区,3470207071,株式会社ニックス,ニックス中居宅介護支援事業所,730-0003,広島市中区白島九軒町６番１５号むねまさビル２０２号室,082-511-0294,082-511-5788,現存,○,,132.2756515,34.24266211
居宅介護支援,中区,3470214341,合同会社MRM,居宅介護支援事業所りた,730-0001,広島市中区白島北町１１番７－１０１号,082-962-1965,082-962-6265,休止,○,,132.2746586,34.24326945
居宅介護支援,中区,3470212949,ライフ・ネセサリー株式会社,ケアプランセンター柚李（ゆずき）,730-0013,広島市中区八丁堀１番２３号ヴェル八丁堀２０９号室,082-576-4380,082-576-4380,現存,○,,132.275101,34.23514133
居宅介護支援,中区,3470200670,社会福祉法人広島ＹＭＣＡ福祉会,居宅介護支援事業所・ピース,730-8523,広島市中区八丁堀７番１１号,082-223-8060,082-211-2250,現存,○,,132.2744963,34.23466871
居宅介護支援,中区,3470203724,有限会社ワカギリ,わかぎり居宅支援事業所,730-0043,広島市中区富士見町２番２０号チサンマンション１０１号,082-242-7455,082-242-7456,現存,○,,132.2745273,34.23145342
居宅介護支援,中区,3470213970,株式会社ｙａｓａｓｈｉｏ,三ツ星ケアプランオフィス,730-0802,広島市中区本川町三丁目４番１２号,082-208-0853,082-208-0863,現存,○,,132.2701498,34.23559467
居宅介護支援,東区,3470110309,株式会社クリエイト,ケアプランセンターカシス,732-0033,広島市東区温品四丁目１３番１４号２０５号室,082-573-5520,050-3730-8521,現存,○,,132.3029909,34.24378153
居宅介護支援,東区,3470110630,医療法人おかもと整形外科クリニック,ケアプランセンターおかもと,732-0033,広島市東区温品七丁目５番１２号,082-847-6920,082-847-6921,現存,○,,132.3034826,34.24572627
居宅介護支援,東区,3470100227,社会福祉法人藤田長生会,神田山長生園介護プランニング,732-0068,広島市東区牛田新町一丁目１８番１号,082-209-3588,082-228-9232,現存,○,,132.2824472,34.2510645
居宅介護支援,東区,3470102355,医療法人恒和会,医療法人恒和会牛田バラ苑居宅介護支援事業所,732-0068,広島市東区牛田新町三丁目３０番３０号,082-222-8000,082-222-8006,現存,○,,132.2819159,34.25267919
居宅介護支援,東区,3470110507,株式会社イシダ,ケアプランオフィス結,732-0062,広島市東区牛田早稲田一丁目２２番１３号ビーズステージ８１０１号,082-264-3200,082-228-0012,休止,○,,132.2833707,34.24342971
居宅介護支援,東区,3470106653,株式会社益田,ありす居宅介護支援事業所,732-0065,広島市東区牛田中一丁目１番１５号,082-223-1777,082-223-1777,現存,○,,132.2817579,34.24422217
居宅介護支援,東区,3470213434,株式会社コーセン,ケアサポートりふれ,732-0064,広島市東区牛田南一丁目９番２２号,082-962-0805,082-962-0806,現存,○,,132.2816502,34.24223407
居宅介護支援,東区,3470103163,社会福祉法人うすい会広島光明学園,介護支援センター光明,732-0066,広島市東区牛田本町五丁目１番２号,082-228-5621,082-228-2022,現存,○,,132.2806365,34.24500762
居宅介護支援,東区,3470106794,医療法人社団聖愛会,医療法人社団聖愛会牛田クリニック居宅介護支援事業所,732-0066,広島市東区牛田本町三丁目６番４号,082-223-3116,082-223-3117,現存,○,,132.2810436,34.24350933
居宅介護支援,東区,3470100235,公益社団法人広島県看護協会,広島県看護協会居宅介護支援事業所「ひろしま」,732-0066,広島市東区牛田本町六丁目１番２７号,082-502-6615,082-502-2166,現存,○,,132.2802818,34.24548296
居宅介護支援,東区,3470109889,株式会社菊地工務店,居宅介護支援事業所どりーむ,732-0008,広島市東区戸坂くるめ木一丁目４番３３－３０１号,082-516-8602,082-516-8603,現存,○,,132.2839437,34.26033438
居宅介護支援,東区,3470110325,株式会社多伽羅,かなえプランニングサポート,732-0016,広島市東区戸坂出江一丁目2番25－203号,082-229-5017,082-229-5018,現存,○,,132.2917126,34.25557631
居宅介護支援,東区,3470100615,医療法人社団輔仁会,太田川病院居宅介護支援事業所,732-0009,広島市東区戸坂千足一丁目２１番２５号,082-516-0078,082-516-0068,現存,○,,132.2902536,34.26129019
居宅介護支援,東区,3470101993,医療法人あかね会,土谷居宅介護支援事業所戸坂,732-0009,広島市東区戸坂千足二丁目７番１９号戸坂総合ビル２階,082-502-5215,082-502-5206,現存,○,,132.2909391,34.26117537
居宅介護支援,東区,3470105218,社会福祉法人かきつばた福祉会,居宅介護支援事業所へさか福寿苑,732-0014,広島市東区戸坂大上一丁目５番１－８号,082-220-2110,082-220-2128,現存,○,,132.2923161,34.25396671
居宅介護支援,東区,3470109681,社会福祉法人藤田長生会,神田山長生園介護プランニング戸坂,732-0003,広島市東区戸坂中町２番２９号,082-229-2187,082-229-2190,現存,○,,132.2912075,34.26103047
居宅介護支援,東区,3470109913,株式会社ライズ,ケアマネジメントＫ,732-0013,広島市東区戸坂南一丁目１４番３号,082-847-6767,082-847-6770,現存,○,,132.2926064,34.25313554
居宅介護支援,東区,3470110697,医療法人秋本クリニック,秋本クリニック居宅介護支援事業所ひろしま駅北,732-0052,広島市東区光町二丁目２番２７号１階,082-263-7775,082-263-7776,現存,○,,132.2851289,34.24078547
居宅介護支援,東区,3470102199,株式会社ホームナース中国,居宅介護支援事業所ホームナース中国,732-0052,広島市東区光町二丁目７番１７－４０１号,082-567-2151,082-567-2152,現存,○,,132.2845556,34.24011795
居宅介護支援,東区,3470109582,株式会社日本エルダリーケアサービス,おおぞら介護広島東ケアプランセンター,732-0053,広島市東区若草町３番１１号寺山ビル１０１号,082-298-6030,082-262-1761,現存,○,,132.2902008,34.23509739
居宅介護支援,東区,3470100532,社会福祉法人寿老園老人ホーム,あけぼの寿老園居宅介護支援事業所,732-0045,広島市東区曙一丁目１番２８号,082-261-4533,082-568-6544,現存,○,,132.2917452,34.23473848
居宅介護支援,東区,3470100185,医療法人たかまさ会,山﨑病院居宅介護支援事業所,732-0032,広島市東区上温品一丁目２４番９号,082-508-6134,082-280-2357,現存,○,,132.3044531,34.25179639
居宅介護支援,東区,3470110002,株式会社マグネット,カイゴの窓口東,732-0022,広島市東区中山鏡が丘１１番１６－１号,082-258-1860,082-280-1951,現存,○,,132.2955954,34.24549299
居宅介護支援,東区,3470101928,有限会社福祉計画研究所,有限会社福祉計画研究所,732-0025,広島市東区中山西二丁目４番１２－１０１号,082-289-9335,082-289-9314,現存,○,,132.2953959,34.24318421
居宅介護支援,東区,3470108014,社会福祉法人広島東福祉会,虹の里第２居宅介護支援事業所,732-0031,広島市東区馬木三丁目２６番２－４号,082-516-5225,082-899-8008,現存,○,,132.3150977,34.26077724
居宅介護支援,東区,3470101688,社会福祉法人広島東福祉会,虹の里居宅介護支援事業所,732-0031,広島市東区馬木二丁目１３９８番地の１,082-508-5551,082-508-5550,現存,○,,132.314154,34.26169549
居宅介護支援,東区,3470109699,株式会社あいウェル,ケアセンターオネット,732-0047,広島市東区尾長西一丁目８番１０号第２角谷ハイム205,082-236-9137,082-236-9138,現存,○,,132.2914929,34.23491541
居宅介護支援,東区,3470103361,株式会社ニックス,ニックス東居宅介護支援事業所,732-0046,広島市東区尾長東二丁目７番２８号,082-569-5200,082-261-8001,現存,○,,132.2917632,34.23530092
居宅介護支援,東区,3470103601,医療法人社団ひろまさ会,ミルキーケア居宅介護支援事業所,732-0046,広島市東区尾長東二丁目８番２１号,082-258-1560,082-236-6601,現存,○,,132.2919139,34.23528608
居宅介護支援,東区,3470106349,株式会社天畠,ケアプランセンターミモザ,732-0046,広島市東区尾長東二丁目８番２８号,082-258-1555,082-262-0555,現存,○,,132.2920686,34.23535639
居宅介護支援,東区,3470100151,社会福祉法人広島常光福祉会,居宅介護支援事業所ふくだの里,732-0029,広島市東区福田四丁目３９５９番地の１,082-899-7398,082-899-5218,現存,○,,132.3233065,34.27085407
居宅介護支援,東区,3470107362,株式会社ニチイ学館,ニチイケアセンター矢賀居宅介護支援事業所,732-0042,広島市東区矢賀二丁目８番１９号,082-890-5080,082-890-5078,現存,○,,132.2947836,34.23583218
居宅介護支援,南区,3470110689,株式会社Ｓ・Ｖ・Ｎ,居宅介護支援事業所かえで,734-0036,広島市南区旭二丁目１８番７号コーポこだま303号室,082-298-6010,082-298-6011,現存,○,,132.2842122,34.22207726
居宅介護支援,南区,3470106844,医療法人社団ひがしの会,居宅介護支援事業所サザンリーフ宇品海岸,734-0011,広島市南区宇品海岸１丁目１２番４３号,082-250-1565,082-250-7256,現存,○,,132.2734824,34.21093957
居宅介護支援,南区,3470108691,ほほえみ株式会社,ほほえみみゆき居宅介護支援事業所,734-0015,広島市南区宇品御幸一丁目１５番７号,082-254-0067,082-254-0078,現存,○,,132.2749564,34.22037883
居宅介護支援,南区,3470102934,医療法人翠幸会,翠幸会指定居宅介護支援事業所,734-0015,広島市南区宇品御幸一丁目１７番１号,082-256-5000,082-256-5830,現存,○,,132.2752228,34.22051593
居宅介護支援,南区,3470107735,有限会社めぐみ,めぐみ居宅介護支援事業所御幸,734-0015,広島市南区宇品御幸四丁目１４番７－１号,082-256-2330,082-256-233,現存,○,,132.2744772,34.21311044
居宅介護支援,南区,3470108170,株式会社ユーステイブル,介護支援事業所プラスサポート,734-0004,広島市南区宇品神田二丁目９番１３号,082-236-7340,082-254-1066,現存,○,,132.275688,34.21554301
居宅介護支援,南区,3470103015,株式会社ビー・スマイル,居宅介護支援事業所ケアセンター宇品,734-0004,広島市南区宇品神田二丁目９番４号,082-250-8351,082-250-8352,現存,○,,132.2758587,34.2154899
居宅介護支援,南区,3470100110,社会福祉法人広島和光園,広島和光園居宅介護支援事業所,734-0003,広島市南区宇品東三丁目６番２６号,082-255-0072,082-298-0025,現存,○,,132.2822554,34.21513612
居宅介護支援,南区,3470212238,あいりは株式会社,あいりは在宅相談室広島南,734-0037,広島市南区霞二丁目１番１号１０１,082-286-2347,082-255-0088,現存,○,,132.2902491,34.22473873
居宅介護支援,南区,3470106026,株式会社ＯＦＦＩＣＥ・ＮＡＯ,ハーモニー・ケアプランセンター,734-0007,広島市南区皆実町三丁目１番１８号,082-250-1511,082-250-4808,現存,○,,132.2802011,34.22386403
居宅介護支援,南区,3470107305,株式会社F＆M,ビーマイセルフ福祉センター,732-0828,広島市南区京橋町７番１６号ＷＩＮＤビル２Ｆ,082-258-2268,082-258-2492,現存,○,,132.2817621,34.23401536
居宅介護支援,南区,3470100086,医療法人和同会,元宇品居宅介護支援事業所,734-0012,広島市南区元宇品町２６番２０号,082-255-1422,082-255-6826,現存,○,,132.2732707,34.20548621
居宅介護支援,南区,3470110424,さくらケア合同会社,居宅介護支援事業所さくらケア,734-0055,広島市南区向洋新町一丁目２０番８号,082-284-8511,050-3730-0382,休止,○,,132.3052213,34.21563007
居宅介護支援,南区,3470100466,社会福祉法人広島平和養老館,広島平和養老館居宅介護支援事業所,734-0017,広島市南区似島町字東大谷３０７３番地の５,082-259-2709,082-259-2286,現存,○,,132.2635908,34.18276793
居宅介護支援,南区,3470100383,医療法人あかね会,土谷居宅介護支援事業所出汐,734-0001,広島市南区出汐一丁目７番１６号,082-250-3730,082-250-1578,休止,○,,132.2831806,34.22461638
居宅介護支援,南区,3470108717,パナソニックエイジフリー株式会社,パナソニックエイジフリーケアセンター広島中央・ケアマネジメント,734-0001,広島市南区出汐三丁目１０番６号,082-254-9511,082-254-8961,現存,○,,132.2835759,34.22345559
居宅介護支援,南区,3470100516,社会福祉法人光清学園,居宅介護支援事業所光清苑,734-0001,広島市南区出汐二丁目３番４６号,082-252-0588,082-207-0229,現存,○,,132.2832939,34.22320366
居宅介護支援,南区,3470107131,社会福祉法人あと会,でじま・くにくさ居宅介護支援事業所,734-0013,広島市南区出島一丁目１８番１７号,082-251-3370,082-251-8787,現存,○,,132.271741,34.21399813
居宅介護支援,南区,3470108246,株式会社はーとふるケアサービス,はーとふる居宅介護支援事業所広島,734-0021,広島市南区上東雲町２７番６号ＥＡＳＴ１０１０１号室,082-581-8505,082-259-3120,休止,○,,132.2911829,34.23050885
居宅介護支援,南区,3470110127,ＦａｓｔＣａｒｅ株式会社,ケアプランセンターnao,734-0026,広島市南区仁保一丁目１３番１３号ー２,082-258-1451,082-258-1452,現存,○,,132.2942226,34.22207972
居宅介護支援,南区,3470109145,株式会社ウェルプランニング,ぐっとほーむ居宅介護支援事業所,734-0024,広島市南区仁保新町一丁目９番２８号２F,082-510-3636,082-510-3637,現存,○,,132.2932266,34.22362094
居宅介護支援,南区,3470102439,株式会社ニックス,ニックス南居宅介護支援事業所,734-0024,広島市南区仁保新町二丁目９番３２号,082-890-0008,082-890-2223,現存,○,,132.2947132,34.22315187
居宅介護支援,南区,3470108816,社会福祉法人あと会,宇品・くにくさ居宅介護支援事業所,734-0005,広島市南区翠五丁目７番１７号,082-236-9293,082-236-9287,現存,○,,132.2755852,34.22069366
居宅介護支援,南区,3470106893,株式会社ソーシャルオフィス,ゆずりは居宅介護支援事業所,734-0005,広島市南区翠三丁目５番２８号グリンピア１０１号,082-252-6370,082-252-6371,現存,○,,132.2818964,34.22222443
居宅介護支援,南区,3470102348,有限会社慈恵コーポレイション,慈恵コーポレイションサービスセンター豊,734-0005,広島市南区翠四丁目７番３８号,082-255-2829,082-255-2926,現存,○,,132.2820483,34.22083123
居宅介護支援,南区,3470109798,株式会社ホロン,居宅介護支援事業所すずらん,734-0002,広島市南区西旭町１０番５号１０４号,082-207-1992,082-207-1993,現存,○,,132.2825655,34.22200416
居宅介護支援,南区,3470109731,株式会社カルムケア,オフィスカルムケア,734-0002,広島市南区西旭町１４－２４－２０１,082-546-9238,082-546-9239,現存,○,,132.2829584,34.22171944
居宅介護支援,南区,3470110648,有限会社百樹,なだの郷居宅介護支援事業所,734-0053,広島市南区青崎二丁目１６番１５号,082-281-3393,082-581-6171,現存,○,,132.3031698,34.22184695
居宅介護支援,南区,3470110168,株式会社ＳＡＴＳＵＫＩ,ケアプランセンターさつき,732-0802,広島市南区大州三丁目４番２２号第６ガーデンビル２０２号室,082-236-6334,082-236-6335,現存,○,,132.2925898,34.23213331
居宅介護支援,南区,3470110226,株式会社Shine,介護相談室かがやき南,732-0802,広島市南区大州三丁目７番２ー１０１号,082-288-3151,082-288-3152,現存,○,,132.2939022,34.23164199
居宅介護支援,南区,3470107388,有限会社バースト,ケアサポートセンター丹那,734-0034,広島市南区丹那町２２番１０-５号,082-259-3379,082-259-3370,現存,○,,132.2841346,34.21584587
居宅介護支援,南区,3470107719,株式会社いでしたケアサービス,いでしたケアプランセンター広島南,732-0811,広島市南区段原一丁目８番１０号田邉ビル２階,082-569-6580,082-569-6581,現存,○,,132.2835566,34.23235504
居宅介護支援,南区,3470109962,医療法人健康の風,居宅介護支援事業所ライフループ,732-0811,広島市南区段原三丁目２番１９号グランシャリオＫ１階,082-207-3066,082-567-5506,現存,○,,132.2837566,34.23245269
居宅介護支援,南区,3470100458,有限会社まごころネット,有限会社まごころネット居宅介護支援事業所,732-0811,広島市南区段原三丁目３番２７号,082-568-7338,082-568-7373,現存,○,,132.2838468,34.23209648
居宅介護支援,南区,3470100045,生活協同組合ひろしま,生協ひろしま居宅介護支援事業所・広島南,732-0814,広島市南区段原南一丁目１番１２号ヒジヤマタナカビル２階,082-568-8761,082-567-6761,現存,○,,132.2837211,34.23069819
居宅介護支援,南区,3470110671,株式会社Shine,介護相談室小さなかがやき段原,732-0814,広島市南区段原南二丁目2番8-101号,082-262-0700,082-262-0702,現存,○,,132.2841949,34.23093177
居宅介護支援,南区,3470110044,株式会社彩縁舎,エイトケアプランセンター南,732-0814,広島市南区段原南二丁目３番１１号,082-261-0788,082-569-5711,現存,○,,132.2839777,34.23069
居宅介護支援,南区,3470100037,株式会社広島福祉サービス,株式会社広島福祉サービス広島市南居宅介護支援事業所,734-0022,広島市南区東雲一丁目２２番２４号,082-508-0010,082-508-0011,現存,○,,132.2919762,34.22573279
居宅介護支援,南区,3470108766,株式会社こもれび,ケアサポートこもれび,734-0022,広島市南区東雲二丁目１８番８号,082-569-5580,082-510-1088,現存,○,,132.2926254,34.22466221
居宅介護支援,南区,3470100391,医療法人社団古川医院,古川医院居宅介護支援事業所,734-0023,広島市南区東雲本町一丁目１番２号,082-283-3507,082-890-5711,現存,○,,132.2902264,34.23036393
居宅介護支援,南区,3470110499,合同会社といろ,といろ居宅介護支援事業所,734-0023,広島市南区東雲本町三丁目８番３２号コーポさえき１０６号,090-8993-9018,082-258-4606,現存,○,,132.2914396,34.22440051
居宅介護支援,南区,3470107024,社会福祉法人広島厚生会,居宅介護支援センター広島八景園,734-0025,広島市南区東本浦町２６番８号たおビル２階,082-284-7380,082-569-7300,現存,○,,132.29355,34.22267027
居宅介護支援,南区,3470103379,医療法人秋本外科クリニック,居宅介護支援事業所あきもと,734-0025,広島市南区東本浦町５番２２号,082-288-4114,082-288-4118,現存,○,,132.2916064,34.22320377
居宅介護支援,南区,3470104989,社会福祉法人サンシャイン,居宅介護支援事業所サンシャイン南蟹屋,732-0803,広島市南区南蟹屋一丁目８番１２号,082-508-1330,082-508-1325,現存,○,,132.2901142,34.23226683
居宅介護支援,南区,3470100623,社会福祉法人三篠会,居宅介護支援事業所ひうな荘,734-0031,広島市南区日宇那町３０番１号,082-256-1001,082-256-1008,現存,○,,132.2934162,34.21568194
居宅介護支援,南区,3470109236,株式会社サンホーワ,ひまわり指定居宅介護支援事業所,732-0817,広島市南区比治山町３番１４号ダイアパレスリバーサイド比治山３０７,082-258-2231,082-258-2232,現存,○,,132.2817013,34.23163904
居宅介護支援,南区,3470104294,テルウェル西日本株式会社,ＮＴＴグループケアポート広島居宅介護支援事業所,732-0816,広島市南区比治山本町１１番１号,082-250-1215,082-250-1160,現存,○,,132.2820705,34.22494444
居宅介護支援,南区,3470108253,医療法人社団まりも会,居宅介護支援事業所ひらまつ,732-0816,広島市南区比治山本町１１番３２号,082-250-8062,082-256-3656,現存,○,,132.2816475,34.22484834
居宅介護支援,南区,3470100490,社会福祉法人輝き奉仕会,居宅介護支援事業所輝き,734-0042,広島市南区北大河町３９番１号,082-285-6005,082-288-9181,現存,○,,132.2856137,34.22172968
居宅介護支援,南区,3470104385,有限会社開花,居宅介護支援事業所羽ばたき,734-0052,広島市南区堀越三丁目１１番１－１０１号,082-288-6251,082-284-7477,現存,○,,132.3043635,34.22205789
居宅介護支援,南区,3470110267,社会福祉法人ＩＧＬ学園福祉会,ＩＧＬ居宅介護支援事業所信愛の郷,734-0047,広島市南区本浦町８番３９号,082-510-3372,082-510-3373,現存,○,,132.2915361,34.22278273
居宅介護支援,西区,3470205521,有限会社ＧＲＡＣＥ　ＡＧＥ,井口台介護ステーション,733-0844,広島市西区井口台一丁目１２番２９－１０２号,082-270-1028,082-270-1027,現存,○,,132.2255837,34.22393238
居宅介護支援,西区,3470214275,あいりは株式会社,あいりは在宅相談室広島西,733-0013,広島市西区横川新町１２番１３－２０３号,082-207-3219,082-258-5922,現存,○,,132.2649896,34.24263655
居宅介護支援,西区,3470203153,株式会社ベネッセスタイルケア,ベネッセ介護センター広島,733-0011,広島市西区横川町３－８－２第二信和ビル５Ｆ,082-207-1727,082-207-1728,現存,○,,132.2715382,34.24342912
居宅介護支援,西区,3470213582,社会福祉法人慈楽福祉会,居宅介護支援事業所ピア観音,733-0036,広島市西区観音新町一丁目７番４０号,082-503-7793,082-503-7774,現存,○,,132.254198,34.22267442
居宅介護支援,西区,3470200076,広島中央保健生活協同組合,広島中央保健生協居宅介護支援事業所,733-0031,広島市西区観音町１６番１９号,082-292-0852,082-292-0918,現存,○,,132.2613547,34.23403548
居宅介護支援,西区,3470209820,あなぶきメディカルケア株式会社,あなぶきケアサービス広島居宅介護支援事業所,733-0033,広島市西区観音本町一丁目１３番２８号,082-942-6355,082-942-6356,現存,○,,132.2613348,34.23197045
居宅介護支援,西区,3470215470,合同会社サピュイエ,ケアサポート杏樹,733-0033,広島市西区観音本町一丁目２２番３０号１Ｆ,082-232-4567,082-231-6877,現存,○,,132.2607681,34.2317322
居宅介護支援,西区,3470209226,ポスモプラザ株式会社,あいわ居宅介護支援事業所,733-0033,広島市西区観音本町二丁目１１番１５号,082-942-4411,082-942-4158,現存,○,,132.2554642,34.23225913
居宅介護支援,西区,3470209812,株式会社もみのき友,もみのき居宅介護支援事業所,733-0874,広島市西区古江西町１７番７号,082-208-2123,082-208-2124,現存,○,,132.2425292,34.23144236
居宅介護支援,西区,3470215074,TKBマネジメント合同会社,きありの居宅介護支援事業所,733-0872,広島市西区古江東町１９番１９－１０５号,080-1919-2192,082-548-5167,現存,○,,132.2447044,34.23254502
居宅介護支援,西区,3470207402,医療法人社団永慈会,居宅介護支援事業所ゆたか古江,733-0872,広島市西区古江東町７番２５号,082-527-0882,082-527-0890,現存,○,,132.2439814,34.23135256
居宅介護支援,西区,3470210521,医療法人社団石田内科,おれんじ居宅介護支援事業所,733-0815,広島市西区己斐上二丁目１１番３号,082-208-2132,082-272-2335,現存,○,,132.250953,34.24185577
居宅介護支援,西区,3470207998,有限会社めぐみ,めぐみ指定居宅介護支援事業所己斐,733-0815,広島市西区己斐上二丁目４３番２１号,082-271-7080,082-271-7081,現存,○,,132.2447992,34.24194632
居宅介護支援,西区,3470200555,社会福祉法人はばたきの里,はばたきの里居宅介護支援事業所,733-0815,広島市西区己斐上六丁目９３９番地の１,082-507-5866,082-275-0093,現存,○,,132.252525,34.25174194
居宅介護支援,西区,3470212204,株式会社スマイルケア,居宅介護支援事業所スマイルケア,733-0814,広島市西区己斐西町６番１５号,082-961-5766,082-299-7887,現存,○,,132.2528244,34.23542678
居宅介護支援,西区,3470213046,株式会社アイテック,居宅介護支援事業所かなで,733-0813,広島市西区己斐中一丁目９番１９－３０４号,082-961-5990,082-961-5991,現存,○,,132.252915,34.23590368
居宅介護支援,西区,3470204094,医療法人社団林医院,ルネッサンスホームエイド,733-0813,広島市西区己斐中二丁目１３番４２号タウニー１０２号室,082-272-6077,082-208-5200,休止,○,,132.2535224,34.24066023
居宅介護支援,西区,3470214101,医療法人　裕心会,医療法人裕心会ウィズ居宅介護支援事業所,733-0812,広島市西区己斐本町三丁目６－５フレグランス笹口Ａ棟１０１号,082-275-6030,,現存,○,,132.2533685,34.23435972
居宅介護支援,西区,3470200480,医療法人あかね会,土谷居宅介護支援事業所西広島,733-0812,広島市西区己斐本町二丁目７番１号,082-507-0866,082-507-0856,現存,○,,132.2536037,34.2341945
居宅介護支援,西区,3470212659,Common株式会社,コモン居宅介護支援事業所,733-0822,広島市西区庚午中四丁目１５番３５号,082-554-5211,082-554-5215,現存,○,,132.245622,34.22464971
居宅介護支援,西区,3470202171,医療法人光臨会,荒木居宅介護支援事業所,733-0821,広島市西区庚午北一丁目５番１５号,082-507-6300,082-507-6301,現存,○,,132.2522346,34.23272283
居宅介護支援,西区,3470200324,医療法人厚生堂,長崎病院居宅介護支援センター,733-0003,広島市西区三篠町一丁目８番２１号,082-230-8181,082-230-8182,現存,○,,132.2704476,34.2441517
居宅介護支援,西区,3470215868,株式会社アンビス,医心館居宅介護支援事業所広島横川,733-0005,広島市西区三滝町１２番２２号,082-836-7230,082-836-7231,現存,○,,132.2658831,34.24525043
居宅介護支援,西区,3470203617,医療法人みやうち,ケアプランオフィス三滝ひまわり,733-0802,広島市西区三滝本町二丁目１３番３４－２号,082-230-8321,082-230-8327,現存,○,,132.2636316,34.25040578
居宅介護支援,西区,3470200548,社会福祉法人燈心会,三滝苑居宅介護支援事業所,733-0802,広島市西区三滝本町二丁目１番１－２７号,082-237-8811,082-237-8813,現存,○,,132.2658506,34.2510163
居宅介護支援,西区,3470212725,株式会社河村福祉サービス,かわむらケアプランセンター,733-0853,広島市西区山田新町一丁目２３ー２２,082-5077800,082-507-7801,現存,○,,132.2331647,34.23528554
居宅介護支援,西区,3470200423,社会福祉法人広島県同胞援護財団,居宅介護支援事業所千歳園,733-0853,広島市西区山田新町二丁目７番２号,082-272-6937,082-273-8795,現存,○,,132.2312985,34.23574873
居宅介護支援,西区,3470200506,サンキ・ウエルビィ株式会社,サンキ・ウエルビィ介護センター本店,733-0833,広島市西区商工センター六丁目１番１１号,082-278-1330,082-278-2115,現存,○,,132.2322957,34.22104329
居宅介護支援,西区,3470215066,株式会社ニックス,ニックス西居宅介護支援事業所,733-0025,広島市西区小河内町一丁目４番１３号,082-299-6811,082-233-0294,現存,○,,132.2611996,34.23586459
居宅介護支援,西区,3470213590,株式会社インフィニ,居宅介護支援事業所手と手,733-0863,広島市西区草津南三丁目７番１３号,082-275-6639,082-533-8773,現存,○,,132.2341589,34.22370828
居宅介護支援,西区,3470208848,株式会社ｙａｓａｓｈｉｏ,三ツ星居宅介護支援事業所,733-0004,広島市西区打越町１２番６号サンパレスマツモト２階,082-962-6297,082-962-6298,現存,○,,132.2658277,34.24386226
居宅介護支援,西区,3470212006,株式会社だんだん,だんだん居宅介護支援事業所,733-0012,広島市西区中広町一丁目１８番２６－２０２号,082-533-8880,082-533-8860,現存,○,,132.2628116,34.24008525
居宅介護支援,西区,3470202197,社会福祉法人藤愛会,居宅介護支援事業所リバーサイド中広,733-0012,広島市西区中広町二丁目１５番１５号,082-235-0788,082-235-2341,現存,○,,132.2621245,34.24133005
居宅介護支援,西区,3470200498,医療法人社団光仁会,医療法人光仁会居宅介護支援事業所「リンデン」,733-0022,広島市西区天満町１３番１９号,082-297-7717,082-297-7311,現存,○,,132.2624359,34.23458307
居宅介護支援,西区,3470215645,株式会社ｈｉＹｏｒｉ,ケアサポートｈｉＹｏｒｉ,733-0022,広島市西区天満町１４番５－１０１号,082-208-4003,082-208-4009,現存,○,,132.2622121,34.23462916
居宅介護支援,西区,3470200175,医療法人和同会,居宅介護支援事業所おまかせ西広島,733-0851,広島市西区田方二丁目１６番４５号,082-507-1288,082-507-1295,現存,○,,132.2346084,34.23304052
居宅介護支援,西区,3470214002,スマイリーここあ株式会社,ここあ,733-0023,広島市西区都町９番３号ハイツ達川１階,082-533-6434,082-533-6435,現存,○,,132.2616644,34.23540214
居宅介護支援,西区,3470208855,株式会社幸の樹,居宅介護支援事業所しあわせの樹,733-0032,広島市西区東観音町１８番１５-２０１号,082-532-7274,082-532-7273,現存,○,,132.2619364,34.23274889
居宅介護支援,西区,3470216064,有限会社リラックス,居宅介護支援事業所りらっくす,733-0035,広島市西区南観音一丁目１１番４１－１０１号,082-209-3003,082-208-2955,現存,○,,132.2557436,34.22586089
居宅介護支援,西区,3470204235,生活協同組合ひろしま,生協ひろしま居宅介護支援事業所・広島中,733-0035,広島市西区南観音七丁目１６ー１５タワービルカワムラⅢ３階,082-503-0681,082-295-7080,現存,○,,132.2544187,34.22428994
居宅介護支援,西区,3470214952,株式会社Trigger,Re.Start,733-0035,広島市西区南観音二丁目５番２４号沖ビル２０３号,082-942-4200,082-942-4211,休止,○,,132.2552514,34.23014565
居宅介護支援,西区,3470209796,株式会社つなぐ,居宅介護支援事業所つなぐ,733-0002,広島市西区楠木町一丁目１３番６号,082-299-7154,082-297-2901,現存,○,,132.2718807,34.24283582
居宅介護支援,西区,3470200316,社会福祉法人くすの木の会,くすの木苑居宅介護支援事業所,733-0024,広島市西区福島町二丁目３３番３０号,082-291-2734,082-291-2798,現存,○,,132.2549173,34.23305203
居宅介護支援,西区,3470102132,有限会社ナックユノ,ありらん,733-0024,広島市西区福島町二丁目４番９号,082-234-1112,082-234-9230,現存,○,,132.2557993,34.2340441
居宅介護支援,西区,3470201405,医療法人社団玉章会,玉章会居宅介護支援事業所,733-0852,広島市西区鈴が峰町１４番２０号,082-277-7150,082-277-7150,現存,○,,132.2349658,34.22558114
居宅介護支援,西区,3470211628,社会福祉法人ともえ福祉会,居宅介護支援事業所ともの家,733-0852,広島市西区鈴が峰町４１番１８号,082-270-0145,082-270-0146,休止,○,,132.2334804,34.22482807
居宅介護支援,安佐南区,3470212584,株式会社Seiwa,居宅介護支援事業所ハピネス安東,731-0153,広島市安佐南区安東六丁目４番５２－５号,082-832-8817,082-878-8818,現存,○,,132.2714098,34.28366423
居宅介護支援,安佐南区,3470202924,株式会社オムエル,オムエル祇園居宅介護支援事業所,731-0138,広島市安佐南区祇園五丁目２番４５－３０３号祇園クリニックビル３階,082-874-8150,082-875-0070,現存,○,,132.273803,34.26500449
居宅介護支援,安佐南区,3470214424,合同会社オフィスＳｏｒａ彩,ケアマネオフィスそらいろ,731-0138,広島市安佐南区祇園三丁目１６番１－１０１号,082-962-4985,082-962-9588,現存,○,,132.2736874,34.26272542
居宅介護支援,安佐南区,3470215561,医療法人広島ハートセンター,広島ハートケアプランセンター,731-0138,広島市安佐南区祇園二丁目２番７号祇園第１ビル１０２,082-207-4770,082-225-7571,現存,○,,132.2803879,34.26535374
居宅介護支援,安佐南区,3470200266,医療法人メディカルパーク,野村病院居宅介護支援事業所「あさみなみ」,731-0138,広島市安佐南区祇園二丁目４２番１４号,082-875-1585,082-875-6125,現存,○,,132.2754518,34.26200093
居宅介護支援,安佐南区,3470207550,医療法人ユア・メディック,ケアプランよりしま,731-0138,広島市安佐南区祇園二丁目４４番６号,082-962-1232,082-850-1028,現存,○,,132.2751131,34.26245322
居宅介護支援,安佐南区,3470210703,株式会社Shine,介護相談室かがやき,731-0138,広島市安佐南区祇園二丁目４７番８号,082-209-6641,082-209-6664,現存,○,,132.2751041,34.26209505
居宅介護支援,安佐南区,3470214960,株式会社ダイキ,居宅介護支援事業所古の市,731-0123,広島市安佐南区古市三丁目５番３号,082-876-3903,082-299-0300,現存,○,,132.2811483,34.27051965
居宅介護支援,安佐南区,3470215850,株式会社幸和,さくら支援ステーションふるいちばし,731-0123,広島市安佐南区古市四丁目４番２８号クレスト古市橋２０３号室,090-4895-2969,,休止,○,,132.2805148,34.27048448
居宅介護支援,安佐南区,3470204300,株式会社サルート,居宅介護支援事業所とまと,731-0142,広島市安佐南区高取南一丁目２６番２１号,082-847-0326,082-555-0630,現存,○,,132.2616542,34.28168112
居宅介護支援,安佐南区,3470200597,社会福祉法人慈光会,慈光園居宅介護支援事業所,731-0144,広島市安佐南区高取北一丁目１７番４１号,082-878-9400,082-847-1475,現存,○,,132.2628638,34.2838481
居宅介護支援,安佐南区,3470208459,株式会社いでしたケアサービス,いでしたケアプランセンター,731-0144,広島市安佐南区高取北一丁目４番３０号サンビル３Ｆ,082-962-2541,082-962-1541,現存,○,,132.2615378,34.28312314
居宅介護支援,安佐南区,3470210349,株式会社Seiwa,居宅介護支援事業所ハピネス,731-0139,広島市安佐南区山本新町一丁目１１番１号,082-871-8817,082-871-8816,現存,○,,132.2611835,34.26194529
居宅介護支援,安佐南区,3470213087,社会福祉法人メインストリーム,居宅介護支援事業所和,731-0139,広島市安佐南区山本新町四丁目３番１１号,082-850-1008,082-850-1009,現存,○,,132.2612244,34.26513164
居宅介護支援,安佐南区,3470213244,社会福祉法人信々会,居宅介護支援事業所春日野園,731-0139,広島市安佐南区山本新町二丁目１８番９－１４号,082-832-4165,082-871-4166,休止,○,,132.2604277,34.26260459
居宅介護支援,安佐南区,3470207311,医療法人社団聖愛会,医療法人社団聖愛会とやま居宅介護支援事業所,731-3272,広島市安佐南区沼田町吉山風呂ノ元９８０番１,082-839-3941,082-839-3940,現存,○,,132.2031497,34.27564458
居宅介護支援,安佐南区,3470211214,ジョイ・フィールド株式会社,ケアステーションあやの実,731-0154,広島市安佐南区上安三丁目１６番１３－Ⅰ－１０２号,082-225-8998,082-225-8940,現存,○,,132.2653842,34.28450395
居宅介護支援,安佐南区,3470207949,社会福祉法人慈光会,上安慈光園居宅介護支援事業所,731-0154,広島市安佐南区上安二丁目２０番３３号,082-878-8089,082-878-8711,現存,○,,132.2644312,34.28314275
居宅介護支援,安佐南区,3470207097,社会福祉法人ＩＧＬ学園福祉会,IGL居宅介護支援事業所アルペンローゼ,731-0154,広島市安佐南区上安六丁目２７番１２－１２号,082-830-3377,082-830-3318,現存,○,,132.264114,34.28535812
居宅介護支援,安佐南区,3470200142,社会福祉法人ＩＧＬ学園福祉会,ＩＧＬ居宅介護支援事業所ベルシャレー,731-0154,広島市安佐南区上安六丁目３１番１号,082-830-3366,082-830-3380,現存,○,,132.2641112,34.28595493
居宅介護支援,安佐南区,3470212097,社会福祉法人ＩＧＬ学園福祉会,IGL居宅介護支援事業所シャレー,731-0154,広島市安佐南区上安六丁目３１番２号,082-830-3326,082-830-3327,現存,○,,132.2641112,34.28595493
居宅介護支援,安佐南区,3470207725,株式会社地主クリニカルサポート,居宅介護支援事業所ケアセンターたまゆら,731-0113,広島市安佐南区西原一丁目１番８号,082-850-0052,082-850-0053,現存,○,,132.2757412,34.26159004
居宅介護支援,安佐南区,3470208228,医療法人博善会,ながお居宅介護支援事業所,731-0113,広島市安佐南区西原四丁目１０番１２号,082-871-8862,082-850-2737,現存,○,,132.2804427,34.26174824
居宅介護支援,安佐南区,3470214416,株式会社ウェルケア,ケアプランセンターやすらぎ西原,731-0113,広島市安佐南区西原八丁目１６番１６号１－１０１,082-962-0170,082-962-0181,現存,○,,132.2826905,34.26371256
居宅介護支援,安佐南区,3470212857,医療法人社団聖愛会,医療法人社団聖愛会ぎおん牛田病院居宅介護支援事業所,731-0113,広島市安佐南区西原八丁目２８番１４-１０３号室,082-836-6266,082-836-6260,現存,○,,132.2813476,34.26329656
居宅介護支援,安佐南区,3470203542,社会福祉法人楽友会,居宅介護支援事業所川内の里,731-0102,広島市安佐南区川内一丁目２１番２９号,082-831-1217,082-876-1094,現存,○,,132.2906025,34.27233284
居宅介護支援,安佐南区,3470205778,株式会社不二ビルサービス,ふじ川内居宅介護支援事業所,731-0102,広島市安佐南区川内一丁目５番２４号,082-870-3174,082-877-3169,現存,○,,132.2905142,34.27340265
居宅介護支援,安佐南区,3470214655,株式会社幸房,くらしさケアプランセンターたかとり,731-0141,広島市安佐南区相田二丁目５番３５号,082-878-1456,082-555-4665,現存,○,,132.2659432,34.282362
居宅介護支援,安佐南区,3470202767,日本基準寝具株式会社,エコール在宅介護ステーション,731-0124,広島市安佐南区大町東一丁目１８番４４号,082-830-6060,082-830-5157,現存,○,,132.2755496,34.27112227
居宅介護支援,安佐南区,3470213400,株式会社ループ,居宅介護支援事業所ループ,731-0124,広島市安佐南区大町東一丁目８番２５－５０３号,082-554-1222,082-554-1233,現存,○,,132.2803515,34.27240223
居宅介護支援,安佐南区,3470200894,医療法人あかね会,土谷居宅介護支援事業所大町,731-0124,広島市安佐南区大町東二丁目７番２４号,082-831-6653,082-879-8330,現存,○,,132.2809033,34.27437624
居宅介護支援,安佐南区,3470208749,富士メディカル株式会社,メリィケアプランセンター,731-3167,広島市安佐南区大塚西三丁目１番２０号,082-849-2325,082-849-2321,現存,○,,132.2330988,34.26463408
居宅介護支援,安佐南区,3470211933,社会福祉法人ＩＧＬ学園福祉会,IGL居宅介護支援事業所西風,731-3167,広島市安佐南区大塚西二丁目５番８号,082-848-3395,082-848-3314,現存,○,,132.2403927,34.26388309
居宅介護支援,安佐南区,3470209804,社会福祉法人松風会,居宅介護支援事業所あいの丘,731-3166,広島市安佐南区大塚東三丁目３番９号,082-811-8187,082-811-8186,現存,○,,132.2448936,34.26063827
居宅介護支援,安佐南区,3470201892,サンキ・ウエルビィ株式会社,サンキ・ウエルビィ介護センター安佐南,731-0122,広島市安佐南区中筋四丁目４番２１号２０１,082-831-1070,082-831-1071,現存,○,,132.2848983,34.27330887
居宅介護支援,安佐南区,3470203161,生活協同組合ひろしま,生協ひろしま居宅介護支援事業所・安佐南,731-0121,広島市安佐南区中須一丁目１６番１０号エルサンク濱岡１階,082-830-0811,082-830-0813,現存,○,,132.2816603,34.27235929
居宅介護支援,安佐南区,3470200191,広島医療生活協同組合,広島医療生協居宅介護支援事業所,731-0121,広島市安佐南区中須二丁目１９番６号虹の会館３階,082-879-1870,082-879-7764,現存,○,,132.2831195,34.27403648
居宅介護支援,安佐南区,3470210109,医療法人誠正会,居宅介護支援事業所こじま,731-0135,広島市安佐南区長束四丁目１０番７号,082-509-2018,082-509-2023,現存,○,,132.2712765,34.25437931
居宅介護支援,安佐南区,3470212196,合同会社カーム,居宅介護支援事業所幸家,731-0135,広島市安佐南区長束四丁目９番４－２０７号,082-230-0227,082-230-0228,現存,○,,132.2715952,34.25458945
居宅介護支援,安佐南区,3470215520,株式会社ニックス,ニックス安佐南居宅介護支援事業所,731-0135,広島市安佐南区長束二丁目１２番２８号,082-962-7405,082-962-7406,現存,○,,132.2732474,34.25435981
居宅介護支援,安佐南区,3470206735,有限会社みこころ,みこころケアセンター,731-0135,広島市安佐南区長束六丁目４番１号,082-874-3556,082-874-3941,現存,○,,132.2726818,34.26049594
居宅介護支援,安佐南区,3470216023,株式会社きわみ,居宅介護支援事業所きわみ,731-0112,広島市安佐南区東原三丁目１１番２－２０１号,082-555-6302,,現存,○,,132.2841337,34.26449376
居宅介護支援,安佐南区,3470203302,社会福祉法人慈光会,東原慈光園居宅介護支援事業所,731-0112,広島市安佐南区東原三丁目１４番４号,082-850-1109,082-850-1107,現存,○,,132.2850864,34.26522611
居宅介護支援,安佐南区,3470215637,一般社団法人あすなろ,居宅介護支援事業所みゆ,731-0111,広島市安佐南区東野三丁目２３番６号,082-554-0701,082-554-0702,現存,○,,132.2900925,34.27102165
居宅介護支援,安佐南区,3470213392,株式会社ＢａｎＳｏｗ,居宅介護支援事業所ＢａｎＳｏｗ,731-0111,広島市安佐南区東野二丁目２９－１２－３藤田荘１０１号,090-3172-5527,082-553-0235,現存,○,,132.2853164,34.26532103
居宅介護支援,安佐南区,3470211784,富士メディカル株式会社,メリィケアプランセンター八木,731-0101,広島市安佐南区八木一丁目１９番１号,082-836-6031,082-836-6034,休止,○,,132.2931025,34.28359578
居宅介護支援,安佐南区,3470200647,医療法人社団恵愛会,希望の園居宅介護支援事業所,731-0101,広島市安佐南区八木五丁目１６番２号,082-873-7076,082-873-5887,現存,○,,132.3009834,34.29000341
居宅介護支援,安佐南区,3470200407,一般社団法人安佐医師会,安佐医師会居宅介護支援事業所,731-0101,広島市安佐南区八木五丁目３５番２号,082-836-7588,082-873-8555,現存,○,,132.3011599,34.29035025
居宅介護支援,安佐南区,3470200357,社会福祉法人和楽会,居宅介護センター和楽荘,731-3169,広島市安佐南区伴西五丁目１４３２番地１,082-848-5221,082-848-4579,現存,○,,132.2233007,34.27343606
居宅介護支援,安佐南区,3470214887,株式会社SOCサポート,居宅介護支援事業所シェアハピネス,731-3165,広島市安佐南区伴中央二丁目８番１３号１０３号,082-836-7770,082-836-7775,現存,○,,132.2406695,34.27453699
居宅介護支援,安佐南区,3470212337,有限会社ファミリーケア,ファミリーケア居宅介護支援事業所,731-3165,広島市安佐南区伴中央六丁目１６番４４－３号,082-555-8866,082-849-4116,現存,○,,132.2418042,34.27160455
居宅介護支援,安佐南区,3470200381,医療法人信愛会,信愛会居宅介護支援事業所,731-3164,広島市安佐南区伴東五丁目８番２４号,082-209-8080,082-848-8868,現存,○,,132.2528094,34.28035613
居宅介護支援,安佐南区,3470212576,トラパンダ合同会社,トラパンダ居宅介護支援事業所,731-3164,広島市安佐南区伴東七丁目４１番１２号,082-849-4515,082-849-4516,現存,○,,132.2451106,34.27475073
居宅介護支援,安佐南区,3470215942,株式会社絆,居宅介護支援事業所絆,731-3164,広島市安佐南区伴東七丁目55番９号,082-209-3120,082-209-3127,現存,○,,132.2445743,34.27463392
居宅介護支援,安佐南区,3470212329,社会福祉法人広島良城会,ゆうあい居宅介護支援事業所,731-3164,広島市安佐南区伴東二丁目３０番１１号,082-848-2639,082-848-7333,現存,○,,132.2455878,34.28299559
居宅介護支援,安佐南区,3470215223,株式会社ケアサポートあかつき,居宅介護支援事業所あかつき,731-3163,広島市安佐南区伴北七丁目26番22号,080-7610-1084,050-3535-6938,現存,○,,132.2417025,34.28590065
居宅介護支援,安佐南区,3470213715,社会福祉法人ぐくる,居宅介護支援事業所若葉台,731-3163,広島市安佐南区伴北七丁目３２番２７号,082-849-0861,082-848-5078,現存,○,,132.2411924,34.29055682
居宅介護支援,安佐南区,3470200050,医療法人あすか,あすか居宅介護支援事業所,731-0103,広島市安佐南区緑井三丁目２０番１－１０３号,082-830-5177,082-830-5327,現存,○,,132.2814403,34.28068458
居宅介護支援,安佐南区,3470214358,株式会社フォレストプラン,てるてるぼうずケアセンター,731-0103,広島市安佐南区緑井二丁目５番２１号倉西コーポ２０１号室,082-962-9258,082-962-9259,現存,○,,132.2825019,34.2802823
居宅介護支援,安佐南区,3470211842,医療法人サカもみの木会,サカ緑井病院居宅介護支援事業所,731-0103,広島市安佐南区緑井六丁目３５番１７号サカ緑井介護センター内,082-879-0133,082-879-0121,現存,○,,132.2852142,34.28205444
居宅介護支援,安佐北区,3470107768,有限会社平野,居宅介護支援事業所ファミリー,731-3361,広島市安佐北区あさひが丘一丁目１番８号,082-838-4183,082-838-2600,現存,○,,132.2630799,34.30032604
居宅介護支援,安佐北区,3470110531,一般社団法人傾聴の家,森城ハウス居宅介護支援センター,731-3363,広島市安佐北区安佐町くすの木台１８番１５号,082-577-9417,082-577-9417,現存,○,,132.232566,34.30125923
居宅介護支援,安佐北区,3470100128,社会福祉法人あさ,みくに居宅介護支援事業所,731-3362,広島市安佐北区安佐町久地字日ノ浦３２４０番地６５,082-837-2018,082-837-2288,現存,○,,132.2423424,34.31207462
居宅介護支援,安佐北区,3470100078,社会福祉法人ＩＧＬ学園福祉会,ＩＧＬ居宅介護支援事業所ゆうゆう,731-3352,広島市安佐北区安佐町後山１２４１５番地５,082-838-3339,082-838-3444,現存,○,,132.2649438,34.30321792
居宅介護支援,安佐北区,3470104914,有限会社２１,居宅介護支援事業所飯室２１,731-1142,広島市安佐北区安佐町飯室１６６５番地３,082-810-2105,082-810-2158,現存,○,,132.26476,34.33074586
居宅介護支援,安佐北区,3470100474,医療法人社団花水木会,花水木会居宅介護支援事業所,731-1141,広島市安佐北区安佐町鈴張２０１３番地の１,082-835-0260,082-810-2256,休止,○,,132.2722172,34.34552015
居宅介護支援,安佐北区,3470109467,社会福祉法人ひろしま四季の会,居宅介護支援事業所こころ,731-1141,広島市安佐北区安佐町鈴張２６８８番地,082-554-8600,082-554-8601,現存,○,,132.2716989,34.34456361
居宅介護支援,安佐北区,3470100524,医療法人秀仁会,居宅介護支援センター菜の花,731-0221,広島市安佐北区可部五丁目４番１９－３号,082-814-2001,082-819-1140,現存,○,,132.3033953,34.31171749
居宅介護支援,安佐北区,3470100177,医療法人社団恵正会,にのみや居宅介護支援事業所,731-0221,広島市安佐北区可部五丁目９番３号,082-819-1217,082-819-1218,現存,○,,132.3030391,34.31166437
居宅介護支援,安佐北区,3470104997,社会福祉法人フェニックス,居宅介護支援事業所かんべ村,731-0221,広島市安佐北区可部七丁目１３番１５－１－７号,082-812-3588,082-812-3589,現存,○,,132.3039456,34.31277285
居宅介護支援,安佐北区,3470100243,公益社団法人広島県看護協会,広島県看護協会居宅介護支援事業所「ひびき」,731-0223,広島市安佐北区可部南五丁目１１番７号,082-819-1782,082-810-0552,現存,○,,132.3049137,34.30217991
居宅介護支援,安佐北区,3470110515,株式会社ASA企画,アーサプランニング,731-0223,広島市安佐北区可部南五丁目３番８号,082-815-2335,082-577-8240,現存,○,,132.3041309,34.30370549
居宅介護支援,安佐北区,3470100144,医療法人長久堂野村病院,居宅介護支援事業所可部,731-0223,広島市安佐北区可部南四丁目１７番３０号,082-815-2884,082-815-7750,現存,○,,132.3045786,34.30181393
居宅介護支援,安佐北区,3470107958,社会福祉法人広島県同胞援護財団,居宅介護支援事業所可部南静養園,731-0223,広島市安佐北区可部南二丁目１９番３３号,082-562-2603,082-819-2155,現存,○,,132.3108831,34.30036024
居宅介護支援,安佐北区,3470108279,日本基準寝具株式会社,エコール居宅介護支援事業所安佐北,739-1742,広島市安佐北区亀崎一丁目２番３３号,082-841-4551,082-841-4541,現存,○,,132.3125219,34.28537942
居宅介護支援,安佐北区,3470110135,アイ・ナーシング株式会社,あい居宅介護支援事業所,739-1742,広島市安佐北区亀崎一丁目２番４号高陽タウンセンタービル２階２号室,082-824-7472,082-824-7471,現存,○,,132.3120563,34.28529973
居宅介護支援,安佐北区,3470100417,医療法人社団うすい会,さんさん居宅介護支援事業所,739-1742,広島市安佐北区亀崎四丁目７番１号,082-845-0210,082-841-1593,現存,○,,132.3134332,34.28562081
居宅介護支援,安佐北区,3470109244,社会福祉法人かつぎ会,ケアプランセンター亀山の里,731-0231,広島市安佐北区亀山九丁目１０番２５号,082-819-3355,082-819-3356,現存,○,,132.2849884,34.3206104
居宅介護支援,安佐北区,3470101696,有限会社かざぐるま,かざぐるま居宅介護支援事業所,731-0231,広島市安佐北区亀山三丁目１４番２０号まちづくり四日市役場内別棟,082-847-2960,082-847-2961,現存,○,,132.3019161,34.3113507
居宅介護支援,安佐北区,3470215728,Common株式会社,リベロ居宅介護支援事業所,731-0231,広島市安佐北区亀山七丁目１２番８号,082-554-6288,082-881-9552,現存,○,,132.2915581,34.31447673
居宅介護支援,安佐北区,3470106141,医療法人社団きらら友正会,居宅介護支援事業所きらら,731-0233,広島市安佐北区亀山西一丁目２番１号,082-819-1221,082-815-1038,現存,○,,132.283296,34.32046898
居宅介護支援,安佐北区,3470100631,医療法人社団博寿会,医療法人社団博寿会山下医院ほほえみ居宅介護支援事業所,739-1734,広島市安佐北区口田一丁目１５番１０号,082-843-1017,082-843-1019,現存,○,,132.2943007,34.27420265
居宅介護支援,安佐北区,3470108949,株式会社たなか福祉サービス,いろは,739-1734,広島市安佐北区口田三丁目１６番１４号,082-516-7876,082-516-7878,現存,○,,132.3006262,34.28045832
居宅介護支援,安佐北区,3470105663,サンキ・ウエルビィ株式会社,サンキ・ウエルビィ介護センター高陽,739-1734,広島市安佐北区口田三丁目３２番２号,082-841-0080,082-841-0081,現存,○,,132.300779,34.27536937
居宅介護支援,安佐北区,3470103825,医療法人おきた内科クリニック,居宅介護支援事業所サンバリー高陽,739-1734,広島市安佐北区口田四丁目２０番１３号,082-841-0036,082-841-0056,休止,○,,132.3023643,34.28073761
居宅介護支援,安佐北区,3470108428,社会福祉法人信々会,くちた園居宅介護支援事業所,739-1733,広島市安佐北区口田南一丁目９番８号,082-516-4165,082-516-6541,現存,○,,132.2930301,34.27163101
居宅介護支援,安佐北区,3470106935,生活協同組合ひろしま,生協ひろしま居宅介護支援事業所・安佐北,739-1733,広島市安佐北区口田南八丁目１番３号,082-841-2255,082-845-3211,現存,○,,132.3023679,34.27590879
居宅介護支援,安佐北区,3470109855,株式会社トラスティサポート,サポートセンターとらいあんぐる,739-1733,広島市安佐北区口田南八丁目４３番２号,082-843-0111,082-553-0667,現存,○,,132.3019305,34.27394883
居宅介護支援,安佐北区,3470108956,株式会社希翼,居宅介護支援事業所絵手がみ,731-0211,広島市安佐北区三入一丁目８番４号,082-818-3272,082-818-3278,休止,○,,132.3116229,34.32080724
居宅介護支援,安佐北区,3470100441,医療法人ひまわり会,桐陽台医院居宅介護支援事業所,731-0212,広島市安佐北区三入東一丁目３０番２１号,082-818-1116,082-818-1120,現存,○,,132.3230498,34.3205546
居宅介護支援,安佐北区,3470100292,医療法人社団あと会,ふかわ・くにくさ居宅介護支援事業所,739-1752,広島市安佐北区上深川町１８６番地１,082-840-3840,082-840-3666,現存,○,,132.3309646,34.28239395
居宅介護支援,安佐北区,3470100607,社会福祉法人三篠会,居宅介護支援事業所リアライヴ高陽,739-1741,広島市安佐北区真亀一丁目1番８号,082-843-3223,082-516-7600,現存,○,,132.3112283,34.28537353
居宅介護支援,安佐北区,3470102942,社会福祉法人可部大文字会,居宅介護支援事業所山まゆ,731-0202,広島市安佐北区大林町字根谷１６２番地の２,082-818-6011,082-818-6066,現存,○,,132.3345057,34.3416313
居宅介護支援,安佐北区,3470100599,社会福祉法人三篠会,居宅介護支援事業所白木ツジマチ,739-1412,広島市安佐北区白木町小越２１８番２,082-828-7191,082-516-5605,現存,○,,132.4015695,34.32156158
居宅介護支援,安佐北区,3470100540,医療法人社団緑雨会,高陽第一診療所居宅介護支援事業所,739-1731,広島市安佐北区落合一丁目１４番１３号,082-845-1771,082-845-7045,現存,○,,132.3038236,34.28214335
居宅介護支援,安佐北区,3470103080,社会福祉法人正仁会,なごみの郷居宅介護支援事業所,739-1731,広島市安佐北区落合五丁目２５番８号,082-841-1334,082-841-1336,現存,○,,132.3110123,34.28358544
居宅介護支援,安佐北区,3470110069,株式会社麒麟,かめ在宅支援,739-1731,広島市安佐北区落合五丁目３０番１１号,082-576-3807,082-847-5092,現存,○,,132.3125048,34.28361867
居宅介護支援,安佐北区,3470109954,社会福祉法人あと会,高陽・くにくさ居宅介護支援事業所,739-1732,広島市安佐北区落合南一丁目１１番１６－１０１号,082-516-6005,082-516-6010,現存,○,,132.3025491,34.28023962
居宅介護支援,安佐北区,3470110572,リボーン株式会社,ケアプランセンターみやび,739-1731,広島市安佐北区落合二丁目１３番１１－１０２号,090-4780-1773,082-530-7505,現存,○,,132.3026669,34.28517034
居宅介護支援,安佐北区,3470104245,株式会社ニチイ学館,ニチイケアセンター高陽,739-1731,広島市安佐北区落合二丁目１番１８号,082-841-4755,082-843-1845,現存,○,,132.3047671,34.29035033
居宅介護支援,安芸区,3470100268,社会福祉法人あと会,くにくさ居宅介護支援事業所,731-4231,広島市安芸区阿戸町４１８番地の１,082-856-0360,082-856-0115,現存,○,,132.3726793,34.22249147
居宅介護支援,安芸区,3470109541,医療法人松栄会,ひびき居宅介護支援事業所,739-0311,広島市安芸区瀬野四丁目１６４１番地１,082-894-3343,082-894-3338,現存,○,,132.3611877,34.25297382
居宅介護支援,安芸区,3470101704,サンキ・ウエルビィ株式会社,サンキ・ウエルビィ介護センター安芸,736-0082,広島市安芸区船越南三丁目２５番３８号,082-821-0250,082-821-0251,現存,○,,132.3136481,34.22149046
居宅介護支援,安芸区,3470103254,医療法人社団恵宣会,あき居宅介護支援事業所,736-0082,広島市安芸区船越南三丁目７番１２号,082-822-0753,082-821-2753,現存,○,,132.3124459,34.22124946
居宅介護支援,安芸区,3470110663,合同会社安芸事務所,船越居宅介護支援事業所,736-0082,広島市安芸区船越南三丁目８番2-317号,082-573-5488,082-573-5488,現存,○,,132.3119358,34.22131234
居宅介護支援,安芸区,3470106182,株式会社ニックス,ニックス安芸居宅介護支援事業所,736-0082,広島市安芸区船越南二丁目６番６号,082-821-1333,082-821-2206,休止,○,,132.3117487,34.22248721
居宅介護支援,安芸区,3470102595,医療法人社団泰山会,泰山会居宅介護支援事業所,736-0081,広島市安芸区船越六丁目２番１３号,082-824-1175,082-824-1176,現存,○,,132.3146773,34.22296333
居宅介護支援,安芸区,3470110176,医療法人社団長寿会,はたのリハビリふるさと居宅介護支援事業所,739-0321,広島市安芸区中野七丁目２１番１８号,082-820-3322,082-820-3323,現存,○,,132.353488,34.25234333
居宅介護支援,安芸区,3470108147,医療法人社団白寿会,居宅介護支援事業所しらゆり,739-0323,広島市安芸区中野東一丁目２１番２９号,082-892-1500,082-893-3957,現存,○,,132.3340551,34.2308388
居宅介護支援,安芸区,3470103387,医療法人せのがわ,居宅介護支援事業所ビジテ,739-0323,広島市安芸区中野東四丁目８番１号,082-820-2153,082-892-0010,現存,○,,132.3430654,34.23505583
居宅介護支援,安芸区,3470100193,医療法人社団長寿会,はたのリハビリ居宅介護支援事業所,739-0323,広島市安芸区中野東六丁目３番３６号,082-892-2350,082-892-4000,現存,○,,132.3458733,34.24110337
居宅介護支援,安芸区,3470100581,社会福祉法人慈楽福祉会,瀬野川居宅介護支援事業所,739-0321,広島市安芸区中野二丁目１５番７号,082-893-0577,082-893-0522,現存,○,,132.3340875,34.2324086
居宅介護支援,安芸区,3470106588,Ｔ＆Ｔネットワーク株式会社,居宅介護支援事業所中野,739-0321,広島市安芸区中野二丁目３番１１号１階,082-820-2202,082-820-2212,現存,○,,132.3345456,34.23262384
居宅介護支援,安芸区,3470109350,社会福祉法人香南会,居宅介護支援事業所蒼,736-0085,広島市安芸区矢野西三丁目１番１１号,082-516-5793,082-554-8951,現存,○,,132.3130028,34.20547429
居宅介護支援,安芸区,3470105580,ほほえみ株式会社,ほほえみ安芸路居宅介護支援事業所,736-0083,広島市安芸区矢野東五丁目７番２３号,082-888-3232,082-888-6969,現存,○,,132.3216991,34.21129487
居宅介護支援,安芸区,3470110655,あいりは株式会社,あいりは在宅相談室広島安芸,736-0083,広島市安芸区矢野東四丁目４番１８－１０３号,082-236-6377,082-562-2775,現存,○,,132.3218147,34.21181824
居宅介護支援,安芸区,3470102017,医療法人あかね会,土谷居宅介護支援事業所矢野,736-0083,広島市安芸区矢野東二丁目３０番２４号,082-820-4835,082-820-4826,現存,○,,132.3211534,34.21193383
居宅介護支援,安芸区,3470105598,医療法人福樹会,居宅介護支援事業所「やすらぎ」,736-0083,広島市安芸区矢野東二丁目３１番１１号,082-820-4678,082-888-1161,休止,○,,132.3208722,34.21198421
居宅介護支援,佐伯区,3470214523,株式会社やさしい手,やさしい手五日市居宅介護支援事業所,731-5133,広島市佐伯区旭園３番３５－４０２号ＩＢビル,050-1753-6388,,現存,○,,132.2201187,34.21562182
居宅介護支援,佐伯区,3470200712,有限会社すみれ,居宅介護支援事業所すみれ,731-5135,広島市佐伯区海老園二丁目１０番２号,082-943-7578,082-943-3920,休止,○,,132.2144254,34.21509724
居宅介護支援,佐伯区,3470210497,オフィスたいよう合同会社,オフィスたいよう広島西,731-5134,広島市佐伯区海老山町５番１２号コスミック２０２号室,082-925-5505,082-925-5506,現存,○,,132.2155148,34.2155019
居宅介護支援,佐伯区,3470200472,医療法人社団一陽会,クローバー居宅介護支援事業所,731-5134,広島市佐伯区海老山町７番１０号,082-925-6221,082-925-6223,現存,○,,132.2152222,34.21509452
居宅介護支援,佐伯区,3470212832,合同会社アルパカサポート,アルパカ居宅介護支援事業所,731-5124,広島市佐伯区皆賀一丁目１３番１４－１号,082-576-6356,082-553-0330,現存,○,,132.2212101,34.22143062
居宅介護支援,佐伯区,3470216007,合同会社Ｋａｌｅｌｅ,ゆいまーる佐伯ケアプランセンター,731-5124,広島市佐伯区皆賀四丁目１９番５２号ウエストコート２０３号室,070-6697-0602,,現存,○,,132.2149744,34.22340106
居宅介護支援,佐伯区,3470204623,株式会社不二ビルサービス,ふじ五日市居宅介護支援事業所,731-5136,広島市佐伯区楽々園三丁目５番２８号楽々園Ｎビル１０３号,082-533-8963,082-943-8967,現存,○,,132.2116719,34.21492923
居宅介護支援,佐伯区,3470200134,医療法人松村循環器・外科医院,まつむら居宅介護支援事業所,731-5136,広島市佐伯区楽々園二丁目２番１９号,082-921-0434,082-921-0402,現存,○,,132.2100749,34.21498857
居宅介護支援,佐伯区,3470207329,株式会社クォーレ,居宅介護支援事業所「クォーレ」,731-5157,広島市佐伯区観音台二丁目３０番６号,082-943-9090,082-943-9099,現存,○,,132.2053329,34.23024474
居宅介護支援,佐伯区,3470200399,社会福祉法人平和会,居宅介護支援事業所やすらぎの里,731-5101,広島市佐伯区五月が丘四丁目１５番６号,082-941-7477,082-941-2906,現存,○,,132.2412923,34.25525941
居宅介護支援,佐伯区,3470210091,株式会社ネクサス,居宅介護支援事業所キララ五日市,731-5125,広島市佐伯区五日市駅前一丁目１１番５号,082-943-4197,082-943-4198,休止,○,,132.2200879,34.22015145
居宅介護支援,佐伯区,3470216056,株式会社Cure＆Care,居宅介護支援事業所ケアの実,731-5125,広島市佐伯区五日市駅前三丁目１０番１０号寿ビル３０１,082-299-8152,082-299-8153,現存,○,,132.2207582,34.221224
居宅介護支援,佐伯区,3470211123,有限会社セカンド,ほがらか居宅介護支援事業所,731-5127,広島市佐伯区五日市七丁目１４番１０号,082-923-9771,082-943-6322,現存,○,,132.2137651,34.22318153
居宅介護支援,佐伯区,3470213012,株式会社ｓｅｅｄ－ｆａｉｔｈ,シードフェイス・ケアサポート,731-5128,広島市佐伯区五日市中央五丁目１０番２４－２０１号,082-961-6677,082-299-8820,現存,○,,132.2111178,34.22316468
居宅介護支援,佐伯区,3470215363,Ｃｏｍｍｏｎ株式会社,コモン居宅介護支援事業所五日市,731-5128,広島市佐伯区五日市中央三丁目１番５号,082-961-3196,082-961-3510,現存,○,,132.2114439,34.22145082
居宅介護支援,佐伯区,3470212469,有限会社ピースフル,居宅介護支援事業所はなみずき,731-5128,広島市佐伯区五日市中央三丁目４番９－１０３号,082-961-3020,082-533-8819,現存,○,,132.2110853,34.22131802
居宅介護支援,佐伯区,3470207626,株式会社ピースオブマインド,ポム居宅介護支援事業所,731-5128,広島市佐伯区五日市中央四丁目２番１９号,082-961-3164,082-961-3165,現存,○,,132.2122211,34.22187852
居宅介護支援,佐伯区,3470209234,株式会社ニチイ学館,ニチイケアセンター五日市中央,731-5128,広島市佐伯区五日市中央二丁目７番２１号,082-943-4583,082-943-4589,現存,○,,132.211338,34.22064739
居宅介護支援,佐伯区,3470200167,医療法人和同会,居宅介護支援事業所なごみ,731-5152,広島市佐伯区五日市町下河内１８８番地の６,082-929-0753,082-927-2229,現存,○,,132.2112163,34.24277854
居宅介護支援,佐伯区,3470206941,社会福祉法人広島博愛会,あかり園居宅介護支援事業所,731-5152,広島市佐伯区五日市町下河内５９１番地の１,082-927-0011,082-927-6000,現存,○,,132.2109238,34.24303866
居宅介護支援,佐伯区,3470202809,社会福祉法人三篠会,居宅介護支援事業所鈴が峰,731-5122,広島市佐伯区五日市町皆賀１０４番２７,082-943-8888,082-924-9032,現存,○,,132.2220531,34.22524974
居宅介護支援,佐伯区,3470200605,社会福祉法人慈光会,石内慈光園居宅介護支援事業所,731-5102,広島市佐伯区五日市町石内６４０５番地の１,082-926-0066,082-929-0200,現存,○,,132.2204865,34.24138589
居宅介護支援,佐伯区,3470210570,株式会社ニックス,ニックス佐伯居宅介護支援事業所,731-5144,広島市佐伯区三筋一丁目９ー３,082-942-1112,082-923-9003,現存,○,,132.2048556,34.21548458
居宅介護支援,佐伯区,3470200415,社会福祉法人双樹会,陽光の家居宅介護支援事業所,731-5143,広島市佐伯区三宅六丁目１０５番地,082-921-7388,082-921-6651,現存,○,,132.2009902,34.2248128
居宅介護支援,佐伯区,3470200522,医療法人社団朋和会,居宅介護センターとも,731-5143,広島市佐伯区三宅六丁目２６５番地,082-921-8611,082-921-3292,現存,○,,132.2022251,34.22417775
居宅介護支援,佐伯区,3470208434,サンキ・ウエルビィ株式会社,サンキ・ウエルビィ介護センター佐伯,731-5155,広島市佐伯区城山一丁目３番８－１号,082-942-3270,082-924-8030,現存,○,,132.2119978,34.23084356
居宅介護支援,佐伯区,3470200100,広島中央保健生活協同組合,コープ五日市居宅介護支援事業所,731-5141,広島市佐伯区千同一丁目２１番１６号,082-943-6511,082-943-6510,現存,○,,132.2107061,34.22369625
居宅介護支援,佐伯区,3470215462,株式会社Shine,介護相談室かがやき西,731-5141,広島市佐伯区千同二丁目１４番１５－１０１号,082-554-5026,082-554-5027,現存,○,,132.2112643,34.22406692
居宅介護支援,佐伯区,3470215918,社会医療法人清風会,居宅介護支援事業所清風五日市記念病院,731-5156,広島市佐伯区倉重一丁目９５番地,082-922-0012,082-943-7728,現存,○,,132.2106495,34.22598972
居宅介護支援,佐伯区,3470215694,社会福祉法人かきつばた福祉会,いつかいち福寿苑居宅介護支援事業所,731-5142,広島市佐伯区坪井一丁目３１番７号,082-943-2110,082-943-2115,現存,○,,132.2103679,34.22303148
居宅介護支援,佐伯区,3470213210,医療法人社団盛友会,林クリニック居宅介護支援事業所,738-0603,広島市佐伯区湯来町下９８７番地,0826-23-0005,0826-23-0338,現存,○,,132.2051197,34.33061372
居宅介護支援,佐伯区,3473300113,社会福祉法人芸南福祉会,居宅介護支援事業所ゆり,738-0512,広島市佐伯区湯来町白砂８２番地の４,0829-86-1536,0829-86-1537,現存,○,,132.170121,34.24513723
居宅介護支援,佐伯区,3470206289,医療法人松村循環器・外科医院,湯来まつむら居宅介護支援事業所,738-0512,広島市佐伯区湯来町白砂棡曽利５９０番,0829-40-5606,0829-40-5222,現存,○,,132.1718044,34.25166663
居宅介護支援,佐伯区,3470212865,株式会社ウェブ・エージェンシー,ケアプランセンターi・ケアゆき,738-0513,広島市佐伯区湯来町伏谷乙１３６１番地,0829-40-5131,0829-86-2988,現存,○,,132.1717969,34.27007911
居宅介護支援,佐伯区,3473300733,特定非営利活動法人サンピアゆき,湯来町居宅介護支援事業所,738-0601,広島市佐伯区湯来町和田３３３番地広島市湯来福祉会館内,0829-83-0858,0829-83-0195,現存,○,,132.16411,34.2927614
居宅介護支援,佐伯区,3470207519,社会福祉法人平和会,居宅介護支援事業所ふじの木,731-5103,広島市佐伯区藤の木１５７番地２１,082-929-6033,082-929-6023,現存,○,,132.2142703,34.25084187
居宅介護支援,佐伯区,3470202460,生活協同組合ひろしま,生協ひろしま居宅介護支援事業所・広島西,731-5116,広島市佐伯区八幡一丁目２１番２４号,082-926-2170,082-926-2171,現存,○,,132.2123084,34.23127477
居宅介護支援,佐伯区,3470211206,ほほえみ株式会社,ほほえみ広島西居宅介護支援事業所,731-5115,広島市佐伯区八幡東四丁目２６番１１号,082-926-4688,082-929-2090,現存,○,,132.2155116,34.23399757
居宅介護支援,佐伯区,3470214366,医療法人和光,和光居宅介護支援センター,731-5115,広島市佐伯区八幡東二丁目２８番８－７号,082-299-4055,082-929-1005,現存,○,,132.2135426,34.23017532
居宅介護支援,佐伯区,3470202163,医療法人あかね会,土谷居宅介護支援事業所佐伯,731-5137,広島市佐伯区美の里一丁目４番２１号,082-925-1550,082-925-0772,現存,○,,132.2050712,34.21383554
居宅介護支援,佐伯区,3470213988,医療法人社団伯瑛会,のぞみ整形外科ヒロシマ居宅介護支援事業所,731-5106,広島市佐伯区利松三丁目６番３０号,082-929-0009,082-927-1155,現存,○,,132.2156897,34.24013288
介護予防支援,中区,3400200014,社会福祉法人福祉広医会,広島市基町地域包括支援センター指定介護予防支援事業所,730-0011,広島市中区基町１９番２－４２５号,082-502-7955,082-502-7966,現存,,○,132.2722816,34.24149297
介護予防支援,中区,3470212436,オフィスたいよう合同会社,オフィスたいよう広島中央,730-0015,広島市中区橋本町１０番１号４F,082-511-0577,,現存,,○,132.2806716,34.23363607
介護予防支援,中区,3400200048,医療法人あかね会,広島市吉島地域包括支援センター,730-0825,広島市中区光南一丁目４番６号,082-545-1123,082-545-1124,現存,,○,132.2650411,34.22062468
介護予防支援,中区,3400200055,社会福祉法人福祉広医会,広島市江波地域包括支援センター指定介護予防支援事業所,730-0834,広島市中区江波二本松二丁目６番２７号,082-296-4833,082-533-7100,現存,,○,132.2552243,34.22030507
介護予防支援,中区,3400200030,医療法人翠清会,広島市国泰寺地域包括支援センター,730-0046,広島市中区昭和町１２番２号,082-249-0600,082-544-1456,現存,,○,132.2752519,34.22558724
介護予防支援,中区,3400200022,公益社団法人広島県看護協会,広島市幟町地域包括支援センター,730-0004,広島市中区東白島町１３番２６号,082-222-6608,082-222-6609,現存,,○,132.2748634,34.24194145
介護予防支援,中区,3470207071,株式会社ニックス,ニックス中居宅介護支援事業所,730-0003,広島市中区白島九軒町６番１５号むねまさビル２０２号室,082-511-0294,082-511-5788,現存,,○,132.2756515,34.24266211
介護予防支援,東区,3400100032,社会福祉法人うすい会広島光明学園,広島市牛田・早稲田地域包括支援センター,732-0066,広島市東区牛田本町五丁目１番２号７階,082-228-2033,082-221-7675,現存,,○,132.2806365,34.24500762
介護予防支援,東区,3400100024,社会福祉法人藤田長生会,広島市戸坂地域包括支援センター,732-0003,広島市東区戸坂中町２番２９号,082-516-0051,082-516-0052,現存,,○,132.2912075,34.26103047
介護予防支援,東区,3400100040,社会福祉法人寿老園老人ホーム,広島市二葉地域包括支援センター,732-0053,広島市東区若草町１０番１４号はらだビル２階,082-263-3864,082-263-3870,現存,,○,132.2846044,34.23520945
介護予防支援,東区,3400100016,医療法人たかまさ会,広島市福木・温品地域包括支援センター,732-0032,広島市東区上温品一丁目１１番２７－１０１号,082-280-2330,082-562-2333,現存,,○,132.3046695,34.25211511
介護予防支援,東区,3470103361,株式会社ニックス,ニックス東居宅介護支援事業所,732-0046,広島市東区尾長東二丁目７番２８号,082-569-5200,082-261-8001,現存,,○,132.2917632,34.23530092
介護予防支援,南区,3400100099,社会福祉法人広島和光園,広島市宇品・似島地域包括支援センター,734-0004,広島市南区宇品神田三丁目７番１５号,082-252-6456,082-252-6458,現存,,○,132.2751986,34.21496416
介護予防支援,南区,3400100073,社会福祉法人光清学園,広島市翠町地域包括支援センター,734-0001,広島市南区出汐二丁目３番４６号,082-252-5500,082-252-5530,現存,,○,132.2832939,34.22320366
介護予防支援,南区,3400100057,社会福祉法人三篠会,広島市大州地域包括支援センター,732-0802,広島市南区大州一丁目１番２６号,082-581-6025,082-581-6026,現存,,○,132.2928898,34.23163337
介護予防支援,南区,3400100065,社会福祉法人広島常光福祉会,広島市段原地域包括支援センター,732-0814,広島市南区段原南一丁目３番５２号広島段原ショッピングセンター内２階,082-261-8588,082-261-8688,現存,,○,132.2833742,34.23066068
介護予防支援,南区,3400100081,医療法人社団広島厚生会,広島市仁保・楠那地域包括支援センター,734-0025,広島市南区東本浦町２６番８号２階,082-286-6112,082-298-2234,現存,,○,132.29355,34.22267027
介護予防支援,南区,3470104385,有限会社開花,居宅介護支援事業所羽ばたき,734-0052,広島市南区堀越三丁目１１番１－１０１号,082-288-6251,082-284-7477,現存,,○,132.3043635,34.22205789
介護予防支援,西区,3400200105,社会福祉法人広島県同胞援護財団,広島市井口台・井口地域包括支援センター,733-0842,広島市西区井口二丁目５番１９号,082-501-6681,082-276-5541,現存,,○,132.2310465,34.22204355
介護予防支援,西区,3400200071,広島中央保健生活協同組合,広島市観音地域包括支援センター,733-0031,広島市西区観音町１６番１９号,082-292-3582,082-292-3172,現存,,○,132.2613547,34.23403548
介護予防支援,西区,3400200097,社会福祉法人広島県同胞援護財団,広島市古田地域包括支援センター,733-0872,広島市西区古江東町５番３号,082-272-5173,082-272-5186,現存,,○,132.2439565,34.23104596
介護予防支援,西区,3400200089,社会福祉法人はばたきの里,広島市己斐・己斐上地域包括支援センター,733-0812,広島市西区己斐本町二丁目７番１３号,082-275-0087,082-275-0070,現存,,○,132.2535224,34.2340578
介護予防支援,西区,3400200063,医療法人厚生堂,広島市中広地域包括支援センター,733-0003,広島市西区三篠町一丁目８番２１号,082-509-0288,082-230-8190,現存,,○,132.2704476,34.2441517
介護予防支援,西区,3400200238,社会福祉法人広島県同胞援護財団,広島市庚午地域包括支援センター,733-0861,広島市西区草津東二丁目８番５号,082-507-1210,082-271-3410,現存,,○,132.2424937,34.22543279
介護予防支援,安佐南区,3400200139,社会福祉法人慈光会,広島市高取北・安西地域包括支援センター,731-0144,広島市安佐南区高取北一丁目１７番４１号,082-878-9401,082-847-1475,現存,,○,132.2628638,34.2838481
介護予防支援,安佐南区,3400200154,社会福祉法人広島良城会,広島市祇園・長束地域包括支援センター,731-0137,広島市安佐南区山本一丁目４番２５号,082-875-0511,082-875-0513,現存,,○,132.2725849,34.26096503
介護予防支援,安佐南区,3400200121,広島医療生活協同組合,広島市安佐・安佐南地域包括支援センター,731-0121,広島市安佐南区中須二丁目１９番６号虹の会館３F,082-879-1876,082-879-7764,現存,,○,132.2831195,34.27403648
介護予防支援,安佐南区,3470216023,株式会社きわみ,居宅介護支援事業所きわみ,731-0112,広島市安佐南区東原三丁目１１番２－２０１号,082-555-6302,,現存,,○,132.2841337,34.26449376
介護予防支援,安佐南区,3400200246,社会福祉法人慈光会,広島市東原・祇園東地域包括支援センター,731-0112,広島市安佐南区東原三丁目１４番４号,082-850-2220,082-850-1107,現存,,○,132.2850864,34.26522611
介護予防支援,安佐南区,3470215637,一般社団法人あすなろ,居宅介護支援事業所みゆ,731-0111,広島市安佐南区東野三丁目２３番６号,082-554-0701,,現存,,○,132.2900925,34.27102165
介護予防支援,安佐南区,3400200162,社会福祉法人和楽会,広島市戸山・伴・大塚地域包括支援センター,731-3165,広島市安佐南区伴中央二丁目５番１２号,082-849-5860,082-849-5861,現存,,○,132.2417136,34.27365508
介護予防支援,安佐南区,3400200113,社会福祉法人楽友会,広島市城山北・城南地域包括支援センター,731-0103,広島市安佐南区緑井六丁目３７番５－１０２号,082-831-1157,082-876-1096,現存,,○,132.2852251,34.2818033
介護予防支援,安佐北区,3400100156,社会福祉法人ＩＧＬ学園福祉会,広島市清和・日浦地域包括支援センター,731-3361,広島市安佐北区あさひが丘三丁目１８番１３－７－１０１号,082-810-4688,082-810-4185,現存,,○,132.261168,34.30224101
介護予防支援,安佐北区,3470110531,一般社団法人傾聴の家,森城ハウス居宅介護支援センター,731-3363,広島市安佐北区安佐町くすの木台１８番１５号,082-577-9417,082-577-9417,現存,,○,132.232566,34.30125923
介護予防支援,安佐北区,3400100198,社会福祉法人三篠会,広島市高陽・亀崎・落合地域包括支援センター,739-1742,広島市安佐北区亀崎一丁目１番６号フジグラン高陽２階,082-841-5533,082-845-8811,現存,,○,132.3122653,34.28558408
介護予防支援,安佐北区,3400100149,社会福祉法人広島県同胞援護財団,広島市亀山地域包括支援センター,731-0231,広島市安佐北区亀山四丁目２番３６号,082-819-0771,082-814-0501,現存,,○,132.2951769,34.31308245
介護予防支援,安佐北区,3400100123,医療法人社団うすい会,広島市口田地域包括支援センター,739-1733,広島市安佐北区口田南七丁目１１番２２号,082-842-8818,082-842-8835,現存,,○,132.295124,34.27419564
介護予防支援,安佐北区,3400100131,社会福祉法人広島県同胞援護財団,広島市三入・可部地域包括支援センター,731-0211,広島市安佐北区三入五丁目１６番３１号,082-516-6611,082-516-6681,現存,,○,132.3151957,34.32280747
介護予防支援,安佐北区,3400100107,社会福祉法人三篠会,広島市白木地域包括支援センター,739-1412,広島市安佐北区白木町小越２１８番２,082-828-3361,082-828-7188,現存,,○,132.4015695,34.32156158
介護予防支援,安佐北区,3470100599,社会福祉法人三篠会,居宅介護支援事業所白木ツジマチ,739-1412,広島市安佐北区白木町小越２１８番２,082-828-7191,082-516-5605,現存,,○,132.4015695,34.32156158
介護予防支援,安芸区,3400100164,医療法人社団長寿会,広島市瀬野川東地域包括支援センター,739-0311,広島市安芸区瀬野二丁目１７番３３号,082-820-3711,082-554-5021,現存,,○,132.3536223,34.25219413
介護予防支援,安芸区,3400100172,社会福祉法人慈楽福祉会,広島市瀬野川・船越地域包括支援センター,739-0321,広島市安芸区中野二丁目１５番７号,082-893-1839,082-893-1866,現存,,○,132.3340875,34.2324086
介護予防支援,安芸区,3400100180,社会福祉法人あと会,広島市阿戸・矢野地域包括支援センター,736-0083,広島市安芸区矢野東六丁目２３番１５号,082-889-6605,082-889-5666,現存,,○,132.3219698,34.20407185
介護予防支援,佐伯区,3470210497,オフィスたいよう合同会社,オフィスたいよう広島西,731-5134,広島市佐伯区海老山町５番１２号コスミック２０２号室,082-925-5505,,現存,,○,132.2155148,34.2155019
介護予防支援,佐伯区,3400200220,社会福祉法人三篠会,広島市五日市南地域包括支援センター,731-5136,広島市佐伯区楽々園四丁目２番１９－１０１号,082-924-8051,082-924-8052,現存,,○,132.210494,34.21492647
介護予防支援,佐伯区,3470216056,株式会社Cure＆Care,居宅介護支援事業所ケアの実,731-5125,広島市佐伯区五日市駅前三丁目１０番１０号寿ビル３０１,082-299-8152,082-299-8153,現存,,○,132.2207582,34.221224
介護予防支援,佐伯区,3400200212,社会福祉法人三篠会,広島市五日市地域包括支援センター,731-5128,広島市佐伯区五日市中央二丁目４番４０号,082-924-0053,082-921-2865,現存,,○,132.2118032,34.22145552
介護予防支援,佐伯区,3400200196,社会福祉法人慈光会,広島市三和地域包括支援センター,731-5102,広島市佐伯区五日市町石内６４０５番地１,082-926-0025,082-929-0200,現存,,○,132.2204865,34.24138589
介護予防支援,佐伯区,3400200204,社会福祉法人双樹会,広島市城山・五日市観音地域包括支援センター,731-5141,広島市佐伯区千同一丁目３０番６号,082-924-7755,082-924-7761,現存,,○,132.2109877,34.22337129
介護予防支援,佐伯区,3470215918,社会医療法人清風会,居宅介護支援事業所清風五日市記念病院,731-5156,広島市佐伯区倉重一丁目９５番地,082-922-0012,082-943-7728,現存,,○,132.2106495,34.22598972
介護予防支援,佐伯区,3400200170,社会福祉法人芸南福祉会,広島市湯来・砂谷地域包括支援センター,738-0512,広島市佐伯区湯来町白砂８２番地の４,0829-86-1241,0829-86-1242,現存,,○,132.170121,34.24513723
介護予防支援,佐伯区,3400200188,社会福祉法人平和会,広島市五月が丘・美鈴が丘地域包括支援センター,731-5114,広島市佐伯区美鈴が丘西一丁目３番９号,082-208-5017,082-208-5018,現存,,○,132.2306162,34.23338648
訪問介護,中区,3470205562,株式会社広島厚生会,ホームヘルパーステーション広島萬象園,730-0814,広島市中区羽衣町１番２６号,082-246-3260,082-246-3263,現存,○,,132.2656226,34.22539999
訪問介護,中区,3470212352,株式会社ケア２１,ケア２１吉島通り,730-0814,広島市中区羽衣町１番３７号,082-545-1021,082-245-0721,現存,○,,132.2657538,34.22552811
訪問介護,中区,3470214903,ラルゴ合同会社,ヘルパーステーション藤の花,730-0856,広島市中区河原町１番２２－２０３号,082-533-7781,082-533-7781,現存,○,,132.2648804,34.23290666
訪問介護,中区,3470215157,株式会社Seiwa,ヘルパーステーションハピネス平和公園,730-0856,広島市中区河原町７番３１号,082-234-5517,082-234-5518,現存,○,,132.2649722,34.23223485
訪問介護,中区,3470203716,社会福祉法人福祉広医会,悠悠タウン基町ホームヘルプサービス,730-0011,広島市中区基町１９番２－４１６号,082-502-7557,082-502-7966,現存,○,,132.2722816,34.24149297
訪問介護,中区,3470207675,株式会社大地,ヘルパーステーション虹の橋,730-0823,広島市中区吉島西一丁目１８番１１－３０２号,082-504-6906,082-504-6907,現存,○,,132.264811,34.22264712
訪問介護,中区,3470209663,株式会社オムエル,オムエル吉島ヘルパーステーション,730-0823,広島市中区吉島西一丁目２４番３０号,082-545-0197,082-545-0196,現存,○,,132.2646485,34.22222997
訪問介護,中区,3470214713,株式会社NEWS,ニュース訪問介護事業所,730-0823,広島市中区吉島西一丁目７番２号,082-545-6688,082-545-6689,現存,○,,132.265227,34.22343572
訪問介護,中区,3470213954,社会福祉法人もみじ福祉会,もみじヘルパーステーション夢トピア,730-0823,広島市中区吉島西二丁目３番２０号,082-545-2800,082-545-2801,現存,○,,132.2641348,34.2233529
訪問介護,中区,3470213293,社会福祉法人広島聴覚障害者福祉会,ヘルパーステーション・アイラブ,730-0822,広島市中区吉島東一丁目２０番１９号２階,082-236-1327,082-236-1347,現存,○,,132.265445,34.22234795
訪問介護,中区,3470215736,株式会社 LaurelLife,GROWTH訪問介護事業所,730-0822,広島市中区吉島東三丁目１番１３号第１住田マンション１０１号室,082-258-6770,082-258-6771,現存,○,,132.2702758,34.22159063
訪問介護,中区,3470200829,医療法人あかね会,土谷ヘルパーステーション光南,730-0825,広島市中区光南一丁目４番６号,082-545-0311,082-545-0312,現存,○,,132.2650411,34.22062468
訪問介護,中区,3470211685,株式会社あいりす,ヘルパーステーションあいりす,730-0825,広島市中区光南二丁目１１番４号,082-542-1417,082-249-3242,現存,○,,132.2643826,34.22051686
訪問介護,中区,3470204664,有限会社アネシス,あっとほーむヘルパーステーション,730-0804,広島市中区広瀬町３番２９号,082-297-5350,082-297-5351,現存,○,,132.2644124,34.24023052
訪問介護,中区,3470203658,サンキ・ウエルビィ株式会社,サンキ・ウエルビィ介護センター中央,730-0804,広島市中区広瀬町５番２７号,082-503-0821,082-503-0822,現存,○,,132.2648256,34.23591024
訪問介護,中区,3470215587,株式会社second　house,訪問介護セカンドハウス十日市,730-0804,広島市中区広瀬町７番２３－１０１号,082-208-2111,082-208-2225,現存,○,,132.2646667,34.23579189
訪問介護,中区,3470204219,株式会社アイ・テック,株式会社アイ・テック介護サービスふれあい・広島中央事業所,730-0803,広島市中区広瀬北町４番９号グロワール広瀬３０３,082-503-7662,082-942-3266,現存,○,,132.2650545,34.24104917
訪問介護,中区,3470210794,株式会社ニチイ学館,ニチイケアセンター江波,730-0831,広島市中区江波西一丁目２８番１０号,082-297-8027,082-297-8028,現存,○,,132.2605703,34.22115492
訪問介護,中区,3470213665,株式会社慈莉庵,Ｓｍｉｌｅ,730-0831,広島市中区江波西二丁目8番12号,082-297-2580,082-291-1503,現存,○,,132.2547907,34.22089094
訪問介護,中区,3470213541,株式会社オフィス心絆,こころねヘルパーステーション,730-0835,広島市中区江波南三丁目12番8号コーポ原田201号,082-299-2130,,現存,○,,132.2552602,34.21479588
訪問介護,中区,3470207345,サンキ・ウエルビィ株式会社,サンキ・ウエルビィ介護センター江波,730-0834,広島市中区江波二本松一丁目１０番３号,082-503-5851,082-503-5852,現存,○,,132.2556887,34.22085381
訪問介護,中区,3470201785,有限会社ケアネット広島,有限会社ケアネット広島訪問介護事業所,730-0834,広島市中区江波二本松二丁目１番３号１階,082-231-2831,082-232-5320,現存,○,,132.2600133,34.22059095
訪問介護,中区,3470201348,社会福祉法人福祉広医会,悠悠タウン江波ホームヘルプサービス,730-0834,広島市中区江波二本松二丁目６番２７号,082-275-5800,082-533-7100,現存,○,,132.2552243,34.22030507
訪問介護,中区,3470204896,株式会社ニチイ学館,ニチイケアセンター舟入,730-0844,広島市中区舟入幸町８番１１号サンケイハイム１階,082-297-5332,082-296-3528,現存,○,,132.2634028,34.23007218
訪問介護,中区,3470210687,アイエルエス株式会社,ヘルパーステーションソレイユ舟入,730-0842,広島市中区舟入中町５番１１号,082-293-7853,082-293-7852,現存,○,,132.2629586,34.23132363
訪問介護,中区,3470215876,株式会社Ｌｉｆａｃｔ,訪問介護いちご,730-0841,広島市中区舟入町５－２５プレアール舟入４０２,080-1921-8166,,現存,○,,132.2640007,34.2328637
訪問介護,中区,3470214432,一般社団法人アライバルポイント,訪問介護事業所will×will,730-0841,広島市中区舟入町５番９号Ｓ・Ｋ舟入１０１号室,082-205-4622,082-205-9365,現存,○,,132.2640831,34.23262701
訪問介護,中区,3470213798,株式会社彩縁舎,エイトケアヘルパーステーション,730-0847,広島市中区舟入南２－１－７,082-961-4222,082-961-4223,現存,○,,132.2620302,34.22472541
訪問介護,中区,3470209697,社会福祉法人ＩＧＬ学園福祉会,ＩＧＬヘルパーステーションベルビュー広島,730-0847,広島市中区舟入南一丁目８番８号,082-235-3382,082-235-3384,現存,○,,132.2625576,34.22401141
訪問介護,中区,3470213632,株式会社Seiwa,ヘルパーステーションハピネス舟入,730-0847,広島市中区舟入南三丁目２番２５号,082-292-8817,082-292-8818,現存,○,,132.2614463,34.22418053
訪問介護,中区,3470207238,イベイション株式会社,みどりの風サービスセンター,730-0843,広島市中区舟入本町１６番１４号進藤ビル１階,082-503-7811,082-503-7812,現存,○,,132.2635281,34.2304905
訪問介護,中区,3470212394,株式会社ウェルプランニング,ケアチームあんず,730-0843,広島市中区舟入本町１８番１６号３Ｆ,082-532-3138,082-532-3139,現存,○,,132.263902,34.23038738
訪問介護,中区,3470215660,株式会社ＭＭＴ,ヘルパーステーションディア,730-0813,広島市中区住吉町１０－２正岡ビル１０３号,082-546-1244,082-546-1212,現存,○,,132.2659222,34.23002767
訪問介護,中区,3470207873,株式会社フロムワン,さやか訪問介護サービス,730-0813,広島市中区住吉町６番６号カーサ住吉１F,082-545-1084,082-545-1085,現存,○,,132.2652507,34.23024287
訪問介護,中区,3470210943,有限会社ゆうサービス,ゆう介護サービス,730-0805,広島市中区十日市町二丁目２番３４－３０３号,082-235-2121,082-235-2225,現存,○,,132.2654436,34.24029028
訪問介護,中区,3470207279,株式会社ウェルネット,やまびこ訪問介護事業所,730-0012,広島市中区上八丁堀８番１０号,082-211-0066,082-211-0076,現存,○,,132.2752404,34.23532921
訪問介護,中区,3470201702,有限会社共立ケアーサービス,（有）共立ケアーサービス,730-0014,広島市中区上幟町５番１９号,082-221-8644,082-223-8710,現存,○,,132.280429,34.23559484
訪問介護,中区,3470201983,医療法人社団つばさ会,横山内科クリニック訪問介護事業所,730-0806,広島市中区西十日市町１番１９号,082-295-8363,082-503-8030,現存,○,,132.2648389,34.23546537
訪問介護,中区,3470203070,有限会社めぐみ,めぐみ指定訪問介護事業所,730-0846,広島市中区西川口町４番３１号,082-532-6800,082-532-6801,現存,○,,132.2621735,34.22594836
訪問介護,中区,3470210471,ほほえみ株式会社,ほほえみヘルパーステーションエクセレント,730-0024,広島市中区西平塚町４番１５号,082-541-2525,082-541-2522,現存,○,,132.2803982,34.232112
訪問介護,中区,3470214549,株式会社second house,訪問介護　セカンドハウス千田,730-0052,広島市中区千田町一丁目２番11号２階,082-546-2525,082-546-2526,現存,○,,132.2719744,34.225502
訪問介護,中区,3470208616,株式会社ニチイ学館,ニチイケアセンター千田町,730-0052,広島市中区千田町二丁目７番８号大脇ビル１０１号,082-504-7014,082-247-6604,現存,○,,132.2716651,34.22413807
訪問介護,中区,3470213707,株式会社２Natural,シトラスホームケア,730-0051,広島市中区大手町五丁目１５番８号３階,082-545-2264,082-545-2265,現存,○,,132.2708424,34.22547736
訪問介護,中区,3470215256,SOMPOケア株式会社,SOMPOケア平和公園訪問介護,730-0051,広島市中区大手町三丁目１１番２０号,082-544-5016,,現存,○,,132.2706365,34.23136467
訪問介護,中区,3470210786,株式会社second house,訪問介護セカンドハウス,730-0004,広島市中区東白島町１５番８－３０１号,082-962-4848,082-962-4811,現存,○,,132.2754458,34.24172234
訪問介護,中区,3470200886,株式会社不二ビルサービス,ヘルパーステーションふじ白島,730-0004,広島市中区東白島町6番11号ホワイトハイツ１F,082-555-8908,082-227-1767,現存,○,,132.2753035,34.24227932
訪問介護,中区,3470214028,株式会社　ＩＬＣ,Ｉ．Ｌ．Ｃひろしま,730-0025,広島市中区東平塚町３番１０号,082-245-0011,082-245-0091,現存,○,,132.2803252,34.23176282
訪問介護,中区,3470214200,株式会社ツクイ,ツクイ広島,730-0049,広島市中区南竹屋町４番１７号,082-244-5070,082-244-5086,現存,○,,132.2737423,34.22533488
訪問介護,中区,3470202916,日本基準寝具株式会社,エコール在宅介護ステーション中央,730-0049,広島市中区南竹屋町７番８号,082-546-1325,082-546-1327,現存,○,,132.2737981,34.22498765
訪問介護,中区,3470215397,株式会社シンシード,ケアステーションあゆみ,730-0852,広島市中区猫屋町４番１７号,082-299-0728,082-942-3824,現存,○,,132.2651253,34.234303
訪問介護,中区,3470207063,株式会社ニックス,ニックス中訪問介護事業所,730-0003,広島市中区白島九軒町６番１５号むねまさビル２０２号室,082-511-0294,082-511-5788,現存,○,,132.2756515,34.24266211
訪問介護,中区,3470215983,合同会社MASA,白島訪問介護事業所りた,730-0001,広島市中区白島北町１０番１３－２０６号,080-6314-0288,,現存,○,,132.2748938,34.24322883
訪問介護,中区,3470208400,有限会社秋桜,在宅介護KOSUMOSU,730-0043,広島市中区富士見町４番２８－９０１号,082-246-5721,082-241-9164,現存,○,,132.2740043,34.23161433
訪問介護,中区,3470215314,株式会社マグネット,マグネット中,730-0043,広島市中区富士見町6番１－３０１号,082-258-2850,082-909-2990,休止,○,,132.2738555,34.2313538
訪問介護,中区,3470214283,株式会社土屋,ホームケア土屋広島,730-0044,広島市中区宝町５番１０号ウイング宝町サード１９０６号,050-3138-4009,050-6868-2631,現存,○,,132.2743898,34.23075154
訪問介護,中区,3470215595,株式会社yasashio,三ツ星ヘルパーステーション,730-0802,広島市中区本川町三丁目４番１２号,082-299-3490,082-208-0863,現存,○,,132.2701498,34.23559467
訪問介護,中区,3470200845,有限会社花の木会,訪問介護事業所花の木,730-0016,広島市中区幟町１４番２号ウエセン幟町１０１,082-212-4880,082-212-4890,現存,○,,132.2801978,34.23371534
訪問介護,東区,3470105234,日本基準寝具株式会社,エコール在宅介護ステーション東,732-0054,広島市東区愛宕町４－１－３０３,082-568-2203,082-568-2213,現存,○,,132.2900028,34.2349392
訪問介護,東区,3470110077,ＮＰＯ法人くるみ,訪問介護事業所くるみ,732-0033,広島市東区温品一丁目４番２０号,070-4010-5600,082-289-6268,現存,○,,132.3022953,34.24329835
訪問介護,東区,3470108550,株式会社サービスセンターめぐみ,ヘルパーステーションめぐみ,732-0033,広島市東区温品四丁目１５番６号向井コーポ２０４号,082-508-4277,082-508-4288,現存,○,,132.303485,34.24401316
訪問介護,東区,3470106109,有限会社リラックス,訪問介護事業所りらっくす東,732-0033,広島市東区温品四丁目４番１２号,082-824-8126,082-824-8127,現存,○,,132.3030096,34.24445763
訪問介護,東区,3470109087,株式会社H&K,あいゆうｻｰﾋﾞｽ,732-0033,広島市東区温品四丁目６番１１号,082-554-7755,082-554-7756,現存,○,,132.3027178,34.24429514
訪問介護,東区,3470107750,株式会社マーガレット,マーガレット訪問介護事業所,732-0033,広島市東区温品七丁目４番２４－１０３号,082-824-8612,082-824-8613,現存,○,,132.3035021,34.24596648
訪問介護,東区,3470108105,株式会社LILE THE STYLE,ヘルパーステーションおもてなし,732-0033,広島市東区温品二丁目８番２４－９号,082-289-0006,082-280-5525,現存,○,,132.3020047,34.24150593
訪問介護,東区,3470210315,特定非営利活動法人シンフォニー,どれみ訪問介護ステーション,732-0068,広島市東区牛田新町四丁目８番１７－２０４号,082-847-3903,082-847-3904,現存,○,,132.2826169,34.25491065
訪問介護,東区,3470109707,有限会社バースト,ヘルパーステーション早稲田,732-0062,広島市東区牛田早稲田二丁目７番１０号,082-554-1122,082-554-1155,現存,○,,132.2836683,34.24510611
訪問介護,東区,3470203963,有限会社ＹＷ,愛ヘルパーステーション,732-0064,広島市東区牛田南一丁目４番２号,082-247-1628,082-247-1635,現存,○,,132.2818432,34.24261686
訪問介護,東区,3470212162,一般社団法人協働,訪問介護事業所テレサ,732-0066,広島市東区牛田本町三丁目１－８いちはらビル２０２,082-207-4677,082-209-0120,現存,○,,132.2813951,34.24399601
訪問介護,東区,3470106208,医療法人社団聖愛会,医療法人社団聖愛会牛田クリニックヘルパーステーション,732-0066,広島市東区牛田本町三丁目６番４号,082-223-3116,082-223-3117,現存,○,,132.2810436,34.24350933
訪問介護,東区,3470104880,社会福祉法人うすい会広島光明学園,訪問介護ステーション光明,732-0066,広島市東区牛田本町六丁目１番１号,082-221-8628,082-221-8629,現存,○,,132.2805896,34.24513456
訪問介護,東区,3470109749,株式会社ニチイ学館,ニチイケアセンター戸坂,732-0002,広島市東区戸坂山根一丁目２４番１５号大下ビル１０１号,082-516-1115,082-229-7207,現存,○,,132.2920258,34.2601247
訪問介護,東区,3470110200,アニマグループ株式会社,アネスト広島訪問介護サービス,732-0016,広島市東区戸坂出江二丁目１０番２４号コーポブルーメ２０３号室,082-554-4680,082-554-7681,現存,○,,132.291809,34.2559005
訪問介護,東区,3470102041,医療法人あかね会,土谷ヘルパーステーション戸坂,732-0009,広島市東区戸坂千足二丁目７番１９号,082-502-5205,082-502-5206,現存,○,,132.2909391,34.26117537
訪問介護,東区,3470105259,社会福祉法人かきつばた福祉会,ヘルパーへさか福寿苑,732-0014,広島市東区戸坂大上一丁目５番１－８号,082-220-2110,082-220-2128,休止,○,,132.2923161,34.25396671
訪問介護,東区,3470110010,株式会社田中シーリング,ヘルパーステーションいち,732-0014,広島市東区戸坂大上四丁目２１番１８号,082-220-3553,082-220-3554,現存,○,,132.2944793,34.25270789
訪問介護,東区,3470110523,株式会社ＨＣＴ,ヘルパーステーションｓｏｒａ,732-0052,広島市東区光町二丁目５番７号第５光ビル２０１,082-569-5113,082-569-6505,現存,○,,132.2845204,34.24075264
訪問介護,東区,3470108501,株式会社曙光,ヘルパーステーションこうこう,732-0048,広島市東区山根町３０番１３号,082-258-5541,082-258-1005,現存,○,,132.2852742,34.24095889
訪問介護,東区,3470109616,株式会社日本エルダリーケアサービス,おおぞら介護広島東サービスセンター,732-0053,広島市東区若草町３番１１号寺山ビル１０１号,082-568-0650,082-262-1761,現存,○,,132.2902008,34.23509739
訪問介護,東区,3470101126,社会福祉法人寿老園老人ホーム,あけぼの寿老園ヘルパーステーション,732-0045,広島市東区曙一丁目１番２８号,082-261-4533,082-568-6544,現存,○,,132.2917452,34.23473848
訪問介護,東区,3470105838,サンキ・ウエルビィ株式会社,サンキ・ウエルビィ介護センター広島東,732-0045,広島市東区曙五丁目３番５号,082-506-2671,082-506-2672,現存,○,,132.2931873,34.23381947
訪問介護,東区,3470110028,株式会社マグネット,マグネット東,732-0022,広島市東区中山鏡が丘１１番１６－１号,082-258-1860,082-280-1951,現存,○,,132.2955954,34.24549299
訪問介護,東区,3470103734,有限会社福祉計画研究所,福祉計画研究所訪問介護事業所,732-0025,広島市東区中山西二丁目４番１２－１０１号,082-289-9335,082-289-9314,現存,○,,132.2953959,34.24318421
訪問介護,東区,3470107586,株式会社L.S.I.,ヘルパーステーションかがやき広島,732-0023,広島市東区中山東三丁目２番７号,082-508-6311,082-508-4711,現存,○,,132.3009489,34.24372678
訪問介護,東区,3470103296,株式会社ニックス,ニックス東訪問介護事業所,732-0046,広島市東区尾長東二丁目７番２８号,082-568-6166,082-261-8001,現存,○,,132.2917632,34.23530092
訪問介護,東区,3470106331,株式会社天畠,ヘルパーステーションミモザ,732-0046,広島市東区尾長東二丁目８番２８号,082-258-1444,082-262-0555,休止,○,,132.2920686,34.23535639
訪問介護,東区,3470100755,社会福祉法人広島常光福祉会,ふくだの里ヘルパーステーション,732-0029,広島市東区福田四丁目３９５９番地１,082-899-6300,082-899-5218,現存,○,,132.3233065,34.27085407
訪問介護,東区,3470107339,株式会社ニチイ学館,ニチイケアセンター矢賀訪問介護事業所,732-0042,広島市東区矢賀二丁目８番１９号,082-890-5079,082-890-5078,現存,○,,132.2947836,34.23583218
訪問介護,南区,3470104567,有限会社スローライフ広島,ヘルパーステーションゆず,734-0036,広島市南区旭三丁目６番６号,082-255-6207,082-255-6208,現存,○,,132.2834943,34.22128631
訪問介護,南区,3470109186,ほほえみ株式会社,ほほえみみゆき訪問介護事業所,734-0015,広島市南区宇品御幸一丁目１５番７号,082-254-0067,082-254-0078,現存,○,,132.2749564,34.22037883
訪問介護,南区,3470110036,株式会社ドリー,訪問介護ステーションドリー,734-0015,広島市南区宇品御幸一丁目１７番３号,082-250-5333,,現存,○,,132.275213,34.22045734
訪問介護,南区,3470110721,有限会社めぐみ,めぐみ訪問介護事業所御幸,734-0015,広島市南区宇品御幸四丁目１４番７－１号,082-256-2330,082-256-2331,現存,○,,132.2744772,34.21311044
訪問介護,南区,3470110333,株式会社Ｔ－ａｓ,訪問介護事業所あす,734-0015,広島市南区宇品御幸二丁目1番20号,082-236-7373,,現存,○,,132.2751228,34.22005192
訪問介護,南区,3470206875,有限会社カイタック,コスモス訪問介護事業所,734-0004,広島市南区宇品神田五丁目２６番９－１４０１号,082-250-2438,082-250-2451,現存,○,,132.2749694,34.21229297
訪問介護,南区,3470104153,株式会社ニチイ学館,ニチイケアセンター宇品,734-0004,広島市南区宇品神田四丁目９番１７号コーポ石崎１階,082-250-1645,082-256-3239,現存,○,,132.2751662,34.21417948
訪問介護,南区,3470109202,合同会社ケアサポート以和貴,ケアサポート以和貴,734-0007,広島市南区皆実町五丁目２番１－１０２号,082-258-5275,082-258-5276,現存,○,,132.2803558,34.22304342
訪問介護,南区,3470103718,株式会社ＯＦＦＩＣＥ・ＮＡＯ,介護ステーションハーモニー,734-0007,広島市南区皆実町三丁目１番１８号,082-250-4807,082-250-4808,現存,○,,132.2802011,34.22386403
訪問介護,南区,3470109624,株式会社日本エルダリーケアサービス,おおぞら介護広島南サービスセンター,734-0007,広島市南区皆実町二丁目５番３号村岡ビル１階,082-258-5131,082-258-5133,現存,○,,132.2756359,34.22386166
訪問介護,南区,3470110465,合同会社フォーリット,訪問介護事業所つぐは,734-0007,広島市南区皆実町六丁目１７番２４－２０２号,082-207-1540,082-207-1541,現存,○,,132.2748482,34.22164352
訪問介護,南区,3470107909,合同会社広島京橋開発企業体,訪問介護事業所レガロ・ヴィータ京橋,732-0828,広島市南区京橋町６番４号,082-263-0770,082-263-0780,現存,○,,132.2819695,34.23413332
訪問介護,南区,3470107305,株式会社F＆M,ビーマイセルフ福祉センター,732-0828,広島市南区京橋町７番１６号WINDビル２Ｆ,082-258-2268,082-258-2492,現存,○,,132.2817621,34.23401536
訪問介護,南区,3470100839,株式会社ニチイ学館,ニチイケアセンター中央,732-0825,広島市南区金屋町７番２３号LANDMARK金屋町１階,082-568-8451,082-568-8452,現存,○,,132.2820528,34.23267762
訪問介護,南区,3470110382,さくらケア合同会社,訪問介護さくらケア,734-0055,広島市南区向洋新町一丁目２０番８号,082-284-8511,082-3730-0382,休止,○,,132.3052213,34.21563007
訪問介護,南区,3470105473,社会福祉法人広島平和養老館,広島平和養老館訪問介護事業所,734-0017,広島市南区似島町字東大谷３０７３番地の５,082-259-2709,082-259-2286,現存,○,,132.2635908,34.18276793
訪問介護,南区,3470110341,合同会社安佐,ヘルパーステーションあさがお,734-0001,広島市南区出汐一丁目1番5号中島ビル203号室,082-577-8223,,現存,○,,132.2838258,34.2253296
訪問介護,南区,3470101746,医療法人あかね会,土谷ヘルパーステーション出汐,734-0001,広島市南区出汐一丁目７番１６号ＭＭビル３階,082-250-5080,082-250-1578,現存,○,,132.2831806,34.22461638
訪問介護,南区,3470103767,サンキ・ウエルビィ株式会社,サンキ・ウエルビィ介護センター南,734-0001,広島市南区出汐三丁目１０番６号第２石井ビル１階,082-250-2620,082-250-2621,現存,○,,132.2835759,34.22345559
訪問介護,南区,3470110374,株式会社さくらモンデックス,さくら・介護ステーション満天のケア,732-0826,広島市南区松川町6番１６号第３佐野ビル101号,080-4816-4926,082-569-4546,現存,○,,132.2824844,34.23226439
訪問介護,南区,3470103619,株式会社はーとふるケアサービス,はーとふるケアサービス,734-0021,広島市南区上東雲町２７番６号EAST10101号室,082-581-1148,082-259-3120,現存,○,,132.2911829,34.23050885
訪問介護,南区,3470109509,株式会社AKIRA,訪問介護事業所そら,734-0021,広島市南区上東雲町８番８－２０１号,082-567-5089,082-285-5517,現存,○,,132.2904357,34.2305686
訪問介護,南区,3470108931,合同会社山本善成,訪問介護事業所ずっと,734-0026,広島市南区仁保一丁目１番４１号３０１号室,082-510-2136,082-510-2137,現存,○,,132.2941594,34.22255935
訪問介護,南区,3470106901,株式会社風厘,訪問介護サービスふうりん,734-0024,広島市南区仁保新町一丁目６番２４号三保ビル１Ｆ,082-236-9923,082-236-9932,現存,○,,132.2929926,34.22394472
訪問介護,南区,3470102462,株式会社ニックス,ニックス南訪問介護事業所,734-0024,広島市南区仁保新町二丁目９番３２号,082-890-0008,082-890-2223,現存,○,,132.2947132,34.22315187
訪問介護,南区,3470102322,有限会社慈恵コーポレイション,慈恵コーポレイションケアセンターユタカ,734-0005,広島市南区翠四丁目７番３８号,082-255-2829,082-255-2926,現存,○,,132.2820483,34.22083123
訪問介護,南区,3470213764,イベイション株式会社,みどりの風広島南サービスセンター,734-0002,広島市南区西旭町１５番２８号,082-299-7030,082-569-6311,現存,○,,132.2826213,34.2217292
訪問介護,南区,3470208327,ロング株式会社,ロング介護支援事業所,732-0804,広島市南区西蟹屋三丁目９番１８号１Ｆ,082-207-0861,082-207-0862,現存,○,,132.285074,34.23316397
訪問介護,南区,3470110234,合同会社ボランテ,訪問介護ステーションなごみ,732-0802,広島市南区大州二丁目５番２７号,082-569-6548,,現存,○,,132.2925534,34.23260396
訪問介護,南区,3470107347,有限会社バースト,ヘルパーステーション丹那,734-0034,広島市南区丹那町２２番１０－５号,082-259-3378,082-259-3370,現存,○,,132.2841346,34.21584587
訪問介護,南区,3470109756,株式会社ほがらか,あいわ介護ケア南事業所,734-0034,広島市南区丹那町５０番１号,082-258-3661,082-258-3674,現存,○,,132.2854903,34.22018142
訪問介護,南区,3470100748,有限会社まごころネット,訪問介護事業所まごころネット,732-0811,広島市南区段原三丁目３番２７号,082-261-8405,082-261-8402,現存,○,,132.2838468,34.23209648
訪問介護,南区,3470106398,株式会社アイ・テック,株式会社アイ・テック介護サービスふれあい・広島南事業所,732-0819,広島市南区段原山崎一丁目１番１号タナカビル２０１号,082-510-2170,082-510-2171,現存,○,,132.2847811,34.23090992
訪問介護,南区,3470110556,株式会社Ｍ’ｓ　familia,訪問介護ファミリア,732-0814,広島市南区段原南一丁目１８番１６号,082-569-7849,082-569-7854,現存,○,,132.2833032,34.22582797
訪問介護,南区,3470100722,生活協同組合ひろしま,生協ひろしま介護サービス・広島南,732-0814,広島市南区段原南一丁目１番１２号ヒジヤマタナカビル２階,082-568-8762,082-567-6761,現存,○,,132.2837211,34.23069819
訪問介護,南区,3470102389,株式会社広島福祉サービス,株式会社広島福祉サービス広島南訪問介護事業部,734-0022,広島市南区東雲１－２２－２４,082-890-9061,082-508-0011,現存,○,,132.2919762,34.22573279
訪問介護,南区,3470108378,株式会社ＰＩＥＣＥ,訪問介護ピース,734-0022,広島市南区東雲一丁目８番１９号ＰＩＥＣＥビル３Ｆ,082-207-2778,082-207-2728,現存,○,,132.2918465,34.22593393
訪問介護,南区,3470109921,株式会社Ｂ・Ｏ・Ｈ,ＨＡＰＰＹ ＣＡＲＥ広島南,734-0022,広島市南区東雲三丁目７番１２－２０５号,082-259-3801,082-259-3802,現存,○,,132.2938585,34.2241494
訪問介護,南区,3470109194,株式会社ｙａｓａｓｈｉｏ,にこやか訪問介護事業所,734-0022,広島市南区東雲二丁目７番１５号ATﾋﾞﾙ２０２号,082-281-6130,082-281-6131,現存,○,,132.2921321,34.22488015
訪問介護,南区,3470108832,ライフサポート合同会社,ヘルパーステーションライフサポート,734-0046,広島市南区東霞町１１番１１号,082-258-2833,082-258-2832,現存,○,,132.2904483,34.22379861
訪問介護,南区,3470110481,株式会社ベネッセスタイルケア,グランダ広島東荒神ケアステーション,732-0805,広島市南区東荒神町４番２３号,082-262-1013,082-262-1012,現存,○,,132.2842401,34.23375842
訪問介護,南区,3470109772,株式会社ニチイ学館,ニチイケアセンター本浦,734-0025,広島市南区東本浦町１７番１０号古田ビル２０１号,082-890-0080,082-285-0530,現存,○,,132.293218,34.2232741
訪問介護,南区,3470108758,一般社団法人MaHaRo,訪問介護事業所まはろ,732-0803,広島市南区南蟹屋一丁目３番９－１０４号,082-569-9152,082-569-9153,現存,○,,132.2904899,34.23221373
訪問介護,南区,3470101282,社会福祉法人三篠会,訪問介護事業所ひうな荘,734-0031,広島市南区日宇那町３０番１号,082-256-1001,082-256-1008,現存,○,,132.2934162,34.21568194
訪問介護,南区,3470104302,テルウェル西日本株式会社,ＮＴＴグループケアポート広島訪問介護事業所,732-0816,広島市南区比治山本町１１番１号,082-250-1213,082-250-1160,現存,○,,132.2820705,34.22494444
訪問介護,南区,3470108261,医療法人社団まりも会,訪問介護事業所サポートひらまつ,732-0816,広島市南区比治山本町１１番３２号,082-250-8068,082-256-3656,現存,○,,132.2816475,34.22484834
訪問介護,南区,3470104062,有限会社開花,ヘルパーステーション開花,734-0052,広島市南区堀越三丁目１１番１－１０１号,082-288-6251,082-284-7477,現存,○,,132.3043635,34.22205789
訪問介護,西区,3470204193,有限会社リラックス,訪問介護事業所りらっくす井口,733-0842,広島市西区井口一丁目９番１７ー１０７号,082-239-1011,082-299-1181,現存,○,,132.2324078,34.22381956
訪問介護,西区,3470213772,株式会社ニチイ学館,ニチイケアセンター井口,733-0842,広島市西区井口二丁目１９番４２－１０３号,082-270-1270,082-277-1633,現存,○,,132.2301431,34.22252122
訪問介護,西区,3470215017,株式会社さくらモンデックス,さくら・介護ステーション満天西,733-0841,広島市西区井口明神二丁目１番３号アネックスＤ２０１号室,082-961-6150,082-961-6149,現存,○,,132.2305926,34.22154829
訪問介護,西区,3470216080,株式会社シーユーシー・ホスピス,介護クラーク広島,733-0843,広島市西区井口鈴が台一丁目１番８号,082-299-0311,082-299-2871,現存,○,,132.2247002,34.22316604
訪問介護,西区,3470210406,株式会社Seiwa,ヘルパーステーションハピネス,733-0013,広島市西区横川新町９番７号,082-232-8817,082-232-8818,現存,○,,132.2646591,34.24293028
訪問介護,西区,3470203153,株式会社ベネッセスタイルケア,ベネッセ介護センター広島,733-0011,広島市西区横川町３－８－２第２信和ビル５Ｆ,082-207-1727,082-207-1728,現存,○,,132.2715382,34.24342912
訪問介護,西区,3470214036,一般社団法人パプリカ,訪問介護事業所パプリカ,733-0036,広島市西区観音新町一丁目３番２６－２０４号,082-961-3902,082-961-3903,休止,○,,132.2540644,34.22420792
訪問介護,西区,3470201272,広島中央保健生活協同組合,広島中央保健生協ヘルパーステーション,733-0031,広島市西区観音町１６番１９号,082-532-1256,082-532-1257,現存,○,,132.2613547,34.23403548
訪問介護,西区,3470209861,あなぶきメディカルケア株式会社,あなぶきケアサービス広島訪問介護事業所,733-0033,広島市西区観音本町一丁目１３番２８号,082-942-6355,082-942-6356,現存,○,,132.2613348,34.23197045
訪問介護,西区,3470214564,株式会社worth’it,LA・LA　Ｃare,733-0033,広島市西区観音本町一丁目３番16号カーサ・ワタナベ１F,082-554-0400,082-554-0401,現存,○,,132.261868,34.23218722
訪問介護,西区,3470209242,ポスモプラザ株式会社,あいわ訪問介護ステーション,733-0033,広島市西区観音本町二丁目１１番１５号,082-942-4466,082-942-4158,現存,○,,132.2554642,34.23225913
訪問介護,西区,3470215793,株式会社おむすび,訪問介護事業所そわか,733-0873,広島市西区古江新町８番１４号,082-942-6715,082-842-6716,現存,○,,132.2438647,34.23033
訪問介護,西区,3470214812,株式会社HACS,ひまわり介護,733-0815,広島市西区己斐上三丁目３番１３号,082-533-7770,,現存,○,,132.2504913,34.24317984
訪問介護,西区,3470213509,医療法人社団石田内科,ヘルパーステーションおれんじ,733-0815,広島市西区己斐上四丁目２６番１号,082-299-8740,082-554-5726,現存,○,,132.250603,34.24361691
訪問介護,西区,3470213921,グリーンライフ株式会社,楽リハヘルパーステーション広島己斐,733-0815,広島市西区己斐上四丁目４番１２号,082-507-7386,,現存,○,,132.2521825,34.2450215
訪問介護,西区,3470213848,株式会社スマイルケア,ヘルパーステーションスマイルケア,733-0814,広島市西区己斐西町６番１５号コーポ田中１０１,082-961-5766,082-299-7887,現存,○,,132.2528244,34.23542678
訪問介護,西区,3470204060,医療法人社団林医院,ルネッサンスホームヘルプ,733-0813,広島市西区己斐中二丁目１３番４２号タウニー１０２号室,082-272-6099,082-208-5200,休止,○,,132.2535224,34.24066023
訪問介護,西区,3470210844,株式会社八心,あーくすけあういむい,733-0812,広島市西区己斐本町一丁目２３番５号,082-273-8556,082-273-8557,現存,○,,132.2540966,34.23462647
訪問介護,西区,3470212592,ヘルパーステーション髙山株式会社,ヘルパーステーション髙山,733-0812,広島市西区己斐本町一丁目２番１５号ＦコートＢ棟３０１号,082-271-0227,082-271-0228,現存,○,,132.2552188,34.23588609
訪問介護,西区,3470202007,医療法人あかね会,土谷ヘルパーステーション西広島,733-0812,広島市西区己斐本町二丁目７番１号,082-507-0877,082-507-0856,現存,○,,132.2536037,34.2341945
訪問介護,西区,3470213202,株式会社L.S.I.,ヘルパーステーションかがやき西広島,733-0822,広島市西区庚午中一丁目８番２１－２０１号,082-208-5420,082-208-5421,現存,○,,132.2459673,34.23038357
訪問介護,西区,3470205059,有限会社幾久,幾久訪問介護事業所,733-0822,広島市西区庚午中三丁目６番９号,082-527-2877,082-527-2866,現存,○,,132.2442221,34.22585037
訪問介護,西区,3470212667,Common株式会社,コモン訪問介護事業所,733-0822,広島市西区庚午中四丁目１５番３５号,082-554-5212,082-554-5215,現存,○,,132.245622,34.22464971
訪問介護,西区,3470202452,株式会社ニチイ学館,ニチイケアセンターこうご,733-0822,広島市西区庚午中四丁目７番２２号,082-507-6283,082-507-6285,現存,○,,132.2449662,34.2256254
訪問介護,西区,3470214861,株式会社マグネット,マグネット西,733-0822,広島市西区庚午中二丁目１９番３１号,082-510-1950,082-275-5799,休止,○,,132.2444705,34.23121588
訪問介護,西区,3470214580,株式会社ｗｉｓｈＡＩ,はぴねすケアサービス,733-0821,広島市西区庚午北四丁目６番２４－２０１号,082-507-0057,082-507-0058,現存,○,,132.2507758,34.23150733
訪問介護,西区,3470215801,株式会社マリモソーシャルソリューションズ,マリモヘルパーステーション,733-0821,広島市西区庚午北二丁目１６番１０号,082-275-5630,082-275-5638,現存,○,,132.2511253,34.23203227
訪問介護,西区,3470204904,株式会社フォーユー,ヘルパーステーション・イルカ,733-0821,広島市西区庚午北二丁目１７番４号船本ビル１０３号,082-507-1544,082-507-1545,現存,○,,132.2509679,34.23189986
訪問介護,西区,3470210455,株式会社ケア２１,ケア２１横川,733-0003,広島市西区三篠町一丁目４番５号さくらビル１階,082-537-0933,082-237-1756,現存,○,,132.2711459,34.24431772
訪問介護,西区,3470215389,一般社団法人ソーシャルリンク,訪問介護ステーションあさなぎ,733-0003,広島市西区三篠町一丁目７番２１号カワミビル１０２,082-553-9731,082-207-4787,現存,○,,132.2707245,34.24417514
訪問介護,西区,3470203377,有限会社あすなろ,あすなろ介護センター,733-0003,広島市西区三篠町三丁目１番１号,082-537-1525,082-537-1526,休止,○,,132.2725434,34.24568833
訪問介護,西区,3470208699,株式会社サイプレス,ヘルパーステーションひのき,733-0006,広島市西区三篠北町１８番４－２０１号,082-230-1916,082-230-1936,現存,○,,132.2720637,34.250366
訪問介護,西区,3470215819,株式会社アンビス,医心館　訪問介護ステーション　広島横川,733-0005,広島市西区三滝町１２番２２号,082-836-7230,082-836-7231,現存,○,,132.2658831,34.24525043
訪問介護,西区,3470207972,プロジェクトケンコー株式会社,アイ・アイ介護センター,733-0005,広島市西区三滝町２番７号,082-237-4393,082-238-4050,現存,○,,132.270692,34.2500785
訪問介護,西区,3470201744,社会福祉法人広島県同胞援護財団,訪問介護事業所千歳園,733-0853,広島市西区山田新町二丁目７番２号,082-272-5210,082-273-8795,現存,○,,132.2312985,34.23574873
訪問介護,西区,3470200506,サンキ・ウエルビィ株式会社,サンキ・ウエルビィ介護センター本店,733-0833,広島市西区商工センター六丁目１番１１号,082-278-1330,082-278-2115,現存,○,,132.2322957,34.22104329
訪問介護,西区,3470201959,社会福祉法人西中国キリスト教社会事業団,訪問介護事業所かりん,733-0025,広島市西区小河内町一丁目１３番３号,082-232-4274,082-232-4284,現存,○,,132.261282,34.23542128
訪問介護,西区,3470215124,株式会社ニックス,ニックス西訪問介護事業所,733-0025,広島市西区小河内町一丁目４番１３号,082-299-6811,082-233-0294,現存,○,,132.2611996,34.23586459
訪問介護,西区,3470203179,特定非営利活動法人障害者生活支援センターてごーす,介護センターぽわっと,733-0025,広島市西区小河内町二丁目７番５号,082-294-4185,082-294-4184,現存,○,,132.2622151,34.24057427
訪問介護,西区,3470203872,株式会社エムエーエス,きらり介護ステーション,733-0037,広島市西区西観音町１番１０号AXIS-WILL西観音sta.２０２号室,082-297-4313,082-297-4345,現存,○,,132.2618805,34.23343515
訪問介護,西区,3470212998,株式会社さくら介護グループ,さくら・介護ステーション草津新町,733-0834,広島市西区草津新町二丁目１５番１１号小川コーポ２０３号,082-275-5602,082-275-5623,現存,○,,132.2339421,34.22278571
訪問介護,西区,3470215249,株式会社猫の月,ヘルパーステーションそら,733-0834,広島市西区草津新町二丁目19番19号草津タウンハウス202号,082-909-9506,,現存,○,,132.2351529,34.22311148
訪問介護,西区,3470202528,株式会社アイメディカル,アイメディカルヘルパーステーション,733-0861,広島市西区草津東一丁目５番１０号,082-507-5888,082-507-6345,現存,○,,132.2427777,34.22452664
訪問介護,西区,3470213657,株式会社インフィニ,ヘルパーステーションらしく,733-0863,広島市西区草津南三丁目７番１３号,082-275-6766,082-533-8773,現存,○,,132.2341589,34.22370828
訪問介護,西区,3470200902,株式会社ニチイ学館,ニチイケアセンター広島西,733-0007,広島市西区大宮一丁目１５番１５号,082-537-0821,082-537-0822,現存,○,,132.2715551,34.25147488
訪問介護,西区,3470214614,株式会社ＵＴ－Ｇ,ケアスペースあるこ,733-0007,広島市西区大宮一丁目１番３３－３０１号,082-836-7557,,現存,○,,132.2727414,34.25161942
訪問介護,西区,3470205828,有限会社コスモケア・サポート,コスモケア訪問介護事業所,733-0007,広島市西区大宮一丁目２２番１２ー２号,082-537-0027,082-239-0128,現存,○,,132.2720172,34.25114211
訪問介護,西区,3470206909,株式会社愛総合福祉,愛・訪問介護ステーション広島西,733-0012,広島市西区中広町三丁目１３番２号エム・シービル１階,082-532-5055,082-532-5056,現存,○,,132.2648271,34.2417413
訪問介護,西区,3470214978,one calm株式会社,訪問介護事業所たいよう,733-0012,広島市西区中広町三丁目１４番１５号,082-548-4970,082-548-4971,現存,○,,132.2643322,34.24179717
訪問介護,西区,3470213996,スマイリーここあ株式会社,スマイリーここあ,733-0023,広島市西区都町９番３号ハイツ達川１階,082-533-6433,082-533-6435,現存,○,,132.2616644,34.23540214
訪問介護,西区,3470207170,株式会社幸の樹,訪問介護事業所しあわせの樹,733-0032,広島市西区東観音町１８番１５－２０１号,082-532-7272,082-532-7273,現存,○,,132.2619364,34.23274889
訪問介護,西区,3470206305,有限会社スローライフ広島,ヘルパーステーションゆず西,733-0032,広島市西区東観音町２３番２号,082-296-2601,082-296-2602,現存,○,,132.2630254,34.23236064
訪問介護,西区,3470214184,株式会社ツクイ,ツクイ広島西,733-0035,広島市西区南観音五丁目１１番１０号,082-297-6166,082-297-6165,現存,○,,132.25298,34.2251782
訪問介護,西区,3470215843,株式会社Seiwa,ヘルパーステーションハピネス観音,733-0035,広島市西区南観音五丁目1番18号,082-231-8817,082-231-8818,現存,○,,132.253162,34.23017384
訪問介護,西区,3470215884,合同会社ＯＵＲＳＴＯＲＹ,ヘルパーステーションことのは,733-0035,広島市西区南観音四丁目７番２０号,082-533-7458,082-533-7459,現存,○,,132.2530761,34.23057538
訪問介護,西区,3470204136,生活協同組合ひろしま,生協ひろしま介護サービス・広島中,733-0035,広島市西区南観音七丁目１６番１５号タワービルカワムラⅢ３階,082-503-0682,082-295-7080,現存,○,,132.2544187,34.22428994
訪問介護,西区,3470204912,有限会社祥,祥ヘルパーステーション,733-0034,広島市西区南観音町５番１７号,082-532-4646,082-532-4641,現存,○,,132.2603161,34.23142364
訪問介護,西区,3470216015,株式会社リバティウェル,ヘルパーステーションきらきらケア,733-0035,広島市西区南観音二丁目５番２４－２０３号,082-299-7457,082-299-7458,現存,○,,132.2552514,34.23014565
訪問介護,西区,3470214911,Ｃｏｍｍｏｎ株式会社,コモンハウスヘルパーステーション,733-0002,広島市西区楠木町一丁目１２番３号,082-299-0765,082-275-6725,現存,○,,132.2715565,34.24302056
訪問介護,西区,3470207584,株式会社つなぐ,つなぐ訪問介護事業所,733-0002,広島市西区楠木町一丁目１３番６号,082-297-2900,082-297-2901,現存,○,,132.2718807,34.24283582
訪問介護,西区,3470208954,株式会社エンジョイ・ラボ,介護のドリプロ広島,733-0002,広島市西区楠木町一丁目１６番１０号,082-296-3505,082-296-3506,現存,○,,132.2711039,34.24245419
訪問介護,西区,3470215751,フライングスタート合同会社,訪問介護ステーションゆえん西広島,733-0024,広島市西区福島町二丁目２４番２１号,082-942-5440,082-836-5371,現存,○,,132.2553986,34.23315709
訪問介護,西区,3470102132,有限会社ナックユノ,ありらん,733-0024,広島市西区福島町二丁目４番９号,082-234-1112,082-234-9230,現存,○,,132.2557993,34.2340441
訪問介護,安佐南区,3470212568,株式会社Seiwa,ヘルパーステーションハピネス安東,731-0153,広島市安佐南区安東六丁目４番５２－５号,082-832-8817,082-878-8818,現存,○,,132.2714098,34.28366423
訪問介護,安佐南区,3470202973,株式会社オムエル,オムエル祇園ヘルパーステーション,731-0138,広島市安佐南区祇園五丁目２番４５－３０３号祇園クリニックビル３階,082-875-2761,082-875-0070,現存,○,,132.273803,34.26500449
訪問介護,安佐南区,3470207857,株式会社ＥＡＲＴＨ,訪問介護事業所ポケット,731-0138,広島市安佐南区祇園三丁目２１番３０号４Ｆ,082-962-5264,082-962-5284,現存,○,,132.2729078,34.26277306
訪問介護,安佐南区,3470210190,医療法人誠正会,ヘルパーステーションこじま,731-0138,広島市安佐南区祇園四丁目８番２号１０１号室,082-554-1470,082-554-1470,現存,○,,132.2721462,34.26267852
訪問介護,安佐南区,3470204532,有限会社しらかば,しらかば訪問介護事業所,731-0138,広島市安佐南区祇園二丁目１４番６－９号,082-871-4227,082-832-5567,現存,○,,132.2800825,34.26402966
訪問介護,安佐南区,3470208442,医療法人メディカルパーク,野村病院ヘルパーステーション「ながつか」,731-0138,広島市安佐南区祇園二丁目４２番１４号,082-832-5677,082-875-9672,現存,○,,132.2754518,34.26200093
訪問介護,安佐南区,3470215421,株式会社幸和,さくら・介護ステーションふるいちばし,731-0123,広島市安佐南区古市四丁目４番２８号クレスト古市橋２０３号室,090-4895-2969,082-548-9247,現存,○,,132.2805148,34.27048448
訪問介護,安佐南区,3470214259,株式会社ニチイ学館,ニチイケアセンター高取,731-0144,広島市安佐南区高取北一丁目４番３０号サンビル４F－B号,082-832-7562,,現存,○,,132.2615378,34.28312314
訪問介護,安佐南区,3470216049,一般社団法人はるはる,ココエールケア,731-0137,広島市安佐南区山本一丁目２３番２５－１０２号,082-555-0330,082-555-0330,現存,○,,132.2717814,34.26070918
訪問介護,安佐南区,3470208160,株式会社ニチイ学館,ニチイケアセンター山本,731-0137,広島市安佐南区山本三丁目２５番６号,082-850-2551,082-871-0660,現存,○,,132.2703319,34.26184303
訪問介護,安佐南区,3470207378,サンキ・ウエルビィ株式会社,サンキ・ウエルビィ介護センター祇園,731-0137,広島市安佐南区山本四丁目１１番２４号,082-850-2380,082-846-0032,現存,○,,132.2655613,34.26151414
訪問介護,安佐南区,3470215371,合同会社ピースガーデン,訪問介護ステーションハナミズキ,731-3271,広島市安佐南区沼田町阿戸３６３４－１番地,082-205-6799,082-218-2610,現存,○,,132.2124257,34.29049321
訪問介護,安佐南区,3470200951,社会福祉法人慈光会,上安慈光園訪問介護事業所,731-0154,広島市安佐南区上安二丁目２３番５号,082-878-8600,082-878-8711,現存,○,,132.2643023,34.28306775
訪問介護,安佐南区,3470201314,社会福祉法人ＩＧＬ学園福祉会,ＩＧＬヘルパーステーションシャレー,731-0154,広島市安佐南区上安六丁目３１番２号,082-830-3324,082-830-3327,現存,○,,132.2641112,34.28595493
訪問介護,安佐南区,3470201280,広島医療生活協同組合,ヘルパーステーション虹訪問介護事業所,731-0113,広島市安佐南区西原九丁目８番２２号,082-225-7790,082-871-1081,現存,○,,132.2818936,34.26491555
訪問介護,安佐南区,3470214531,しあわせづくり株式会社,しあわせづくり訪問介護,731-0113,広島市安佐南区西原三丁目１１番１号,082-836-4165,,現存,○,,132.2821133,34.26076165
訪問介護,安佐南区,3470208251,医療法人博善会,ヘルパーステーションながお,731-0113,広島市安佐南区西原四丁目１７番１７号,082-871-8600,082-871-8863,現存,○,,132.2804275,34.26160021
訪問介護,安佐南区,3470213525,株式会社日本エルダリーケアサービス,おおぞら介護安佐南サービスセンター,731-0113,広島市安佐南区西原四丁目３３番４１号第２森下ビル２０３号,082-850-0892,082-871-8143,現存,○,,132.2758616,34.26093737
訪問介護,安佐南区,3470106265,医療法人好縁会,ふれあい訪問介護ステーション西原,731-0113,広島市安佐南区西原八丁目１６番１６号１－１０１,082-555-5808,082-962-0705,現存,○,,132.2826905,34.26371256
訪問介護,安佐南区,3470211131,医療法人社団聖愛会,ぎおん牛田病院ヘルパーステーション,731-0113,広島市安佐南区西原八丁目２９番２４号,082-875-0134,082-875-0135,現存,○,,132.2815156,34.26338952
訪問介護,安佐南区,3470209309,株式会社良隣,訪問介護事業所となり,731-0113,広島市安佐南区西原六丁目２９ー１２コーポＦ．Ｍ．Ａ２０１,082-555-8688,082-555-8701,現存,○,,132.2811223,34.26200058
訪問介護,安佐南区,3470214770,株式会社ゆたか,訪問介護ステーションゆたか,731-0102,広島市安佐南区川内ニ丁目３番５０－１０２号,082-295-9997,082-295-9995,現存,○,,132.2902397,34.27307182
訪問介護,安佐南区,3470207840,株式会社不二ビルサービス,ヘルパーステーションふじ川内,731-0102,広島市安佐南区川内一丁目１５番１号,082-831-2166,082-877-3363,現存,○,,132.2905451,34.27311674
訪問介護,安佐南区,3470203682,社会福祉法人楽友会,訪問介護事業所川内の里,731-0102,広島市安佐南区川内一丁目２１番２９号,082-831-1125,082-876-1094,現存,○,,132.2906025,34.27233284
訪問介護,安佐南区,3470212048,特定非営利活動法人地域の絆,訪問介護事業所川内,731-0102,広島市安佐南区川内五丁目１番４９号,082-846-6673,082-876-3120,現存,○,,132.2919605,34.28026839
訪問介護,安佐南区,3470207956,社会福祉法人グリーンコープ,ふくしサービスセンターくろーばーネット,731-0102,広島市安佐南区川内六丁目２０番５号,082-870-4652,082-870-3020,現存,○,,132.2924675,34.28185534
訪問介護,安佐南区,3470206966,有限会社ユメヤコーポレーション,ユメヤ訪問介護事業所,731-0141,広島市安佐南区相田五丁目３５番４号,082-872-6068,082-832-6146,現存,○,,132.2647266,34.28025008
訪問介護,安佐南区,3470207410,株式会社カジカワ,はなまる訪問介護サービス,731-0125,広島市安佐南区大町西三丁目１１番４５－３号,082-555-1415,082-555-1416,現存,○,,132.274587,34.27566511
訪問介護,安佐南区,3470214820,株式会社ケア２１,ケア２１古市橋,731-0124,広島市安佐南区大町東一丁目１２番８号,082-870-7521,,現存,○,,132.2804327,34.2716281
訪問介護,安佐南区,3470202767,日本基準寝具株式会社,エコール在宅介護ステーション,731-0124,広島市安佐南区大町東一丁目１8番４4号,082-830-5155,082-830-5157,現存,○,,132.2755496,34.27112227
訪問介護,安佐南区,3470215215,株式会社ＣＹＳ,訪問介護サービスつばめ,731-0124,広島市安佐南区大町東三丁目31番24-6号植木ビル２０１,082-836-7307,082-836-7308,現存,○,,132.2743027,34.28002913
訪問介護,安佐南区,3470201934,医療法人あかね会,土谷ヘルパーステーション大町,731-0124,広島市安佐南区大町東二丁目７番２４号,082-831-6654,082-831-6652,現存,○,,132.2809033,34.27437624
訪問介護,安佐南区,3470213756,株式会社ニチイ学館,ニチイケアセンター大塚西,731-3167,広島市安佐南区大塚西三丁目３番１４－１号１階,082-849-6359,082-849-0349,現存,○,,132.2346444,34.26377993
訪問介護,安佐南区,3470203021,株式会社アイ・テック,株式会社アイ・テック介護サービスふれあい安佐南事業所,731-0122,広島市安佐南区中筋一丁目１３番３号西幸ビル３Ｆ,082-831-6580,082-831-6581,現存,○,,132.2831334,34.26499408
訪問介護,安佐南区,3470108584,株式会社優空,ゆうそら広島,731-0122,広島市安佐南区中筋一丁目９番６号ロイヤルニシムラ５０１号室,082-847-5665,082-847-5664,現存,○,,132.2834513,34.27013028
訪問介護,安佐南区,3470201892,サンキ・ウエルビィ株式会社,サンキ・ウエルビィ介護センター安佐南,731-0122,広島市安佐南区中筋四丁目４番２１－２０１号,082-831-1070,082-831-1071,現存,○,,132.2848983,34.27330887
訪問介護,安佐南区,3470205695,株式会社クォーレ,株式会社クォーレ広島安佐南支店,731-0121,広島市安佐南区中須一丁目１４番１０号長谷川ビル３０２,082-877-9060,082-877-9080,現存,○,,132.2817795,34.27208238
訪問介護,安佐南区,3470203237,生活協同組合ひろしま,生協ひろしま介護サービス・安佐南,731-0121,広島市安佐南区中須一丁目１６番１０号エルサンク濱岡１階,082-830-0812,082-830-0813,現存,○,,132.2816603,34.27235929
訪問介護,安佐南区,3470211396,医療法人あすか,ヘルパーステーションあすか大町,731-0121,広島市安佐南区中須一丁目２６番１２号,082-879-1226,082-879-1168,現存,○,,132.2818028,34.27407473
訪問介護,安佐南区,3470200563,株式会社ニチイ学館,ニチイケアセンター中筋,731-0121,広島市安佐南区中須一丁目２９番２３号ソレーユ西山１階東,082-831-1069,082-831-1068,現存,○,,132.2820739,34.27361737
訪問介護,安佐南区,3470212253,合同会社カーム,ヘルパーステーション幸家,731-0135,広島市安佐南区長束四丁目９番４－２０７号,082-230-0227,082-230-0228,現存,○,,132.2715952,34.25458945
訪問介護,安佐南区,3470215512,株式会社ニックス,ニックス安佐南訪問介護事業所,731-0135,広島市安佐南区長束二丁目１２番２８号,082-962-7405,082-962-7406,現存,○,,132.2732474,34.25435981
訪問介護,安佐南区,3470213640,社会福祉法人創造,訪問介護ゆえん,731-0135,広島市安佐南区長束六丁目１０番８号,082-225-7620,082-555-0200,現存,○,,132.2712205,34.2604174
訪問介護,安佐南区,3470206735,有限会社みこころ,みこころケアセンター,731-0135,広島市安佐南区長束六丁目４番１号,082-874-3556,082-874-3941,現存,○,,132.2726818,34.26049594
訪問介護,安佐南区,3470207246,社会福祉法人慈光会,東原慈光園訪問介護事業所,731-0112,広島市安佐南区東原三丁目１４番４号,082-850-1108,082-850-1107,現存,○,,132.2850864,34.26522611
訪問介護,安佐南区,3470214937,ArkProjects合同会社,アーク訪問介護事業所,731-0111,広島市安佐南区東野一丁目２１番３１－１０１号,082-846-6620,,現存,○,,132.2854648,34.26514683
訪問介護,安佐南区,3470211750,富士メディカル株式会社,メリィヘルパーセンター八木,731-0101,広島市安佐南区八木一丁目１９番１号,082-836-6033,082-836-6034,現存,○,,132.2931025,34.28359578
訪問介護,安佐南区,3470212923,合同会社くーる,ヘルパーステーション心結,731-0101,広島市安佐南区八木四丁目２９番４-４号,082-836-5234,082-836-5235,現存,○,,132.2949675,34.29082788
訪問介護,安佐南区,3470201439,社会福祉法人和楽会,和楽荘訪問介護事業部,731-3169,広島市安佐南区伴西五丁目１４３２番地１,082-848-5000,082-848-4579,現存,○,,132.2233007,34.27343606
訪問介護,安佐南区,3470212790,株式会社Merci,ヘルパーステーション梨杏,731-3165,広島市安佐南区伴中央六丁目１番５－４号２F,082-555-1239,082-555-0063,休止,○,,132.2426932,34.27275598
訪問介護,安佐南区,3470207253,有限会社エムエヌティー,訪問介護事業所がんじゅう,731-3164,広島市安佐南区伴東ニ丁目６番１号２０１号室,082-848-2241,082-962-3760,現存,○,,132.2517407,34.28183914
訪問介護,安佐南区,3470215926,医療法人信愛会,ヘルパーステーションしんあい,731-3164,広島市安佐南区伴東五丁目８－２４,082-209-8811,082-848-8868,現存,○,,132.2528094,34.28035613
訪問介護,安佐南区,3470208202,株式会社Ｍ・Ｆａｍｉｌｙ,ヘルパーステーションくれよん,731-3164,広島市安佐南区伴東七丁目１４番４４号,082-849-4039,082-849-4039,現存,○,,132.2509514,34.27475625
訪問介護,安佐南区,3470212451,株式会社やさい畑,たまねぎ訪問介護事業所,731-3164,広島市安佐南区伴東七丁目３０番５－２０２号,082-962-0841,082-942-5838,現存,○,,132.2459413,34.27540771
訪問介護,安佐南区,3470214945,トラパンダ合同会社,ねこりんご訪問介護事業所,731-3164,広島市安佐南区伴東七丁目４１番１２号,082-849-1185,082-849-4516,現存,○,,132.2451106,34.27475073
訪問介護,安佐南区,3470207709,株式会社絆,ヘルパーステーション絆,731-3164,広島市安佐南区伴東七丁目５５番９号,082-848-8816,082-555-4692,現存,○,,132.2445743,34.27463392
訪問介護,安佐南区,3470214325,合同会社オレンジ,介護ステーションオレンジ,731-3164,広島市安佐南区伴東二丁目５３番１６号１０,082-554-1521,,現存,○,,132.2507521,34.28365727
訪問介護,安佐南区,3470204102,有限会社TOMO,さくら・介護ステーションとも,731-3168,広島市安佐南区伴南一丁目８番１２号,082-848-5491,082-848-4954,現存,○,,132.2254819,34.26580375
訪問介護,安佐南区,3470213723,社会福祉法人ぐくる,訪問介護事業所若葉台,731-3163,広島市安佐南区伴北七丁目３２番２７号,082-849-0861,082-848-5078,現存,○,,132.2411924,34.29055682
訪問介護,安佐南区,3470215322,株式会社トラスティサポート,サポートセンターとらいあんぐる安佐南,731-0103,広島市安佐南区緑井二丁目２１番２４－１０４号,082-573-5575,082-573-5585,現存,○,,132.2823625,34.2752746
訪問介護,安佐南区,3470212774,特定非営利活動法人障害者生活ケアLinkｓ広島,Ｌinks広島,731-0103,広島市安佐南区緑井二丁目２５番２４号,082-831-6066,082-559-2109,現存,○,,132.2817083,34.27513632
訪問介護,安佐南区,3470214606,株式会社　vert,介護事業所　そらいろ,731-0103,広島市安佐南区緑井二丁目28番31号長和ビル204号室,082-836-4378,,現存,○,,132.2814848,34.28003895
訪問介護,安佐南区,3470204516,有限会社すばる,すばる訪問介護事業所,731-0103,広島市安佐南区緑井六丁目３４番３１号,082-879-0239,082-879-0250,現存,○,,132.2851646,34.28157989
訪問介護,安佐北区,3470105069,有限会社平野,ふぁみりぃ訪問介護事業所,731-3361,広島市安佐北区あさひが丘一丁目１番８号,082-838-4165,082-838-2600,現存,○,,132.2630799,34.30032604
訪問介護,安佐北区,3470109947,合同会社安佐,訪問介護事業所安佐陽,731-3363,広島市安佐北区安佐町くすの木台１５番地３,082-554-7966,082-573-3636,現存,○,,132.2325446,34.30162325
訪問介護,安佐北区,3470110606,特定非営利活動法人あおい糸,あおい糸広島飯室,731-1142,広島市安佐北区安佐町飯室１３６５番地①,070-5508-4822,,休止,○,,132.2653189,34.33286869
訪問介護,安佐北区,3470109673,一般社団法人ｐｌｕｓ－ｇ,ななおケア,731-1142,広島市安佐北区安佐町飯室１４０９番地,082-578-0514,082-578-0514,現存,○,,132.2656099,34.33166921
訪問介護,安佐北区,3470105614,有限会社２１,訪問介護事業所あい,731-1142,広島市安佐北区安佐町飯室１６６５番地３,082-810-2105,082-810-2158,現存,○,,132.26476,34.33074586
訪問介護,安佐北区,3470109780,合同会社with,ヘルパーステーションつむぎ,731-1142,広島市安佐北区安佐町飯室２９０１番地５,082-516-7097,082-516-7098,現存,○,,132.2544933,34.32395586
訪問介護,安佐北区,3470102280,医療法人秀仁会,訪問介護ステーション菜の花,731-0221,広島市安佐北区可部五丁目４番１９－３号,082-814-0008,082-819-1140,現存,○,,132.3033953,34.31171749
訪問介護,安佐北区,3470108964,有限会社ユメヤコーポレーション,ユメヤ訪問介護事業所安佐北,731-0221,広島市安佐北区可部五丁目５番３－４号シャトレーM２０２号,082-559-1517,082-559-1518,現存,○,,132.30315,34.31184482
訪問介護,安佐北区,3470100953,医療法人社団恵正会,にのみや訪問介護事業所,731-0221,広島市安佐北区可部五丁目９番３号,082-819-3561,082-819-1238,現存,○,,132.3030391,34.31166437
訪問介護,安佐北区,3470105002,社会福祉法人フェニックス,ヘルパーステーションかんべ村,731-0221,広島市安佐北区可部七丁目１３番１５－１－７号,082-812-3588,082-812-3589,現存,○,,132.3039456,34.31277285
訪問介護,安佐北区,3470108527,株式会社ＲＵＢＩＣＯＮ,訪問介護事業所ｅｌａｍａ可部,731-0221,広島市安佐北区可部七丁目１５番４３号,082-819-2101,082-819-2102,現存,○,,132.3040804,34.31330716
訪問介護,安佐北区,3470106299,医療法人長久堂野村病院,ヘルパーステーションのむら,731-0223,広島市安佐北区可部南四丁目１７番１６号,082-815-2887,082-815-2833,現存,○,,132.3045848,34.30201976
訪問介護,安佐北区,3470102058,医療法人あかね会,土谷ヘルパーステーション可部,731-0223,広島市安佐北区可部南四丁目１７番５号,082-819-2250,082-819-2251,現存,○,,132.3047199,34.30226622
訪問介護,安佐北区,3470107941,社会福祉法人広島県同胞援護財団,訪問介護事業所可部南静養園,731-0223,広島市安佐北区可部南二丁目１９番３３号,082-562-2601,082-819-2155,現存,○,,132.3108831,34.30036024
訪問介護,安佐北区,3470103783,日本基準寝具株式会社,エコール在宅介護ステーション安佐北,739-1742,広島市安佐北区亀崎一丁目２番３３号,082-841-4540,082-841-4541,現存,○,,132.3125219,34.28537942
訪問介護,安佐北区,3470101571,医療法人社団うすい会,ヘルパーステーションさんさん,739-1742,広島市安佐北区亀崎四丁目７番１号,082-841-1590,082-841-1593,現存,○,,132.3134332,34.28562081
訪問介護,安佐北区,3470102330,有限会社かざぐるま,はるかぜのヘルパー,731-0232,広島市安佐北区亀山南二丁目８番２０号,082-819-1107,082-819-1108,現存,○,,132.2942786,34.31038705
訪問介護,安佐北区,3470101555,株式会社ニチイ学館,ニチイケアセンター可部,731-0231,広島市安佐北区亀山二丁目１５番３３号,082-819-1137,082-819-1138,現存,○,,132.3005221,34.31092377
訪問介護,安佐北区,3470109426,株式会社ワールドステイ,訪問介護ホームヘルプ春日和広島,739-1733,広島市安佐北区口田南九丁目５－１,082-554-7622,082-554-7623,現存,○,,132.3029988,34.27335984
訪問介護,安佐北区,3470106950,生活協同組合ひろしま,生協ひろしま介護サービス・安佐北,739-1733,広島市安佐北区口田南八丁目１番３号,082-841-2256,082-845-3211,現存,○,,132.3023679,34.27590879
訪問介護,安佐北区,3470109533,有限会社メルシー,ヘルパーステーションメルシー,739-1733,広島市安佐北区口田南八丁目４２番２５号,082-557-6828,082-557-6828,現存,○,,132.3020566,34.274257
訪問介護,安佐北区,3470109848,株式会社トラスティサポート,サポートセンターとらいあんぐる,739-1733,広島市安佐北区口田南八丁目４３番２号,082-843-0111,082-553-0667,現存,○,,132.3019305,34.27394883
訪問介護,安佐北区,3470207576,株式会社幸房,くらしさ介護ステーションたかとり,731-0211,広島市安佐北区三入六丁目１８番－６,082-516-4571,082-516-4572,現存,○,,132.3147402,34.32454283
訪問介護,安佐北区,3470108329,医療法人社団あと会,ふかわ・くにくさ訪問介護事業所,739-1752,広島市安佐北区上深川町１８６番地１,082-840-1840,082-840-3666,現存,○,,132.3309646,34.28239395
訪問介護,安佐北区,3470109764,株式会社ニチイ学館,ニチイケアセンターふかわ,739-1751,広島市安佐北区深川二丁目３７番３２号ビューラー西川１階１０１号室,082-841-1330,082-845-6400,現存,○,,132.3104219,34.29410502
訪問介護,安佐北区,3470100706,株式会社アイ・テック,株式会社アイ・テック介護サービスふれあい・安佐北事業所,739-1751,広島市安佐北区深川二丁目３８番２号,082-842-6474,082-845-2268,現存,○,,132.3104566,34.29445616
訪問介護,安佐北区,3470106810,有限会社東洋住建,ヘルパーステーション七福神,739-1751,広島市安佐北区深川六丁目６番３号,082-843-0729,082-847-3719,現存,○,,132.3148276,34.28493107
訪問介護,安佐北区,3470101167,社会福祉法人三篠会,訪問介護事業所白木ツジマチ,739-1412,広島市安佐北区白木町小越２１８番２,082-828-1305,082-516-5605,現存,○,,132.4015695,34.32156158
訪問介護,安佐北区,3470109558,特定非営利活動法人みんなでスクラム生活支援センター,みんなでスクラム居宅介護事業所,739-1731,広島市安佐北区落合一丁目１３番１８号,082-841-4330,082-841-4331,現存,○,,132.3037185,34.28155279
訪問介護,安佐北区,3470108477,医療法人社団緑雨会,医療法人社団緑雨会訪問介護事業所つばさ,739-1731,広島市安佐北区落合一丁目１７番１２号,082-847-6072,082-847-5082,現存,○,,132.3039075,34.28257221
訪問介護,安佐北区,3470104054,サンキ・ウエルビィ株式会社,サンキ・ウエルビィ介護センター安佐北,739-1731,広島市安佐北区落合五丁目２１－５グランドハイツ扇屋１０２,082-516-5111,082-841-3290,現存,○,,132.3113123,34.28371981
訪問介護,安佐北区,3470103148,社会福祉法人正仁会,なごみの郷訪問介護事業所,739-1731,広島市安佐北区落合五丁目２５番８号,082-842-7720,082-845-7718,現存,○,,132.3110123,34.28358544
訪問介護,安佐北区,3470103627,特定非営利活動法人さわやかライフクラブ,すみれ訪問介護事業所,739-1732,広島市安佐北区落合南一丁目２３番３号,082-841-1300,082-841-1344,現存,○,,132.3031233,34.27585139
訪問介護,安佐北区,3470104245,株式会社ニチイ学館,ニチイケアセンター高陽,739-1731,広島市安佐北区落合二丁目１番１８号,082-841-4756,082-843-1845,現存,○,,132.3047671,34.29035033
訪問介護,安佐北区,3470110457,四葉訪問介護株式会社,四葉訪問介護,739-1731,広島市安佐北区落合二丁目３１番１７－１号,082-563-6811,,現存,○,,132.3038715,34.28442436
訪問介護,安芸区,3470101704,サンキ・ウエルビィ株式会社,サンキ・ウエルビィ介護センター安芸,736-0082,広島市安芸区船越南三丁目２５番３８号,082-821-0250,082-821-0251,現存,○,,132.3136481,34.22149046
訪問介護,安芸区,3470106190,株式会社ニックス,ニックス安芸訪問介護事業所,736-0082,広島市安芸区船越南二丁目６番６号,082-821-1333,082-821-2206,現存,○,,132.3117487,34.22248721
訪問介護,安芸区,3470101415,医療法人社団長寿会,ヘルパーステーション長寿会,739-0323,広島市安芸区中野東六丁目３番３６号,082-554-4784,082-554-5022,現存,○,,132.3458733,34.24110337
訪問介護,安芸区,3470101142,社会福祉法人慈楽福祉会,あきなかの訪問介護事業所,739-0321,広島市安芸区中野二丁目１５－７,082-573-7111,082-893-0522,現存,○,,132.3340875,34.2324086
訪問介護,安芸区,3470110101,株式会社アクティ,介護ステーション遊,736-0087,広島市安芸区矢野町寺屋敷７５２番地６９６,082-888-6608,0823-26-8060,現存,○,,132.3306088,34.19006654
訪問介護,安芸区,3470105606,ほほえみ株式会社,ほほえみ安芸路訪問介護事業所,736-0083,広島市安芸区矢野東五丁目７番２３号,082-888-3232,082-888-6969,現存,○,,132.3216991,34.21129487
訪問介護,安芸区,3470102066,医療法人あかね会,土谷ヘルパーステーション矢野,736-0083,広島市安芸区矢野東二丁目３０番２４号,082-820-4825,082-820-4826,現存,○,,132.3211534,34.21193383
訪問介護,佐伯区,3470214622,株式会社ＣＡＮＯＷ,ヘルパーステーションしるし,731-5133,広島市佐伯区旭園５番５８号２階,082-943-7710,082-942-2682,現存,○,,132.2205886,34.21546911
訪問介護,佐伯区,3470212709,一般社団法人広島市佐伯区医師会,ヘルパーステーションみなみ,731-5135,広島市佐伯区海老園一丁目５番４０号,082-925-0558,082-925-0570,現存,○,,132.2132185,34.21496598
訪問介護,佐伯区,3470215744,医療法人アルパ会,アルパカ訪問介護事業所,731-5124,広島市佐伯区皆賀一丁目１０番４号,082-921-8888,,現存,○,,132.2210777,34.22176339
訪問介護,佐伯区,3470206776,社会福祉法人三篠会,ヘルパーステーション楽々園ｋｉｓｕｉ,731-5136,広島市佐伯区楽々園五丁目１５番２２号,082-922-2555,082-922-2565,現存,○,,132.2106502,34.21337664
訪問介護,佐伯区,3470210265,医療法人社団一陽会,クローバーヘルパーステーション,731-5136,広島市佐伯区楽々園三丁目１４番３号,082-943-7088,082-943-8588,現存,○,,132.2125178,34.21484215
訪問介護,佐伯区,3470203393,株式会社不二ビルサービス,ヘルパーステーションふじ五日市,731-5136,広島市佐伯区楽々園三丁目５番２８号楽々園Ｎビル１０３号室,082-943-8966,082-943-8967,現存,○,,132.2116719,34.21492923
訪問介護,佐伯区,3470214069,株式会社サンイーズ,サンスマイル,731-5136,広島市佐伯区楽々園二丁目１番２９－３０２号,082-924-3315,082-207-3325,現存,○,,132.2111395,34.21511904
訪問介護,佐伯区,3470201215,株式会社クォーレ,株式会社クォーレ広島西支店,731-5157,広島市佐伯区観音台二丁目３０番６号,082-943-9101,082-943-9097,現存,○,,132.2053329,34.23024474
訪問介護,佐伯区,3470211768,株式会社IMA,介護サービスみさと,731-5132,広島市佐伯区吉見園２番９－５０１号,082-961-4801,082-961-4802,現存,○,,132.2210394,34.21576596
訪問介護,佐伯区,3470215603,ＭＡＮＹ　ＰＥＯＰＬＥ株式会社,訪問介護メニーピープル広島西,731-5101,広島市佐伯区五月が丘一丁目３３番３－４０１号,082-961-4065,082-961-4068,現存,○,,132.2420732,34.25082002
訪問介護,佐伯区,3470213533,株式会社日本エルダリーケアサービス,おおぞら介護佐伯サービスセンター,731-5125,広島市佐伯区五日市駅前三丁目５番３３号コラールＭＳ１０１号,082-943-7203,082-923-1421,現存,○,,132.220027,34.22112673
訪問介護,佐伯区,3470212246,株式会社ＩＬ,ヘルパーステーションつばき,731-5127,広島市佐伯区五日市七丁目９番１８号上田ビル１階北側,082-923-7890,082-923-7890,現存,○,,132.2133464,34.22368224
訪問介護,佐伯区,3470208814,富士メディカル株式会社,メリィヘルパーセンター,731-5128,広島市佐伯区五日市中央一丁目１４番６号,082-942-3230,082-943-8718,現存,○,,132.2119246,34.21585374
訪問介護,佐伯区,3470215355,Common株式会社,コモンヘルパーステーション五日市,731-5128,広島市佐伯区五日市中央三丁目１番５号,082-961-3197,082-961-3510,現存,○,,132.2114439,34.22145082
訪問介護,佐伯区,3470215025,ベストパートナーズ株式会社,ヘルパーステーションさん和五日市,731-5128,広島市佐伯区五日市中央四丁目１３番１２－３０１号,082-922-7889,082-922-7889,現存,○,,132.2115302,34.22179922
訪問介護,佐伯区,3470210075,株式会社ネクストブレイン,ヘルパーステーションひかり,731-5128,広島市佐伯区五日市中央四丁目１３番１２号,082-275-6555,082-275-6556,現存,○,,132.2115302,34.22179922
訪問介護,佐伯区,3470214838,株式会社サポートスタッフ・アン,ヘルパーステーションアン,731-5128,広島市佐伯区五日市中央四丁目２－４８－１Ｆ,082-942-1933,,現存,○,,132.2121969,34.2222113
訪問介護,佐伯区,3470205299,株式会社アイ・テック,株式会社アイ・テック介護サービスふれあい・五日市事業所,731-5128,広島市佐伯区五日市中央七丁目２５番１号アサヒ第１２ビル３Ｆ,082-943-7531,082-943-7532,現存,○,,132.2136281,34.22527777
訪問介護,佐伯区,3470201629,有限会社ケアメイトおおはら,有限会社ケアメイトおおはら,731-5128,広島市佐伯区五日市中央二丁目３番９－９号,082-943-0753,082-923-7782,現存,○,,132.2118985,34.22104658
訪問介護,佐伯区,3470209234,株式会社ニチイ学館,ニチイケアセンター五日市中央,731-5128,広島市佐伯区五日市中央二丁目７番２１号,082-943-4580,082-943-4589,現存,○,,132.211338,34.22064739
訪問介護,佐伯区,3470202858,社会福祉法人三篠会,ヘルパーステーション鈴が峰,731-5122,広島市佐伯区五日市町皆賀１０４番地２７,082-943-8888,082-943-7788,現存,○,,132.2220531,34.22524974
訪問介護,佐伯区,3470214556,株式会社ニックス,ニックス佐伯訪問介護事業所,731-5144,広島市佐伯区三筋一丁目９番３号,082-942-1112,082-943-5070,現存,○,,132.2048556,34.21548458
訪問介護,佐伯区,3470208434,サンキ・ウエルビィ株式会社,サンキ・ウエルビィ介護センター佐伯,731-5155,広島市佐伯区城山一丁目３番８－１号,082-942-3270,082-924-8030,現存,○,,132.2119978,34.23084356
訪問介護,佐伯区,3470211016,有限会社リラックス,訪問介護事業所りらっくす五日市,731-5126,広島市佐伯区新宮苑８番１７号,082-208-2851,082-208-2852,現存,○,,132.2148325,34.22150127
訪問介護,佐伯区,3470206065,広島中央保健生活協同組合,コープ五日市ヘルパーステーション,731-5141,広島市佐伯区千同一丁目２１番１６号,082-943-6511,082-943-6510,現存,○,,132.2107061,34.22369625
訪問介護,佐伯区,3470211081,株式会社Ｂ・Ｈ,訪問介護事業所Ｂエイチ,731-5141,広島市佐伯区千同二丁目１番２１－１０４号,082-942-0950,082-942-0949,現存,○,,132.211667,34.22483676
訪問介護,佐伯区,3470213491,社会福祉法人かきつばた福祉会,ヘルパーステーションいつかいち福寿苑,731-5142,広島市佐伯区坪井一丁目３１番７号,082-943-2110,082-943-2115,現存,○,,132.2103679,34.22303148
訪問介護,佐伯区,3470214879,合同会社悠,悠ヘルパーステーション,731-5142,広島市佐伯区坪井二丁目１０７６番地２０１,082-961-6931,,現存,○,,132.2040538,34.22476872
訪問介護,佐伯区,3470215959,株式会社湯来野の花,野の花訪問介護事業所,738-0603,広島市佐伯区湯来町下９８７番地,0826-23-0005,,現存,○,,132.2051197,34.33061372
訪問介護,佐伯区,3470210018,一般社団法人フッフール,訪問介護事業所リトル・マロン,738-0512,広島市佐伯区湯来町白砂２４番地２,0829-86-0438,082-553-0393,現存,○,,132.1736425,34.25196663
訪問介護,佐伯区,3470212915,株式会社ウェブ・エージェンシー,ヘルパーセンターi・ケアゆき,738-0513,広島市佐伯区湯来町伏谷乙１３６１番地,0829-40-5141,0829-86-2988,現存,○,,132.1717969,34.27007911
訪問介護,佐伯区,3473300717,特定非営利活動法人サンピアゆき,湯来町サンピア訪問介護事業所,738-0601,広島市佐伯区湯来町和田３３３番地広島市湯来福祉会館内,0829-83-0858,0829-83-0195,現存,○,,132.16411,34.2927614
訪問介護,佐伯区,3470213822,有限会社バースト,ヘルパーステーション八幡,731-5116,広島市佐伯区八幡五丁目６番１８号,082-961-6666,082-961-6640,現存,○,,132.2124826,34.24072452
訪問介護,佐伯区,3470214507,株式会社やさしい手,やさしい手八幡訪問介護事業所,731-5116,広島市佐伯区八幡四丁目５番１５号,050-1751-2838,050-3730-7782,現存,○,,132.2130044,34.23445487
訪問介護,佐伯区,3470206925,株式会社Ｈｏｎｏｋａ,ほのか,731-5116,広島市佐伯区八幡四丁目５番１８号,082-926-3664,082-928-9220,現存,○,,132.2130181,34.23433184
訪問介護,佐伯区,3470207774,株式会社やまと,やまと自立支援センター,731-5115,広島市佐伯区八幡東一丁目８番２１号,082-929-5351,082-929-5352,現存,○,,132.2159342,34.23060969
訪問介護,佐伯区,3470215488,合同会社アズイズＬＩＮＫ,ホームケアコモエス,731-5115,広島市佐伯区八幡東三丁目２９番１０－４０４号,082-942-3833,082-942-5733,現存,○,,132.2145628,34.23009332
訪問介護,佐伯区,3470207444,ほほえみ株式会社,ほほえみ広島西訪問介護事業所,731-5115,広島市佐伯区八幡東四丁目２６番５号,082-927-6600,082-927-6601,現存,○,,132.2155382,34.23407061
訪問介護,佐伯区,3470204607,株式会社ニチイ学館,ニチイケアセンター五日市東,731-5115,広島市佐伯区八幡東四丁目２８番３５－１４号,082-926-4580,082-929-7411,現存,○,,132.2159448,34.23345312
訪問介護,佐伯区,3470212766,アコースアイエヌシージャパン株式会社,介護ステーションアコース,731-5115,広島市佐伯区八幡東四丁目３４－１０,082-533-7197,082-299-0671,現存,○,,132.2156217,34.2329309
訪問介護,佐伯区,3470202221,医療法人あかね会,土谷ヘルパーステーション佐伯,731-5137,広島市佐伯区美の里一丁目４番２１号,082-925-0770,082-925-0772,現存,○,,132.2050712,34.21383554
訪問介護,佐伯区,3470213962,株式会社Ｇｏ＆Ｄｏ,Ｇｏ＆Ｄｏ訪問介護,731-5114,広島市佐伯区美鈴が丘西二丁目４番２３号,082-559-5552,082-559-5553,現存,○,,132.2301552,34.23416959
訪問介護,佐伯区,3470215496,株式会社おかえり,ヘルパーステーションおもち,731-5106,広島市佐伯区利松一丁目２６番１３号,082-942-6681,082-942-6682,現存,○,,132.2150323,34.23327889
訪問入浴介護,中区,3470201355,社会福祉法人福祉広医会,悠悠タウン江波訪問入浴サービス,730-0831,広島市中区江波西二丁目１４番８号,082-296-4880,082-296-4818,現存,○,○,132.2544231,34.22049335
訪問入浴介護,中区,3470210851,株式会社ＡＳＣａｒｅ,アスケア訪問入浴広島中,730-0843,広島市中区舟入本町５番６号,050-3317-7710,082-533-6127,現存,○,○,132.2635816,34.2307811
訪問入浴介護,中区,3470214192,株式会社ツクイ,ツクイ広島南千田,730-0054,広島市中区南千田東町４番２８号,082-545-8055,082-545-8056,現存,○,,132.2729236,34.22262694
訪問入浴介護,南区,3470106042,株式会社ＡＳＣａｒｅ,アスケア訪問入浴広島南,734-0007,広島市南区皆実町四丁目６番１号第５松本ビル１０１号,050-3317-7705,082-250-0567,現存,○,○,132.2815046,34.22356293
訪問入浴介護,西区,3470200506,サンキ・ウエルビィ株式会社,サンキ・ウエルビィ介護センター本店,733-0833,広島市西区商工センター六丁目１番１１号,082-278-1330,082-278-2115,現存,○,,132.2322957,34.22104329
訪問入浴介護,西区,3470204490,アースサポート株式会社,アースサポート広島,733-0004,広島市西区打越町１２番２１号,082-239-6811,082-239-6722,現存,○,○,132.2657832,34.24397826
訪問入浴介護,安佐南区,3470205612,株式会社ＡＳＣａｒｅ,アスケア訪問入浴安佐南,731-0123,広島市安佐南区古市一丁目30番10号裕紀マンション101号室,050-3317-7706,082-876-2567,現存,○,○,132.2813135,34.27036068
訪問入浴介護,安佐南区,3470200969,社会福祉法人慈光会,慈光園訪問入浴介護事業所,731-0144,広島市安佐南区高取北一丁目１７番４１号,082-878-8005,082-878-8037,休止,○,,132.2628638,34.2838481
訪問入浴介護,安佐南区,3470207378,サンキ・ウエルビィ株式会社,サンキ・ウエルビィ介護センター祇園,731-0137,広島市安佐南区山本四丁目１１番２４号,082-850-2380,082-846-0032,現存,○,○,132.2655613,34.26151414
訪問入浴介護,安佐北区,3470106984,アースサポート株式会社,アースサポート広島安佐,731-0221,広島市安佐北区可部三丁目３７番３２号,082-815-5700,082-815-5703,現存,○,○,132.3040308,34.31064732
訪問看護,中区,3460291895,株式会社ストック,訪問看護ステーションソラナス十日市,730-0851,広島市中区榎町２番１２号門出ビル１Ｆ,082-533-7313,082-533-7314,現存,○,○,132.2643026,34.23502597
訪問看護,中区,3460191236,株式会社きらり,ルクス訪問看護,730-0812,広島市中区加古町１番２３－４０２号,082-569-6933,082-569-6934,現存,○,○,132.2700124,34.23201185
訪問看護,中区,3460290533,株式会社あすか,訪問看護ステーションあすか,730-0856,広島市中区河原町７番１０号Ｉｓｔｙｌｅ河原町２０１号室,082-292-5767,082-299-9808,現存,○,○,132.2648159,34.23200636
訪問看護,中区,3460190527,社会福祉法人福祉広医会,悠悠タウン基町訪問看護ステーション,730-0011,広島市中区基町１９番２－４１１号,082-502-7557,082-502-7966,現存,○,○,132.2722816,34.24149297
訪問看護,中区,3460191335,株式会社NEWS,ニュース訪問看護ステーション,730-0823,広島市中区吉島西一丁目7番2号,082-545-6668,082-545-6689,現存,○,○,132.265227,34.22343572
訪問看護,中区,3460191400,株式会社メディニック,おはな訪問看護ステーション,730-0823,広島市中区吉島西二丁目８番１８号リバティ吉島４０３号室,082-569-8267,,現存,○,○,132.2641454,34.22290528
訪問看護,中区,3460190113,国家公務員共済組合連合会,吉島病院訪問看護ステーションわかば,730-0822,広島市中区吉島東三丁目２番３３号,082-241-2167,082-545-5748,現存,○,○,132.2703684,34.22094344
訪問看護,中区,3460190899,あなぶきメディカルケア株式会社,あなぶきケアサービス広島訪問看護事業所,730-0825,広島市中区光南一丁目２番２３号,082-236-6156,082-545-2226,現存,○,○,132.2654891,34.22087428
訪問看護,中区,3460290673,サンキ・ウエルビィ株式会社,サンキ・ウエルビィ訪問看護ステーション吉島,730-0825,広島市中区光南四丁目５番１号,082-961-3112,082-247-6021,現存,○,○,132.2646931,34.21588843
訪問看護,中区,3460190618,株式会社あいりす,訪問看護ステーション　あいりす,730-0825,広島市中区光南二丁目１１番４号,082-543-4876,082-249-3242,現存,○,○,132.2643826,34.22051686
訪問看護,中区,3460191046,株式会社ひなた,訪問看護リハビリステーションひなた吉島,730-0825,広島市中区光南二丁目３番４５号,082-236-6125,082-236-6126,現存,○,○,132.264165,34.22104999
訪問看護,中区,3460291655,株式会社慈莉庵,ぽかぽか,730-0831,広島市中区江波西二丁目８番１２号,082-291-1498,082-291-1503,現存,○,○,132.2547907,34.22089094
訪問看護,中区,3460290079,社会福祉法人福祉広医会,悠悠タウン江波訪問看護ステーション,730-0834,広島市中区江波二本松二丁目６番２７号,082-296-4810,082-533-7100,現存,○,○,132.2552243,34.22030507
訪問看護,中区,3460191491,医療法人社団生和会,たかの橋訪問看護ステーション,730-0042,広島市中区国泰寺町二丁目４番１６号,082-504-6620,082-504-6640,現存,○,○,132.271606,34.23007107
訪問看護,中区,3460292133,株式会社ＹｕｉＹｕｉ,訪問看護ステーションゆいゆい,730-0853,広島市中区堺町二丁目１番３－３０２号,050-8883-8117,050-8883-8160,現存,○,○,132.2645979,34.23422762
訪問看護,中区,3460291994,ＦａｓｔＣａｒｅ株式会社,訪問看護ステーションだんだん,730-0845,広島市中区舟入川口町１０番３１号沖本ビル２０１,082-532-1353,082-532-1354,現存,○,○,132.2632516,34.22532342
訪問看護,中区,3460291333,グリーンライフ株式会社,グリーンライフ訪問看護ステーション広島,730-0841,広島市中区舟入町３番９号,082-536-3777,082-536-3778,現存,○,○,132.263857,34.23294455
訪問看護,中区,3460291275,株式会社　サンライズ,あすなろ訪問看護ステーション,730-0847,広島市中区舟入南三丁目８番１２号マンション柏吹１０３号,082-275-6966,082-275-6971,現存,○,○,132.2611026,34.22387703
訪問看護,中区,3460290962,株式会社彩縁舎,エイトケア,730-0847,広島市中区舟入南二丁目１番６号レジデンス松本１階,082-296-3066,082-296-3076,現存,○,○,132.2620396,34.2247426
訪問看護,中区,3460292059,株式会社カルムケア,カルム訪問看護ステーション中,730-0843,広島市中区舟入本町９番２０－２０１号,082-299-5155,082-299-7766,現存,○,○,132.2626133,34.23106506
訪問看護,中区,3460191582,株式会社Tiara,すまいる訪問看護ステーション,730-0813,広島市中区住吉町１３番１０－２０１号,082-236-1808,082-236-1807,現存,○,○,132.2655991,34.22589135
訪問看護,中区,3460191624,株式会社como,訪問看護ステーションcomocare,730-0813,広島市中区住吉町20番17-504号,082-258-8239,082-258-9885,現存,○,○,132.265928,34.22579215
訪問看護,中区,3460291911,株式会社ホロン,訪問看護ステーションすずらん中央,730-0805,広島市中区十日市町一丁目６番１８号,082-299-0543,082-299-0609,現存,○,○,132.2652061,34.23457211
訪問看護,中区,3460292166,株式会社クラリス,在宅看護総合ステーションカピリナ,730-0805,広島市中区十日市町二丁目９番２４ー２０２号,080-6320-6681,,現存,○,○,132.2652686,34.23556965
訪問看護,中区,3460191129,にじのはな株式会社,にじのはな在宅看護センター,730-0046,広島市中区昭和町１０番１５号,082-258-3339,,現存,○,○,132.2747105,34.22586063
訪問看護,中区,3460291622,株式会社Niji,むすび訪問看護ステーション広島,730-0806,広島市中区西十日市町3番30号Do-Culture502,082-942-5993,082-942-5996,現存,○,○,132.2642214,34.2357216
訪問看護,中区,3460190287,日本赤十字社,広島赤十字・原爆病院訪問看護ステーション,730-8619,広島市中区千田町一丁目９番６号,082-241-8311,082-241-0922,現存,○,○,132.2714998,34.22510085
訪問看護,中区,3460191525,株式会社ＯｌｕＯｌｕＢａｓｅ,おるおる訪問看護ステーション,730-0052,広島市中区千田町三丁目１１番２５-２０２号,082-207-2981,,現存,○,○,132.2731576,34.22324876
訪問看護,中区,3460191301,株式会社Zartheit. NUKUMORI,訪問看護ステーションぬくもり,730-0051,広島市中区大手町一丁目７番２１－３０１号,082-298-1135,,現存,○,○,132.2716974,34.23385154
訪問看護,中区,3460190980,株式会社２Natural,シトラス訪問看護ステーション,730-0051,広島市中区大手町五丁目１５番８号,082-545-2263,082-545-2265,現存,○,○,132.2708424,34.22547736
訪問看護,中区,3460191343,SOMPOケア株式会社,SOMPOケア平和公園訪問看護,730-0051,広島市中区大手町三丁目１１番２０号,082-246-7608,082-246-7576,現存,○,○,132.2706365,34.23136467
訪問看護,中区,3460191277,医療法人社団おると会,はまわき訪問看護ステーション,730-0051,広島市中区大手町四丁目６番６号,082-240-1166,082-240-1122,現存,○,○,132.2710826,34.2306503
訪問看護,中区,3460190147,医療法人あかね会,土谷訪問看護ステーション中島,730-0811,広島市中区中島町３番３０号,082-544-2789,082-544-2790,現存,○,○,132.2706381,34.2324915
訪問看護,中区,3460191244,医療法人翠清会,翠清会梶川病院訪問看護ステーション,730-0053,広島市中区東千田町一丁目１番２３号,082-249-6411,082-244-7190,休止,○,○,132.2733544,34.22553367
訪問看護,中区,3460191517,株式会社Life plus,よつ葉訪問看護ステーション,730-0053,広島市中区東千田町二丁目１２番１８号,082-569-7824,082-569-7825,現存,○,○,132.2736833,34.22360069
訪問看護,中区,3460291184,株式会社シンシード,あゆみ訪問看護ステーション,730-0852,広島市中区猫屋町４番１７号,082-299-8620,082-942-3824,現存,○,○,132.2651253,34.234303
訪問看護,中区,3460190717,株式会社ニーズ,訪問看護ステーションニーズ,730-0003,広島市中区白島九軒町１９番６号,082-846-5252,082-846-5255,現存,○,○,132.2803277,34.24230981
訪問看護,中区,3460290723,株式会社奏音,いろは訪問看護リハビリステーション,730-0002,広島市中区白島中町１７番２６－１０１号スタープラザ白島中町,082-846-4168,082-846-4169,現存,○,○,132.2756137,34.24258985
訪問看護,中区,3460190709,株式会社ユーワ,訪問看護ステーションえがお,730-0001,広島市中区白島北町３番１号２階西側号室,082-512-3254,082-512-3253,現存,○,○,132.2748019,34.24403422
訪問看護,中区,3460190030,社会福祉法人広島ＹＭＣＡ福祉会,ＹＭＣＡ訪問看護ステーション・ピース,730-8523,広島市中区八丁堀７番１１号,082-225-3020,082-225-3032,現存,○,○,132.2744963,34.23466871
訪問看護,中区,3460291002,株式会社地域医療と教育を考える会,訪問看護リハステーションＬｉｆｅ,730-0802,広島市中区本川町一丁目１番２４－３０５号,090-6417-0196,082-533-8675,現存,○,○,132.2702334,34.23476898
訪問看護,中区,3460290749,株式会社ｙａｓａｓｈｉｏ,三ツ星訪問看護リハビリステーション,730-0802,広島市中区本川町三丁目４番１２号,082-208-3104,082-208-3105,現存,○,○,132.2701498,34.23559467
訪問看護,中区,3460191061,帝人訪問看護ステーション株式会社,幟町訪問看護ステーション,730-0016,広島市中区幟町１４番１４号広島教販ビル５階,082-212-0036,082-211-2223,現存,○,○,132.275899,34.23369541
訪問看護,東区,3460191293,株式会社びゃくえ,訪問看護ステーションみのあか,732-0033,広島市東区温品五丁目２番２７号温品ビル２０７,082-516-5603,082-516-5604,現存,○,○,132.3027784,34.24452676
訪問看護,東区,3460190535,医療法人おかもと整形外科クリニック,おかもとリハビリ訪問看護ステーション,732-0033,広島市東区温品七丁目５番１２号,082-516-5855,082-516-6630,現存,○,○,132.3034826,34.24572627
訪問看護,東区,3460191426,株式会社ＬＩＬＥ　ＴＨＥ　ＳＴＹＬＥ,訪問看護ステーションおもてなし,732-0033,広島市東区温品二丁目２２－９インターハイツパートナーマンション２０２号室,082-280-1011,082-280-5525,現存,○,○,132.3026621,34.24136847
訪問看護,東区,3460191327,合同会社B.ｆ.,訪問看護ステーションコドモワ,732-0068,広島市東区牛田新町一丁目7番２３－301号,082-554-2211,,現存,○,,132.2756244,34.25121404
訪問看護,東区,3460191509,株式会社イシダ,訪問看護ステーション結,732-0062,広島市東区牛田早稲田一丁目２２番１３号ビーズステージ８１０１号,082-264-3200,082-943-6322,現存,○,○,132.2833707,34.24342971
訪問看護,東区,3460291408,合同会社カーム,訪問看護リハビリラナ,732-0063,広島市東区牛田東二丁目１番２６－１号エルズ牛田B棟,082-836-7266,082-836-7267,現存,○,○,132.2841058,34.24380898
訪問看護,東区,3460190451,医療法人社団聖愛会,医療法人社団聖愛会牛田クリニック訪問看護ステーション,732-0066,広島市東区牛田本町三丁目６番４号,082-222-2144,082-223-3117,現存,○,○,132.2810436,34.24350933
訪問看護,東区,3460190089,公益社団法人広島県看護協会,広島県看護協会訪問看護ステーション「ひろしま」,732-0066,広島市東区牛田本町六丁目１番２７号,082-502-2165,082-502-2166,現存,○,○,132.2802818,34.24548296
訪問看護,東区,3460190303,医療法人社団輔仁会,太田川病院訪問看護ステーション,732-0002,広島市東区戸坂山根一丁目２４番２０号,082-220-1551,082-220-5551,現存,○,○,132.2922008,34.2601251
訪問看護,東区,3460190832,株式会社なぎ,なぎリハビリ訪問看護ステーション,732-0009,広島市東区戸坂千足二丁目５番１３号（２０３）,082-824-8123,082-824-8124,現存,○,○,132.2906102,34.26179914
訪問看護,東区,3460190048,医療法人社団アイオワ,ほのぼの訪問看護ステーション,732-0009,広島市東区戸坂千足二丁目５番１６号,082-220-0636,082-220-0636,現存,○,○,132.2906157,34.26167493
訪問看護,東区,3460190626,医療法人社団和風会,訪問看護ステーションりんご,732-0013,広島市東区戸坂南二丁目９番１０号,082-516-5201,082-516-5202,現存,○,○,132.2935876,34.25229072
訪問看護,東区,3460190519,株式会社Ｎ・フィールド,訪問看護ステーションデューン広島,732-0051,広島市東区光が丘８番５号ツイン・ヒルズウエスト１０１号,082-207-1205,082-207-1206,現存,○,○,132.2847481,34.24113659
訪問看護,東区,3460190253,株式会社ホームナース中国,訪問看護ステーションホームナース中国,732-0052,広島市東区光町二丁目１４番２０－２０１号,082-567-2151,082-567-2152,現存,○,○,132.2901734,34.23576177
訪問看護,東区,3460191053,株式会社ストック,訪問看護ステーションソラナス,732-0053,広島市東区若草町１０番１２号７Ｆ－６,082-207-3062,082-207-3063,現存,○,○,132.2846685,34.23520437
訪問看護,東区,3460190014,医療法人たかまさ会,訪問看護ステーションふれあい,732-0032,広島市東区上温品一丁目２４番９号,082-280-4610,082-280-2357,現存,○,○,132.3044531,34.25179639
訪問看護,東区,3460191608,一般社団法人咲く未来,訪問看護ステーションみらさく,732-0025,広島市東区中山西一丁目１番３２ー２０５号,082-881-4885,082-881-4886,現存,○,○,132.2939597,34.24263852
訪問看護,東区,3460190915,合同会社エーアイシー,ＡＩＣ訪問看護ステーション,732-0023,広島市東区中山東二丁目２番１９,082-259-3115,082-298-5244,現存,○,○,132.3019472,34.24380259
訪問看護,東区,3460191350,株式会社ひかり,訪問看護ステーションそれいゆ広島東,732-0055,広島市東区東蟹屋町１０番３３号,080-3057-9769,,現存,○,○,132.2901309,34.23451932
訪問看護,東区,3460191210,株式会社ツクイ,ツクイ広島東訪問看護ステーション,732-0055,広島市東区東蟹屋町５番５号広島駅東５５ビル５階,082-506-2026,082-506-2028,現存,○,○,132.2859821,34.23464782
訪問看護,東区,3460191467,医療法人社団ひろまさ会,訪問看護ステーションミルキーケア,732-0046,広島市東区尾長東二丁目５番３３号,082-262-0007,082-263-1818,現存,○,○,132.2917499,34.23545012
訪問看護,東区,3460190493,株式会社ニックス,ニックス訪問看護ステーション,732-0046,広島市東区尾長東二丁目７番２８号,082-209-1511,082-261-8001,現存,○,○,132.2917632,34.23530092
訪問看護,東区,3460191574,株式会社アベニール,HomeCareクレール,732-0042,広島市東区矢賀二丁目８番４６－１０３号,082-258-9466,082-258-9467,現存,○,○,132.2948418,34.24009348
訪問看護,南区,3460191434,株式会社ｗｉｔｈ,広島ｗｉｔｈ訪問看護ステーション,734-0036,広島市南区旭一丁目１番２０号アルザス旭町２０１号室,080-2683-8544,,現存,○,○,132.2840583,34.22341577
訪問看護,南区,3460191145,株式会社S・V・N,訪問看護ステーションみなみ,734-0015,広島市南区宇品御幸二丁目４番７号,082-252-1373,082-255-8769,現存,○,○,132.2747388,34.22001168
訪問看護,南区,3460191475,合同会社桜,桜ステーション,734-0014,広島市南区宇品西四丁目４番４号第二広州ビル２０４号室,082-563-7478,082-563-7478,現存,○,○,132.2736499,34.21242611
訪問看護,南区,3460191079,株式会社ツクイ,ツクイ広島訪問看護ステーション,734-0007,広島市南区皆実町一丁目19－６東畠ビル１階,082-250-0212,,現存,○,○,132.2814042,34.22378166
訪問看護,南区,3460190790,株式会社OFFICE・NAO,ハーモニー・ナースケア,734-0007,広島市南区皆実町三丁目１番１８号,082-258-1504,082-258-1506,現存,○,○,132.2802011,34.22386403
訪問看護,南区,3460191137,株式会社ルピナス訪問看護ステーション,株式会社ルピナス訪問看護ステーション,734-0007,広島市南区皆実町四丁目２番２２－１００,082-252-2344,082-252-2345,現存,○,○,132.2816186,34.22365238
訪問看護,南区,3460190782,株式会社不二ビルサービス,訪問看護ステーションふじ段原,732-0825,広島市南区金屋町４番１７号,082-567-5873,082-567-5874,休止,○,○,132.2822945,34.23315335
訪問看護,南区,3460190162,医療法人和同会,訪問看護ステーションハローナースシーサイド,734-0012,広島市南区元宇品町２６番２０号,082-255-1424,082-255-6826,現存,○,○,132.2732707,34.20548621
訪問看護,南区,3460191202,一般社団法人広島海技学院,訪問看護リハステーションなぎさ,734-0012,広島市南区元宇品町４１番地１８号,082-250-5330,082-258-5226,現存,○,○,132.2746886,34.20483165
訪問看護,南区,3460190196,医療法人あかね会,土谷訪問看護ステーション出汐,734-0001,広島市南区出汐一丁目７番１６号,082-250-1577,082-250-1578,現存,○,○,132.2831806,34.22461638
訪問看護,南区,3460190279,医療法人比治山病院,訪問看護ステーション比治山,734-0021,広島市南区上東雲町３３番２０号,082-890-7877,082-890-7877,現存,○,,132.2905224,34.23014873
訪問看護,南区,3460190063,医療法人社団広島厚生会,訪問看護ステーションほほえみ,734-0024,広島市南区仁保新町一丁目５番２７号,082-286-6121,082-236-7445,現存,○,○,132.2927102,34.22390371
訪問看護,南区,3460290913,株式会社河村福祉サービス,さくらの森訪問看護ステーション,734-0027,広島市南区仁保南二丁目１７番３５号,082-207-0508,082-207-0922,現存,○,○,132.2943673,34.2144239
訪問看護,南区,3460191087,合同会社ＳｍileNeo,訪問看護ステーションエムスマイル,734-0005,広島市南区翠五丁目１２番１０－２０１号アメニティ翠,082-258-2065,082-258-2064,現存,○,○,132.2812582,34.22067849
訪問看護,南区,3460190931,有限会社慈恵コーポレイション,訪問看護愛,734-0005,広島市南区翠四丁目２番２号第一落海ビル３０３号,082-250-3607,082-250-3608,現存,○,○,132.2825585,34.22102654
訪問看護,南区,3460191103,株式会社ＲＨＭｓ,訪問看護ステーションレジハピ,734-0005,広島市南区翠四丁目６番２０－１０２号,082-505-2310,082-505-2311,現存,○,○,132.2814371,34.22068006
訪問看護,南区,3460190907,株式会社ホロン,訪問看護ステーションすずらん,734-0002,広島市南区西旭町１０番５号,082-236-9009,082-236-9112,現存,○,○,132.2825655,34.22200416
訪問看護,南区,3460190998,株式会社カルムケア,カルム訪問看護ステーション南,734-0002,広島市南区西旭町１４－２４－２０１,082-546-9238,082-546-9239,現存,○,○,132.2829584,34.22171944
訪問看護,南区,3460191541,株式会社アイリーライフ,訪問看護ステーション光那,734-0045,広島市南区西本浦町１６番８ー２０２号,082-258-7122,082-258-7123,現存,○,○,132.2905331,34.22279053
訪問看護,南区,3460190972,９SMET株式会社,９すめっと訪問看護ステーション,734-0053,広島市南区青崎二丁目５番１１号,082-569-9961,082-569-9516,現存,○,○,132.3025558,34.22266367
訪問看護,南区,3460191228,株式会社Shine,訪問看護ステーションかがやき南,732-0802,広島市南区大州三丁目７番２－１０１号,082-288-3150,082-288-3152,現存,○,○,132.2939022,34.23164199
訪問看護,南区,3460191533,合同会社ボランテ,訪問看護ステーションなごみ,732-0802,広島市南区大州二丁目５番２７号,070-2792-0005,,現存,○,○,132.2925534,34.23260396
訪問看護,南区,3460190667,医療法人健康の風,訪問看護ステーションＬｉｆｅ　Ｌｏｏｐ,732-0811,広島市南区段原三丁目２番１９号グランシャリオＫ１階,082-261-5507,082-567-5506,現存,○,○,132.2837566,34.23245269
訪問看護,南区,3460190733,有限会社まごころネット,訪問看護ステーションまごころ,732-0811,広島市南区段原三丁目３番２７号,082-568-7339,082-568-7373,現存,○,○,132.2838468,34.23209648
訪問看護,南区,3460191095,医療法人好縁会,ふれあい訪問看護ステーション段原,732-0819,広島市南区段原山崎三丁目６番１号,082-207-2866,082-286-8866,休止,○,○,132.2856002,34.23040687
訪問看護,南区,3460191459,株式会社タンポポ,訪問看護ステーションタンポポ,732-0814,広島市南区段原南一丁目１９番２７号パークコートＳ－１２０１号室,050-8883-0359,050-8883-0757,現存,○,○,132.2836797,34.22555027
訪問看護,南区,3460191160,株式会社彩縁舎,エイトケア南,732-0814,広島市南区段原南二丁目３番１１号,082-569-5700,082-569-5711,現存,○,○,132.2839777,34.23069
訪問看護,南区,3460191038,株式会社ピース,訪問看護ステーショングリーンピース,732-0824,広島市南区的場町二丁目６－３ＪＨ的場３０１号室,082-909-2920,082-554-0833,現存,○,○,132.2831636,34.2330819
訪問看護,南区,3460191384,株式会社ＰＩＥＣＥ,訪問看護ピース,734-0022,広島市南区東雲一丁目８番１９号ＰＩＥＣＥビル４Ｆ,082-207-2778,082-207-2728,現存,○,○,132.2918465,34.22593393
訪問看護,南区,3460190816,一般社団法人ＭＩＲＡＩ・未来,桜坂訪問看護ステーション,734-0022,広島市南区東雲二丁目５番１７号,082-548-5584,082-548-0273,現存,○,○,132.2921524,34.22527034
訪問看護,南区,3460190675,あいりは株式会社,あいリハ訪問看護広島南,734-0023,広島市南区東雲本町一丁目１４番１６－１号,082-890-6088,082-890-6089,現存,○,○,132.2903416,34.22474927
訪問看護,南区,3460190725,医療法人社団まりも会,訪問看護ステーションサポートひらまつ,732-0816,広島市南区比治山本町１１番３２号,082-250-8063,082-256-3656,現存,○,○,132.2816475,34.22484834
訪問看護,南区,3460191442,株式会社UNITE,みやこ訪問看護ステーション,732-0816,広島市南区比治山本町１６番２号１階,082-569-6385,082-569-6386,現存,○,○,132.2805909,34.22567282
訪問看護,南区,3460190410,有限会社開花,訪問看護ステーション羽ばたき,734-0052,広島市南区堀越三丁目１１番１－１０１号,082-288-6251,082-284-7477,現存,○,○,132.3043635,34.22205789
訪問看護,西区,3460291952,株式会社つくし,訪問看護ステーションつくし,733-0842,広島市西区井口一丁目１番２７号,090-6433-4672,,現存,○,○,132.2326183,34.22334305
訪問看護,西区,3460291457,Common株式会社,コモンリハビリ訪問看護ステーション井口,733-0842,広島市西区井口三丁目１番１４－１０２号,082-942-3601,082-942-3606,現存,○,○,132.2255165,34.22129673
訪問看護,西区,3460292208,株式会社シーユーシー・ホスピス,看護クラーク広島,733-0843,広島市西区井口鈴が台一丁目１番８号,082-299-0311,082-299-2871,現存,○,○,132.2247002,34.22316604
訪問看護,西区,3460291325,あいりは株式会社,あいリハ訪問看護広島西,733-0013,広島市西区横川新町１２番１３号エイトビル横川新町２０２,082-258-5921,082-258-5922,現存,○,○,132.2649896,34.24263655
訪問看護,西区,3460290384,医療法人厚生堂,訪問看護ステーションながさき,733-0013,広島市西区横川新町３番１１号,082-503-3236,082-231-1005,現存,○,○,132.2649083,34.24329432
訪問看護,西区,3460290863,株式会社Ｎ・フィールド,訪問看護ステーションデューン広島西,733-0011,広島市西区横川町一丁目７番７号バルミー横川２０３号,082-232-8075,082-232-8076,現存,○,○,132.2657825,34.24257485
訪問看護,西区,3460291259,株式会社皐月,訪問看護ステーションさつき,733-0036,広島市西区観音新町一丁目３番２５号Ｋビル観音１階,082-942-5100,,現存,○,○,132.2540644,34.22420792
訪問看護,西区,3460290038,広島中央保健生活協同組合,訪問看護ステーション生協コスモス,733-0031,広島市西区観音町１６番１９号,082-532-1375,082-532-1376,現存,○,○,132.2613547,34.23403548
訪問看護,西区,3460292083,株式会社ｗｏｒｔｈ’ｉｔ,ＬＡ・ＬＡＣａｒｅ,733-0033,広島市西区観音本町一丁目３番１６号カーサ・ワタナベ１F,082-554-0400,082-554-0401,現存,○,○,132.261868,34.23218722
訪問看護,西区,3460291606,合同会社リアン,リアン訪問看護ステーション,733-0872,広島市西区古江東町１８番５１号セジュールなごみA２０１号室,082-554-5207,082-554-5203,現存,○,○,132.244058,34.23261062
訪問看護,西区,3460290509,医療法人社団林医院,ルネッサンス訪問看護,733-0815,広島市西区己斐上四丁目３１番７－１５号,082-272-6050,082-273-5508,現存,○,○,132.2515751,34.24374388
訪問看護,西区,3460292141,医療法人社団石田内科,訪問看護ステーションひだまり,733-0815,広島市西区己斐上二丁目１１番３号,082-299-7502,082-272-2335,現存,○,○,132.250953,34.24185577
訪問看護,西区,3460291903,医療法人社団共愛会,訪問看護ステーションソシア,733-0815,広島市西区己斐上六丁目５５４番地の１,082-961-6976,082-272-2185,現存,○,○,132.2533085,34.25387455
訪問看護,西区,3460291283,株式会社SAFARI,訪問看護ステーションはとはと,733-0812,広島市西区己斐本町一丁目５番５号ＳＡＦＡＲＩビル４階,082-208-3517,082-208-3518,現存,○,○,132.2548766,34.23581852
訪問看護,西区,3460290095,医療法人あかね会,土谷訪問看護ステーション西広島,733-0812,広島市西区己斐本町二丁目７番１号,082-507-0855,082-507-0856,現存,○,○,132.2536037,34.2341945
訪問看護,西区,3460291309,帝人訪問看護ステーション株式会社,帝人訪問看護ステーション古江,733-0822,広島市西区庚午中三丁目４番２号ウェール庚午３０２号室,082-507-7729,082-274-7714,現存,○,○,132.2446763,34.2304058
訪問看護,西区,3460191251,株式会社CELEBRATION,風香る訪問看護,733-0822,広島市西区庚午中四丁目７－４－３０１,082-232-3733,082-275-4546,現存,○,○,132.2449947,34.22555822
訪問看護,西区,3460290772,株式会社ひなた,訪問看護リハビリステーションひなた庚午,733-0871,広島市西区高須一丁目１１番１９号,082-507-8101,082-507-8102,現存,○,○,132.2455645,34.23283447
訪問看護,西区,3460291390,アンハードオブ株式会社,訪問看護ステーションパンダケア,733-0003,広島市西区三篠町三丁目４番１１号,082-554-0414,082-554-0415,現存,○,○,132.2719849,34.24564457
訪問看護,西区,3460292034,株式会社アンビス,医心館訪問看護ステーション広島横川,733-0005,広島市西区三滝町１２番２２号,082-836-7230,,現存,○,○,132.2658831,34.24525043
訪問看護,西区,3460291374,ブルーエージェンシー株式会社,訪問看護ステーションメイプルケア,733-0025,広島市西区小河内町二丁目１番１０号,082-295-1177,082-295-1178,現存,○,○,132.2623038,34.2407266
訪問看護,西区,3460290558,株式会社エムエーエス,きらり訪問看護ステーション,733-0037,広島市西区西観音町１番１０号AXIS-WILL西観音sta.202号室,082-297-4360,082-297-4345,現存,○,○,132.2618805,34.23343515
訪問看護,西区,3460290178,広島中央保健生活協同組合,訪問看護ステーション草津かもめ,733-0861,広島市西区草津東一丁目１１番１９号,082-507-7015,082-273-6689,現存,○,○,132.2422836,34.22437391
訪問看護,西区,3460290798,株式会社インフィニ,訪問看護ステーションリライフ井口,733-0863,広島市西区草津南三丁目７番１３号,082-533-8772,082-533-8773,現存,○,○,132.2341589,34.22370828
訪問看護,西区,3460290152,医療法人社団更生会,訪問看護ステーションこころーれ草津,733-0864,広島市西区草津梅が台８番１号,082-277-2062,082-277-3035,現存,○,○,132.2344545,34.22461913
訪問看護,西区,3460190857,株式会社アールプラス,訪問看護ステーションポプリ,733-0007,広島市西区大宮一丁目１４番１号２０２,082-836-4623,082-836-6424,休止,○,○,132.2716723,34.25168971
訪問看護,西区,3460291523,医療法人おかもと整形外科クリニック,おかもとリハビリ訪問看護ステーション広島西,733-0012,広島市西区中広町三丁目２１番１７号岩元ビル１Ｆ,082-532-2002,,現存,○,○,132.2634029,34.2418007
訪問看護,西区,3460291671,MSHK株式会社,訪問看護ステーションアイナ,733-0012,広島市西区中広町二丁目２３番１５号,082-533-6627,082-533-6628,現存,○,○,132.2638194,34.24118316
訪問看護,西区,3460290046,医療法人社団光仁会,あしたば訪問看護ステーション,733-0022,広島市西区天満町１３番１９号,082-234-0585,082-234-8996,現存,○,○,132.2624359,34.23458307
訪問看護,西区,3460290251,医療法人和同会,訪問看護ステーションハローナース西広島,733-0851,広島市西区田方二丁目１６番４５号,082-274-3838,082-507-1295,現存,○,○,132.2346084,34.23304052
訪問看護,西区,3460291812,有限会社リラックス,訪問看護リハビリステーションりらっくす,733-0035,広島市西区南観音一丁目１１番４１－１０１号,082-208-2954,082-208-2955,現存,○,○,132.2557436,34.22586089
訪問看護,西区,3460292075,合同会社まおのて,訪問看護リハビリステーションＪＡ－ＫＥＹ＋,733-0035,広島市西区南観音三丁目２番２２号レジデンス南観音１０１,082-909-2019,082-909-2018,現存,○,○,132.2544924,34.23171586
訪問看護,西区,3460291689,有限会社B－Line.,訪問看護ステーションケアスマイル,733-0035,広島市西区南観音三丁目５番2号空港通りビル３０２,082-208-0187,082-942-4235,現存,○,○,132.2551334,34.23120222
訪問看護,西区,3460292000,株式会社不二ビルサービス,訪問看護ステーションふじ観音,733-0035,広島市西区南観音八丁目１１番２９号,082-532-2028,082-532-7289,現存,○,○,132.2552796,34.22471216
訪問看護,西区,3460291762,株式会社SEVEN　DIRECTIONS,訪問看護ステーションなな,733-0035,広島市西区南観音八丁目４番５号パークヒルズ谷本１０２号室,082-208-3687,082-208-3697,現存,○,○,132.255683,34.22531952
訪問看護,西区,3460291218,Common株式会社,コモンリハビリ訪問看護ステーション,733-0024,広島市西区福島町二丁目２４番４０－２０３号,082-208-5907,082-208-5908,現存,○,○,132.25529,34.23339144
訪問看護,安佐南区,3460290608,株式会社Seiwa,訪問看護ステーションハピネス,731-0153,広島市安佐南区安東六丁目４番５２－５号,082-832-8817,082-878-8818,現存,○,○,132.2714098,34.28366423
訪問看護,安佐南区,3460292109,株式会社シンシード,あゆみ訪問看護ステーション安佐南,731-0138,広島市安佐南区祇園三丁目２１番１０号,082-555-9696,082-555-9697,現存,○,○,132.2728106,34.26250395
訪問看護,安佐南区,3460291317,医療法人メディカルパーク,訪問看護ステーション「あさみなみ」,731-0138,広島市安佐南区祇園二丁目４２番１４号,082-875-9671,082-875-9672,現存,○,○,132.2754518,34.26200093
訪問看護,安佐南区,3460290525,医療法人ユア・メディック,訪問看護よりしま,731-0138,広島市安佐南区祇園二丁目４４番６号,082-875-8393,082-850-1028,現存,○,○,132.2751131,34.26245322
訪問看護,安佐南区,3460190584,株式会社Shine,訪問看護ステーションかがやき,731-0138,広島市安佐南区祇園二丁目４７番８号,082-875-6752,082-875-6751,現存,○,○,132.2751041,34.26209505
訪問看護,安佐南区,3460291499,株式会社Ｈｌｉｃ,訪問看護ステーションハティ,731-0123,広島市安佐南区古市三丁目３６番６－１０２号,082-554-1703,082-554-1706,現存,○,○,132.2805546,34.26578065
訪問看護,安佐南区,3460291556,株式会社ダイキ,訪問看護ステーション古の市,731-0123,広島市安佐南区古市三丁目５番３号,082-876-3903,082-299-0300,現存,○,○,132.2811483,34.27051965
訪問看護,安佐南区,3460291069,株式会社ひかり,訪問看護ステーションそれいゆ安佐南事業所,731-0137,広島市安佐南区山本一丁目２５ー２７ー１０１,082-554-1465,082-208-4166,現存,○,○,132.2716908,34.26084589
訪問看護,安佐南区,3460291648,株式会社Clair,訪問看護ステーションこあら,731-0154,広島市安佐南区上安二丁目9番3松岡第一ビル203号,082-548-5743,082-548-5744,現存,○,○,132.2629099,34.28261542
訪問看護,安佐南区,3460290293,社会福祉法人ＩＧＬ学園福祉会,ＩＧＬ訪問看護ステーション,731-0154,広島市安佐南区上安六丁目３１番１号,082-830-3375,082-830-3378,現存,○,○,132.2641112,34.28595493
訪問看護,安佐南区,3460191418,株式会社ソワン,ホームナーシングソワン,731-0113,広島市安佐南区西原４－３６－１３－１０８,082-578-2234,082-578-2280,現存,○,○,132.275896,34.26038273
訪問看護,安佐南区,3460292182,合同会社寄り添いリンク,寄り添いリンク,731-0113,広島市安佐南区西原４丁目３３番４１号第二森下ビル７０３号室,050-5799-8475,082-962-9388,現存,○,○,132.2758616,34.26093737
訪問看護,安佐南区,3460291440,ダイヤホーム有限会社,ミライこどもケア訪問看護リハビリステーション,731-0113,広島市安佐南区西原５丁目１３番１５号,082-962-9975,082-962-9976,現存,○,○,132.2805126,34.26261066
訪問看護,安佐南区,3460291572,広島医療生活協同組合,訪問看護ステーションふれあい協同,731-0113,広島市安佐南区西原九丁目８番２２号,082-555-1768,082-5551769,現存,○,○,132.2818936,34.26491555
訪問看護,安佐南区,3460291176,医療法人好縁会,ふれあい訪問看護ステーション西原,731-0113,広島市安佐南区西原八丁目１６番１６号１－１０１,082-962-0730,082-962-0731,現存,○,○,132.2826905,34.26371256
訪問看護,安佐南区,3460290665,医療法人社団聖愛会,ぎおん牛田病院訪問看護ステーション,731-0113,広島市安佐南区西原八丁目２９番２４号,082-875-0134,082-875-0135,現存,○,○,132.2815156,34.26338952
訪問看護,安佐南区,3460290681,株式会社不二ビルサービス,訪問看護ステーションふじ川内,731-0102,広島市安佐南区川内一丁目１５番１号,082-831-2282,082-877-3363,現存,○,○,132.2905451,34.27311674
訪問看護,安佐南区,3460290814,特定非営利活動法人地域の絆,訪問看護事業所川内,731-0102,広島市安佐南区川内五丁目１番４９号,082-846-6673,082-876-3120,現存,○,○,132.2919605,34.28026839
訪問看護,安佐南区,3460290947,有限会社サカコーポレーション,訪問看護ステーション川内,731-0102,広島市安佐南区川内五丁目１番９号,082-831-4165,082-831-4166,現存,○,○,132.2921695,34.28008326
訪問看護,安佐南区,3460291853,株式会社幸房,くらしさ訪問看護ステーションたかとり,731-0141,広島市安佐南区相田二丁目５番３５号,082-878-1456,082-872-2911,現存,○,○,132.2659432,34.282362
訪問看護,安佐南区,3460290517,日本基準寝具株式会社,エコール訪問看護ステーション,731-0124,広島市安佐南区大町東一丁目１８番４４号,082-830-5557,082-830-5157,現存,○,○,132.2755496,34.27112227
訪問看護,安佐南区,3460291754,Ｆｕｓｉｏｎ株式会社,セノーテ訪問看護広島ステーション,731-0124,広島市安佐南区大町東三丁目１７番１０号マンションリバーハンズ１０４号室,082-554-1847,082-554-1848,現存,○,○,132.2759354,34.27501599
訪問看護,安佐南区,3460290194,医療法人あかね会,土谷訪問看護ステーション大町,731-0124,広島市安佐南区大町東二丁目７番２４号,082-831-6651,082-831-6652,現存,○,○,132.2809033,34.27437624
訪問看護,安佐南区,3460291424,株式会社Y,あさひ訪問看護ステーション,731-3167,広島市安佐南区大塚西一丁目５番１７号,082-962-8931,082-962-8932,現存,○,○,132.2416406,34.26587039
訪問看護,安佐南区,3460291127,富士メディカル株式会社,メリィケア,731-3167,広島市安佐南区大塚西三丁目１番２０号,082-849-2326,082-849-2321,現存,○,○,132.2330988,34.26463408
訪問看護,安佐南区,3460290491,医療法人社団更生会,訪問看護ステーションこころーれ古市,731-0121,広島市安佐南区中須一丁目４番２号,082-831-0666,082-831-0667,現存,○,○,132.2829204,34.27320415
訪問看護,安佐南区,3460290103,広島医療生活協同組合,もみじ訪問看護ステーション,731-0121,広島市安佐南区中須二丁目１９番６号虹の会館２階,082-877-0231,082-877-0232,現存,○,○,132.2831195,34.27403648
訪問看護,安佐南区,3460291473,株式会社オリーブ,訪問看護ステーション　オリーブ,731-0143,広島市安佐南区長楽寺一丁目35番4号コンフォートマンモト201号室,082-554-1421,082-962-5493,現存,○,○,132.2548439,34.28327383
訪問看護,安佐南区,3460291796,医療法人社団生仁会,福井内科訪問看護ステーション,731-0143,広島市安佐南区長楽寺二丁目１３番３０号ー２Ｆ,082-832-6226,082-832-6227,現存,○,○,132.2539116,34.28109124
訪問看護,安佐南区,3460291937,株式会社ミッションワーク,訪問看護ステーションキュアシス,731-0135,広島市安佐南区長束五丁目３３番１４号３階,070-4722-3214,,現存,○,○,132.2720549,34.25452501
訪問看護,安佐南区,3460292216,有限会社エムアンドアール,訪問看護ステーションあかね,731-0136,広島市安佐南区長束西二丁目４番３４－２号,082-909-9577,082-555-8356,現存,○,○,132.2703351,34.26022366
訪問看護,安佐南区,3460291234,株式会社エルピス,訪問看護ステーションきぼう,731-0135,広島市安佐南区長束二丁目９番４号,082-962-8380,082-962-8381,現存,○,○,132.2733525,34.25448832
訪問看護,安佐南区,3460292174,株式会社きわみ,訪問看護ステーションきわみ,731-0112,広島市安佐南区東原三丁目１１番２－２０１号,082-555-6300,082-555-6301,現存,○,○,132.2841337,34.26449376
訪問看護,安佐南区,3460290996,一般社団法人あすなろ,訪問看護ステーションみゆ,731-0111,広島市安佐南区東野三丁目２３番６ー１０１号,082-554-0701,082-554-0702,現存,○,○,132.2900925,34.27102165
訪問看護,安佐南区,3460290053,一般社団法人安佐医師会,安佐医師会訪問看護ステーション,731-0101,広島市安佐南区八木五丁目３５番２号,082-873-3884,082-873-8555,現存,○,○,132.3011599,34.29035025
訪問看護,安佐南区,3460292042,株式会社デザインケア,みんなのかかりつけ訪問看護ステーション安佐南,731-0101,広島市安佐南区八木八丁目５番３０－６０２号,082-555-8331,050-3535-0755,現存,○,○,132.3024262,34.29352296
訪問看護,安佐南区,3460290830,日本サポートアットホーム株式会社,リハビリ訪問看護ステーションサポート,731-3165,広島市安佐南区伴中央五丁目２３番１０号,082-849-4909,082-849-4441,現存,○,○,132.2438162,34.27219514
訪問看護,安佐南区,3460292224,株式会社もみじ,らいず訪問看護,731-3164,広島市安佐南区伴東５丁目２９番１２－３０２号,082-555-1717,082-555-1718,現存,○,○,132.2509928,34.28012447
訪問看護,安佐南区,3460291960,株式会社ＣＯＮＮＥＣＴ,訪問看護ステーションつながり,731-3164,広島市安佐南区伴東五丁目１８番４-１０１号,082-962-2588,082-962-2587,現存,○,○,132.2513006,34.28062051
訪問看護,安佐南区,3460290145,医療法人信愛会,医療介護センター,731-3164,広島市安佐南区伴東五丁目８番２４号,082-848-8860,082-848-8868,現存,○,○,132.2528094,34.28035613
訪問看護,安佐南区,3460291481,株式会社絆,訪問看護ステーション絆,731-3164,広島市安佐南区伴東七丁目55番9号,082-209-0435,082-209-0436,現存,○,○,132.2445743,34.27463392
訪問看護,安佐南区,3460291739,株式会社HEROES,ヒーローズ訪問看護リハビリステーション,731-3164,広島市安佐南区伴東八丁目３２番１６号,082-962-9989,082-962-9982,現存,○,○,132.2442517,34.27295365
訪問看護,安佐南区,3460290921,株式会社Natural Care & Life,リハビリ訪問看護ステーションのの花,731-3168,広島市安佐南区伴南五丁目１番１号ー２F,082-215-5256,082-205-4967,現存,○,○,132.2237559,34.26463783
訪問看護,安佐南区,3460290848,医療法人あすか,あすか訪問看護ステーション,731-0103,広島市安佐南区緑井三丁目２０番１－１０３号,082-830-5177,082-830-5327,現存,○,○,132.2814403,34.28068458
訪問看護,安佐南区,3460292067,株式会社Ｎ・フィールド,訪問看護ステーションデューン広島県北,731-0103,広島市安佐南区緑井三丁目２０番１号ハイタウン神宮山壱番館事務所２０１号室,082-962-7530,082-962-7531,現存,○,○,132.2814403,34.28068458
訪問看護,安佐南区,3460290822,ラディアント株式会社,訪問看護ステーションみどりい,731-0103,広島市安佐南区緑井二丁目２８番３１－２０２号,082-836-4900,082-836-4902,現存,○,○,132.2814848,34.28003895
訪問看護,安佐南区,3460291267,株式会社フォレストプラン,てるてるぼうず訪問看護リハビリステーション,731-0103,広島市安佐南区緑井二丁目５番２１号倉西コーポ２０１号室,082-962-9258,082-962-9259,現存,○,○,132.2825019,34.2802823
訪問看護,安佐南区,3460291291,医療法人せのがわ,訪問看護ステーションステラ,731-0103,広島市安佐南区緑井六丁目３３番２８号,082-831-8810,082-831-8820,現存,○,○,132.285381,34.28142991
訪問看護,安佐北区,3460291705,有限会社平野,訪問看護ステーションふぁみりぃ,731-3361,広島市安佐北区あさひが丘一丁目1番８号,082-838-4183,082-838-2600,現存,○,○,132.2630799,34.30032604
訪問看護,安佐北区,3460292232,株式会社シトラス,訪問看護ステーションれもん,731-3363,広島市安佐北区安佐町くすの木台５４番２０号,082-837-3421,082-837-3422,現存,○,○,132.2338589,34.30011912
訪問看護,安佐北区,3460290459,有限会社２１,訪問看護ステーション愛,731-1142,広島市安佐北区安佐町飯室１６６５番地３,082-810-2105,082-810-2158,現存,○,○,132.26476,34.33074586
訪問看護,安佐北区,3460190956,株式会社Ｎ・フィールド,訪問看護ステーションデューン広島北,731-0221,広島市安佐北区可部五丁目１番２６号ヴァーンベール細田１階１０３号室,082-847-5320,082-847-5321,現存,○,○,132.304264,34.31158003
訪問看護,安佐北区,3460290343,医療法人秀仁会,訪問看護ステーション菜の花,731-0221,広島市安佐北区可部五丁目４番１９－３号,082-814-0008,082-819-1140,現存,○,○,132.3033953,34.31171749
訪問看護,安佐北区,3460291663,株式会社てらす,てらす訪問看護リハビリステーション,731-0221,広島市安佐北区可部五丁目６番１３－１０２号,082-577-5731,082-578-2262,現存,○,○,132.3026246,34.31205454
訪問看護,安佐北区,3460290301,医療法人社団恵正会,可部訪問看護ステーションなずな,731-0221,広島市安佐北区可部五丁目９番３号,082-814-5500,082-819-1238,現存,○,○,132.3030391,34.31166437
訪問看護,安佐北区,3460291549,株式会社ＲＵＢＩＣＯＮ,訪問看護ステーションelama可部,731-0221,広島市安佐北区可部七丁目１５番４３号,082-819-2101,,現存,○,○,132.3040804,34.31330716
訪問看護,安佐北区,3460291978,社会福祉法人ぐくる,訪問看護ステーションわかば,731-0214,広島市安佐北区可部町桐原８２３,082-818-8882,082-818-8883,現存,○,○,132.3226432,34.31484229
訪問看護,安佐北区,3460291721,株式会社ひかり,訪問看護ステーションそれいゆ安佐北事業所,731-0216,広島市安佐北区可部町上町屋１５３９,082-205-6636,,現存,○,○,132.3058172,34.32427165
訪問看護,安佐北区,3460190188,公益社団法人広島県看護協会,広島県看護協会訪問看護ステーション「ひびき」,731-0223,広島市安佐北区可部南五丁目１１番７号,082-810-0551,082-810-0552,現存,○,○,132.3049137,34.30217991
訪問看護,安佐北区,3460290111,医療法人長久堂野村病院,訪問看護ステーション可部,731-0223,広島市安佐北区可部南四丁目１７番３０号,082-810-0330,082-810-0331,現存,○,○,132.3045786,34.30181393
訪問看護,安佐北区,3460191558,株式会社ＥＯＬＣ.Ｓ,らいおんの家訪問看護ステーション,731-0223,広島市安佐北区可部南四丁目２１番１０－１０５号,080-6344-7638,,現存,○,○,132.3044676,34.30176002
訪問看護,安佐北区,3460190543,アイ・ナーシング株式会社,あい訪問看護ステーション,739-1742,広島市安佐北区亀崎一丁目２番４号高陽タウンセンタービル２階２号室,082-824-7470,082-824-7471,現存,○,○,132.3120563,34.28529973
訪問看護,安佐北区,3460290020,医療法人社団うすい会,訪問看護ステーション亀崎,739-1742,広島市安佐北区亀崎四丁目７番１号,082-842-6151,082-841-1593,現存,○,○,132.3134332,34.28562081
訪問看護,安佐北区,3460191616,医療法人おかもと整形外科クリニック,おかもとリハビリ訪問看護ステーション安佐,739-1734,広島市安佐北区口田一丁目８番１７号小夫家第一ビル４０５号,082-847-6733,082-847-6744,現存,○,○,132.2946815,34.27413977
訪問看護,安佐北区,3460191111,株式会社　たなか福祉サービス,訪問看護いろは,739-1734,広島市安佐北区口田三丁目１６番１４号,082-516-7876,,休止,○,○,132.3006262,34.28045832
訪問看護,安佐北区,3460291200,特定非営利活動法人リハケアリングネットワーク,訪問看護ステーションゆたかな家,739-1754,広島市安佐北区小河原町１２８１番,082-840-1244,082-840-1255,現存,○,○,132.3319873,34.27325039
訪問看護,安佐北区,3460290426,医療法人社団あと会,ふかわ・くにくさ訪問看護ステーション,739-1752,広島市安佐北区上深川町１８６番地１,082-840-1222,082-840-3666,現存,○,○,132.3309646,34.28239395
訪問看護,安佐北区,3460291358,株式会社アールプラス,訪問看護ステーションポプリ高陽,739-1741,広島市安佐北区真亀三丁目１番１号１－２－１号区画,082-845-0171,082-845-0172,現存,○,○,132.3056526,34.29067492
訪問看護,安佐北区,3460290707,社会福祉法人正仁会,なごみの郷訪問看護ステーション,739-1731,広島市安佐北区落合五丁目２５番８号,082-845-7717,082-845-7718,現存,○,○,132.3110123,34.28358544
訪問看護,安佐北区,3460190964,株式会社麒麟,訪問看護うさぎ,739-1731,広島市安佐北区落合五丁目３０番１１号,082-847-5091,082-847-5092,現存,○,○,132.3125048,34.28361867
訪問看護,安佐北区,3460191152,社会福祉法人あと会,高陽・くにくさ訪問看護ステーション,739-1732,広島市安佐北区落合南一丁目１１番１６－１０１号,082-516-6262,082-516-6010,現存,○,○,132.3025491,34.28023962
訪問看護,安芸区,3460191368,昌明産業株式会社,訪問看護ステーションブランカ,736-0082,広島市安芸区船越南三丁目２３番２号,082-820-0777,082-820-0888,休止,○,○,132.3129103,34.22136312
訪問看護,安芸区,3460191566,医療法人おかもと整形外科クリニック,おかもとリハビリ訪問看護ステーション安芸,736-0082,広島市安芸区船越南四丁目１番２号ルクソール安芸２０４号,082-554-7201,082-554-7202,現存,○,○,132.3138001,34.22105809
訪問看護,安芸区,3460191483,株式会社NIKOLATEC,ファミリーナース広島,736-0082,広島市安芸区船越南二丁目２０－１８,082-496-9146,,現存,○,○,132.3127693,34.22204625
訪問看護,安芸区,3460190022,医療法人社団長寿会,訪問看護ステーション瀬野川,739-0321,広島市安芸区中野七丁目２２番６号,082-893-3638,082-894-0070,現存,○,○,132.3534556,34.25215976
訪問看護,安芸区,3460190097,医療法人せのがわ,訪問看護ステーションビジテ,739-0323,広島市安芸区中野東四丁目８番１号,082-820-2153,082-892-0010,現存,○,○,132.3430654,34.23505583
訪問看護,安芸区,3460190477,Ｔ＆Ｔネットワーク株式会社,訪問看護ステーション中野,739-0321,広島市安芸区中野二丁目３番１１号２階,082-893-6088,082-820-2212,現存,○,○,132.3345456,34.23262384
訪問看護,安芸区,3460191194,合同会社Ｙ&Ｋ,訪問看護ステーション結笑,736-0085,広島市安芸区矢野西一丁目６番６号,082-516-4413,082-516-4413,現存,○,○,132.3155087,34.2121822
訪問看護,安芸区,3460191590,シューペルブリアン株式会社,訪問看護ステーションスープ矢野,736-0085,広島市安芸区矢野西四丁目３０番１８号,082-516-5538,082-516-6066,現存,○,○,132.3125829,34.20580393
訪問看護,安芸区,3460191012,合同会社アルファ,訪問看護ステーションアルファ矢野,736-0083,広島市安芸区矢野東四丁目２５番４３号１０２号室,082-554-7990,082-554-7991,現存,○,○,132.3220432,34.21071878
訪問看護,安芸区,3460191004,株式会社生活Labo,アプローチ訪問看護ステーション,736-0083,広島市安芸区矢野東四丁目５番５－１０１号,082-554-9101,082-554-9102,現存,○,○,132.3216803,34.21195806
訪問看護,安芸区,3460190071,社会福祉法人あと会,くにくさ訪問看護ステーション,736-0083,広島市安芸区矢野東六丁目９番２８号,082-889-5818,082-888-9006,現存,○,○,132.3217253,34.20490728
訪問看護,佐伯区,3460291531,株式会社やさしい手,訪問看護かえりえ五日市,731-5133,広島市佐伯区旭園３番３５－４０２号ＩＢビル,050-1742-3060,082-536-1723,現存,○,○,132.2201187,34.21562182
訪問看護,佐伯区,3460291945,株式会社ＣＡＮＯＷ,訪問看護ステーションしるし,731-5133,広島市佐伯区旭園５番５８号２階,082-299-1183,082-942-2682,現存,○,○,132.2205886,34.21546911
訪問看護,佐伯区,3460290806,株式会社ひかり,訪問看護ステーションそれいゆ,731-5135,広島市佐伯区海老園一丁目２番１０号,082-208-4165,082-208-4166,現存,○,○,132.2123815,34.21540185
訪問看護,佐伯区,3460290889,一般社団法人広島市佐伯区医師会,ナースステーションみなみ,731-5135,広島市佐伯区海老園一丁目５番４０号,082-922-5656,082-924-2588,現存,○,○,132.2132185,34.21496598
訪問看護,佐伯区,3460290244,医療法人社団一陽会,クローバー訪問看護ステーション,731-5134,広島市佐伯区海老山町７番１０号,082-925-6222,082-925-6223,現存,○,○,132.2152222,34.21509452
訪問看護,佐伯区,3460291564,株式会社インデックス,訪問看護ステーション咲しあ,731-5124,広島市佐伯区皆賀二丁目６番１７－３０２号,080-6311-0196,082-285-4513,現存,○,○,132.2201528,34.22248595
訪問看護,佐伯区,3460290137,医療法人松村循環器・外科医院,まつむら訪問看護ステーション,731-5136,広島市佐伯区楽々園二丁目２番１９号,082-923-0232,082-923-0287,現存,○,○,132.2100749,34.21498857
訪問看護,佐伯区,3460291986,ＭＡＮＹＰＥＯＰＬＥ株式会社,訪問看護メニーピープル広島西,731-5101,広島市佐伯区五月が丘一丁目３３番３－４０１号,082-961-4065,082-961-4068,現存,○,○,132.2420732,34.25082002
訪問看護,佐伯区,3460292190,株式会社Ｃｕｒｅ＆Ｃａｒｅ,訪問看護リハビリステーションキュアの実,731-5125,広島市佐伯区五日市駅前三丁目１０番１０号寿ビル３０１,082-299-8150,082-299-8251,現存,○,○,132.2207582,34.221224
訪問看護,佐伯区,3460291770,シューペルブリアン株式会社,訪問看護ステーションスープ五日市,731-5128,広島市佐伯区五日市中央五丁目１３番１６号,082-275-6441,082-275-4795,現存,○,○,132.2111725,34.22257178
訪問看護,佐伯区,3460291465,有限会社　ピースフル,ライフ訪問看護ステーション,731-5128,広島市佐伯区五日市中央三丁目４番9-１０３号,082-923-2307,082-533-8819,現存,○,○,132.2110853,34.22131802
訪問看護,佐伯区,3460291747,Ｃｏｍｍｏｎ株式会社,コモン訪問看護ステーション五日市,731-5128,広島市佐伯区五日市中央二丁目１０番２号,082-533-7134,082-533-7135,現存,○,○,132.2121363,34.22071068
訪問看護,佐伯区,3460290160,医療法人和同会,訪問看護ステーションハローナース五日市,731-5152,広島市佐伯区五日市町下河内１８８番地の６,082-927-0700,082-929-1114,現存,○,○,132.2112163,34.24277854
訪問看護,佐伯区,3460291226,社会福祉法人三篠会,訪問看護ステーション鈴が峰,731-5122,広島市佐伯区五日市町皆賀１０４番地２７,082-943-8888,082-828-0070,現存,○,○,132.2220531,34.22524974
訪問看護,佐伯区,3460290277,医療法人翠和会,やすらぎ訪問看護ステーション,731-5127,広島市佐伯区五日市二丁目６番１－２号,082-943-7311,082-943-7312,現存,○,○,132.2151664,34.21577999
訪問看護,佐伯区,3460292026,株式会社ニックス,ニックス佐伯訪問看護ステーション,731-5144,広島市佐伯区三筋一丁目９番３号,082-923-9000,082-923-9003,現存,○,○,132.2048556,34.21548458
訪問看護,佐伯区,3460291861,株式会社LG,訪問看護ステーションmirai,731-5144,広島市佐伯区三筋三丁目６番９号,082-208-5228,,現存,○,○,132.2045252,34.22033136
訪問看護,佐伯区,3460291630,有限会社オフィスタカキ,さくらケアーズ訪問看護事業所,738-0514,広島市佐伯区杉並台１３－２０,0829-58-2415,0829-58-2416,現存,○,○,132.1744559,34.25506901
訪問看護,佐伯区,3460291044,株式会社Shine,訪問看護ステーションかがやき西,731-5141,広島市佐伯区千同ニ丁目１４番１５－１０１号,082-554-5025,082-554-5027,現存,○,○,132.2101328,34.22433952
訪問看護,佐伯区,3460290236,広島中央保健生活協同組合,訪問看護ステーションコープ五日市,731-5141,広島市佐伯区千同一丁目２１番１６号,082-924-0626,082-924-0655,現存,○,○,132.2107061,34.22369625
訪問看護,佐伯区,3460291507,株式会社カルムケア,カルム訪問看護ステーション佐伯,731-5141,広島市佐伯区千同二丁目１－１３第二昭八コーポラス１０２号,082-208-4174,082-208-4175,現存,○,○,132.2117033,34.22501916
訪問看護,佐伯区,3460291580,社会医療法人清風会,訪問看護ステーション清風五日市記念病院,731-5156,広島市佐伯区倉重一丁目９５番地,080-9955-8703,082-921-0104,現存,○,○,132.2106495,34.22598972
訪問看護,佐伯区,3460190550,有限会社リラックス,訪問看護ステーションりらっくす,731-5156,広島市佐伯区倉重二丁目５１１番地,082-208-2853,082-208-2854,現存,○,○,132.2038483,34.23290023
訪問看護,佐伯区,3460291382,医療法人松村循環器・外科医院,湯来まつむら訪問看護ステーション,738-0512,広島市佐伯区湯来町白砂棡曽利５９０番,0829-40-5606,0829-40-5222,現存,○,○,132.1718044,34.25166663
訪問看護,佐伯区,3463390017,一般社団法人佐伯地区医師会,佐伯地区医師会湯来訪問看護ステーション,738-0601,広島市佐伯区湯来町和田３３３番地,0829-83-1332,0829-78-0152,現存,○,○,132.16411,34.2927614
訪問看護,佐伯区,3460291846,株式会社SENSE,訪問看護ステーションりぼん,731-5131,広島市佐伯区藤垂園１番１５号,082-961-6917,,現存,○,○,132.2219663,34.22029717
訪問看護,佐伯区,3460291051,株式会社あすか,訪問看護ステーションあすか佐伯,731-5115,広島市佐伯区八幡東三丁目２９番１２－５号２０１A号室,082-942-6101,082-942-6118,現存,○,○,132.2144523,34.23014214
訪問看護,佐伯区,3460291713,ほほえみ株式会社,ほほえみ訪問看護ステーション広島西,731-5115,広島市佐伯区八幡東四丁目２６番５号,082-927-6600,082-248-1500,現存,○,○,132.2155382,34.23407061
訪問看護,佐伯区,3460290335,医療法人あかね会,土谷訪問看護ステーション佐伯,731-5137,広島市佐伯区美の里一丁目４番２１号,082-925-0771,082-925-0772,現存,○,○,132.2050712,34.21383554
訪問看護,佐伯区,3460291879,テイクオフ株式会社,訪問看護ステーションうさぎケア,731-5114,広島市佐伯区美鈴が丘西一丁目５番１５号美鈴モールC棟２号室,082-961-5093,082-961-5094,現存,○,○,132.2306087,34.23324314
訪問看護,佐伯区,3460292018,株式会社マリモソーシャルソリューションズ,マリモ訪問看護ステーション佐伯,731-5114,広島市佐伯区美鈴が丘西五丁目１３番１１号,082-942-0325,082-942-0326,現存,○,○,132.2304251,34.23442894
訪問看護,佐伯区,3460291598,株式会社あまのがわ,ほしそら訪問看護,731-5106,広島市佐伯区利松一丁目１番７－３０４号,082-578-6887,082-577-6290,現存,○,○,132.2158889,34.23537907
訪問リハビリテーション,中区,3450180181,医療法人社団生和会,介護老人保健施設陽だまり,730-0042,広島市中区国泰寺町二丁目４番１８号,082-544-1616,082-544-1636,現存,○,○,132.2715346,34.23011091
訪問リハビリテーション,東区,3450180058,社会福祉法人広島常光福祉会,老人保健施設スカイバード,732-0036,広島市東区福田町３１９８番地,082-899-7778,082-899-7770,現存,○,○,132.3248768,34.26578742
訪問リハビリテーション,南区,34B0100020,医療法人和同会,広島シーサイド病院介護医療院,734-0012,広島市南区元宇品町２６番２０号,082-252-2781,082-255-6826,現存,○,○,132.2732707,34.20548621
訪問リハビリテーション,南区,3450180025,社会福祉法人三篠会,高齢者リハビリテーションセンターひうな荘,734-0031,広島市南区日宇那町３０番１号,082-256-1001,082-840-3661,現存,○,○,132.2934162,34.21568194
訪問リハビリテーション,安佐南区,3450280155,医療法人社団聖愛会,医療法人社団聖愛会介護老人保健施設とやま,731-3272,広島市安佐南区沼田町吉山字風呂ノ元９８０番１,082-839-3939,082-839-3940,現存,○,○,132.2031497,34.27564458
訪問リハビリテーション,安佐北区,3450280114,医療法人秀仁会,介護老人保健施設菜の花,731-0221,広島市安佐北区可部五丁目４番１９－１０号,082-814-0008,082-819-1140,現存,○,○,132.3033953,34.31171749
訪問リハビリテーション,安佐北区,3450280148,医療法人社団あと会,介護老人保健施設ふかわ・くにくさ,739-1752,広島市安佐北区上深川町１８６番地１,082-840-1840,082-840-3666,現存,○,○,132.3309646,34.28239395
訪問リハビリテーション,安佐北区,3450280106,社会福祉法人三篠会,介護老人保健施設白木ツジマチ,739-1412,広島市安佐北区白木町小越２１８番２,082-828-1305,082-828-3210,現存,○,○,132.4015695,34.32156158
訪問リハビリテーション,安芸区,3450180033,社会福祉法人あと会,老人保健施設りは・くにくさ,731-4231,広島市安芸区阿戸町４８５番地１,082-856-0600,082-856-0633,現存,○,○,132.3727222,34.22263677
訪問リハビリテーション,安芸区,3450180157,医療法人社団長寿会,老人保健施設はたのリハビリ,739-0321,広島市安芸区中野五丁目１３番３０号,082-893-3636,082-893-3737,現存,○,○,132.3450918,34.24086197
訪問リハビリテーション,安芸区,3450180041,医療法人社団長寿会,老人保健施設せのがわ,739-0321,広島市安芸区中野六丁目８番２号,082-820-2100,082-820-2101,現存,○,○,132.3459068,34.24423078
訪問リハビリテーション,佐伯区,3451980068,医療法人松村循環器・外科医院,介護老人保健施設湯来まつむら,738-0512,広島市佐伯区湯来町白砂５９０番地,0829-40-5600,0829-40-5220,現存,○,○,132.1718044,34.25166663
通所介護,中区,3470205570,株式会社広島厚生会,デイサービスセンター広島萬象園,730-0814,広島市中区羽衣町１番２６号,082-246-3260,082-246-3263,現存,○,,132.2656226,34.22539999
通所介護,中区,3470214804,フィレール株式会社,デイサービスそうら,730-0851,広島市中区榎町３番１号木村ビル４階,082-292-8375,082-299-9537,現存,○,,132.2642471,34.23511815
通所介護,中区,3470211792,社会福祉法人ＩＧＬ学園福祉会,ＩＧＬデイサービスベルビュー河原町,730-0856,広島市中区河原町１１番１７号,082-291-6866,082-291-6877,現存,○,,132.2645546,34.23212354
通所介護,中区,3470214747,株式会社Ｓeiwa,デイサービスハピネス河原町,730-0856,広島市中区河原町7番31号,082-234-5517,082-234-5518,現存,○,,132.2649722,34.23223485
通所介護,中区,3470213376,社会福祉法人福祉広医会,悠悠タウン基町デイサービスセンター,730-0011,広島市中区基町１９番２－５１５号,082-223-7566,082-502-7966,現存,○,,132.2722816,34.24149297
通所介護,中区,3470215975,株式会社L.S.I.,デイサービスセンターかがやき吉島,730-0824,広島市中区吉島新町一丁目４番１号,082-258-5006,,現存,○,,132.2705399,34.22050834
通所介護,中区,3470213475,株式会社NEWS,ニュースデイサービスセンター,730-0823,広島市中区吉島西一丁目７番２号,082-545-6688,082-545-6689,現存,○,,132.265227,34.22343572
通所介護,中区,3470202395,医療法人社団あえば会,デイサービスささゆり,730-0822,広島市中区吉島東一丁目２７番２０号,082-545-3688,082-545-3618,現存,○,,132.2653817,34.22217218
通所介護,中区,3470205067,社会福祉法人清恵会,デイサービスセンターよしじま,730-0822,広島市中区吉島東二丁目１７番５号,082-245-8880,082-545-8830,休止,○,,132.2658805,34.22111567
通所介護,中区,3470203260,医療法人あかね会,土谷デイサービスセンター光南,730-0825,広島市中区光南一丁目４番６号,082-544-2885,082-544-2889,現存,○,,132.2650411,34.22062468
通所介護,中区,3470211800,有限会社アネシス,あっとほーむデイサービス,730-0804,広島市中区広瀬町３番２９号,082-208-5357,082-297-5351,現存,○,,132.2644124,34.24023052
通所介護,中区,3470210752,株式会社ニチイ学館,ニチイケアセンター江波通所介護事業所,730-0831,広島市中区江波西一丁目２８番１０号,082-297-8018,082-297-8028,現存,○,,132.2605703,34.22115492
通所介護,中区,3470201363,社会福祉法人福祉広医会,悠悠タウン江波デイサービスセンター,730-0831,広島市中区江波西二丁目１４番８号,082-296-4880,082-296-4818,現存,○,,132.2544231,34.22049335
通所介護,中区,3470213350,株式会社慈莉庵,デイサービスセンターけいあい園,730-0831,広島市中区江波西二丁目８番１２号,082-291-1498,082-291-1503,現存,○,,132.2547907,34.22089094
通所介護,中区,3470212964,株式会社HCT,club sora友然,730-0844,広島市中区舟入幸町１７番１号炭本ビル１F,082-292-3777,082-292-3778,現存,○,,132.262602,34.23034989
通所介護,中区,3470209705,社会福祉法人ＩＧＬ学園福祉会,ＩＧＬデイサービスベルビュー広島,730-0847,広島市中区舟入南一丁目８番８号,082-235-3381,082-235-3384,現存,○,,132.2625576,34.22401141
通所介護,中区,3470213608,株式会社Seiwa,デイサービスハピネス舟入南,730-0847,広島市中区舟入南三丁目２番２５号,082-292-8817,082-292-8818,現存,○,,132.2614463,34.22418053
通所介護,中区,3470213343,株式会社Seiwa,デイサービスハピネス舟入リバーサイド,730-0847,広島市中区舟入南二丁目１１番４号,082-295-8817,082-295-8818,現存,○,,132.2610271,34.22488946
通所介護,中区,3470213830,株式会社スマイル介護サービス,健康クラブ恵住吉,730-0813,広島市中区住吉町１４番５号,082-240-3524,082-240-3523,現存,○,,132.2654163,34.22596321
通所介護,中区,3470204797,有限会社めぐみ,めぐみデイサービスセンター,730-0846,広島市中区西川口町４番３１号,082-532-6111,082-532-6112,現存,○,,132.2621735,34.22594836
通所介護,中区,3470215041,株式会社カクタスケア,デイサロンさぼてん,730-0052,広島市中区千田町三丁目１番９号バートンハウス１０１号室,082-258-3083,082-299-0518,現存,○,,132.272851,34.22380806
通所介護,中区,3470215306,株式会社彩縁舎,わがたエイトケア,730-0854,広島市中区土橋町６番１４号,082-275-4270,,現存,○,,132.2650893,34.23327928
通所介護,中区,3470203450,株式会社不二ビルサービス,デイサービスセンターふじ白島,730-0004,広島市中区東白島町６番１１号ホワイトハイツ１階,082-227-3220,082-227-1767,現存,○,,132.2753035,34.24227932
通所介護,中区,3470214192,株式会社ツクイ,ツクイ広島南千田,730-0054,広島市中区南千田東町４番２８号,082-545-8055,082-545-8056,現存,○,,132.2729236,34.22262694
通所介護,中区,3470215165,株式会社Seiwa,デイサービスハピネス平和公園,730-0852,広島市中区猫屋町1番21号,082-503-5517,082-503-5518,現存,○,,132.265842,34.23430692
通所介護,東区,3470110150,株式会社麒麟,デイサービス満開桜,732-0054,広島市東区愛宕町８番４２号,082-548-3004,082-548-3006,現存,○,,132.2852724,34.23462242
通所介護,東区,3470100912,社会福祉法人藤田長生会,デイサービスセンター神田山長生園,732-0068,広島市東区牛田新町一丁目１８番１号,082-228-9231,082-228-9232,現存,○,,132.2824472,34.2510645
通所介護,東区,3470102793,社会福祉法人うすい会広島光明学園,デイサービスセンター光明,732-0066,広島市東区牛田本町五丁目１番２号,082-228-2010,082-222-6056,現存,○,,132.2806365,34.24500762
通所介護,東区,3470106232,医療法人社団聖愛会,医療法人社団聖愛会牛田クリニックデイサービス,732-0066,広島市東区牛田本町三丁目６番４号,082-222-2450,082-223-3117,現存,○,,132.2810436,34.24350933
通所介護,東区,3470110085,株式会社コスモケア・エナジー,デイサービスエナジー,732-0016,広島市東区戸坂出江二丁目１０番24号コーポブルーメ１階,082-516-4230,,現存,○,,132.291809,34.2559005
通所介護,東区,3470107206,社会福祉法人藤田長生会,神田山長生園ふれんど,732-0009,広島市東区戸坂千足一丁目１２番２３号,082-220-3366,082-220-3222,現存,○,,132.2848678,34.26073006
通所介護,東区,3470105283,社会福祉法人かきつばた福祉会,デイサービスへさか福寿苑,732-0014,広島市東区戸坂大上一丁目５番１－８号,082-220-2110,082-220-2128,休止,○,,132.2923161,34.25396671
通所介護,東区,3470103411,有限会社しんらい介護センター,デイサービスセンターあんしん,732-0014,広島市東区戸坂大上三丁目２番１４号,082-220-0450,082-220-0501,現存,○,,132.2935836,34.25379409
通所介護,東区,3470109590,社会福祉法人交響,第一きつつき共同作業所,732-0013,広島市東区戸坂南一丁目２７番２号,082-229-7005,082-229-7008,現存,○,,132.2927197,34.25227898
通所介護,東区,3470108089,株式会社ＨＣＴ,ｃｌｕｂ　ｓｏｒａ,732-0052,広島市東区光町二丁目５番７号第５光ビル１Ｆ,082-569-5020,082-569-5021,現存,○,,132.2845204,34.24075264
通所介護,東区,3470101217,社会福祉法人寿老園老人ホーム,寿老園通所介護事業所,732-0048,広島市東区山根町３８番２３号,082-263-3841,082-263-3849,休止,○,,132.2902749,34.24212442
通所介護,東区,3470102686,社会福祉法人寿老園老人ホーム,あけぼの寿老園デイサービスセンター,732-0045,広島市東区曙一丁目１番２８号,082-568-2200,082-568-6544,現存,○,,132.2917452,34.23473848
通所介護,東区,3470109996,医療法人社団飛翔会,デイサービスセンターケアウイング曙,732-0045,広島市東区曙五丁目３番３２号,082-568-6104,082-568-6103,現存,○,,132.2931846,34.23392688
通所介護,東区,3470104146,医療法人たかまさ会,山﨑病院デイサービスセンターさいわい,732-0032,広島市東区上温品一丁目１２番５号,082-280-2651,082-280-2652,現存,○,,132.3046937,34.25188506
通所介護,東区,3470101621,社会福祉法人広島東福祉会,デイサービスセンター虹の里,732-0031,広島市東区馬木二丁目１３９８番地の１,082-508-5551,082-508-5550,現存,○,,132.314154,34.26169549
通所介護,東区,3470107008,社会福祉法人広島東福祉会,虹の里第２デイサービスセンター,732-0031,広島市東区馬木二丁目５４８番１,082-824-8844,082-883-0580,現存,○,,132.3138083,34.26125373
通所介護,東区,3470104831,株式会社ニックス,ニックスデイサービスセンター東,732-0046,広島市東区尾長東二丁目６番６号,082-298-2221,082-568-6866,現存,○,,132.2917733,34.23513102
通所介護,東区,3470103668,医療法人社団ひろまさ会,デイサービスセンターミルキーケア,732-0046,広島市東区尾長東二丁目８番２１号,082-506-0017,082-236-6601,現存,○,,132.2919139,34.23528608
通所介護,東区,3470100920,社会福祉法人広島常光福祉会,ＹＯＵ　ＨＯＵＳＥ,732-0029,広島市東区福田五丁目１１６５番地の３,082-899-5662,082-899-5285,現存,○,,132.3232765,34.27138331
通所介護,東区,3470104195,医療法人社団豊島医院,矢賀デイサービスセンター,732-0042,広島市東区矢賀一丁目６番２５号,082-581-1212,082-581-1515,現存,○,,132.2937377,34.23412453
通所介護,東区,3470107396,株式会社ニチイ学館,ニチイケアセンター矢賀通所介護事業所,732-0042,広島市東区矢賀二丁目８番１９号,082-890-5077,082-890-5078,現存,○,,132.2947836,34.23583218
通所介護,南区,3470106919,医療法人社団ひがしの会,デイサービスセンターサザンリーフ宇品海岸,734-0011,広島市南区宇品海岸一丁目１２番４３号,082-250-1765,082-250-7256,現存,○,,132.2734824,34.21093957
通所介護,南区,3470107693,有限会社めぐみ,めぐみデイサービス御幸,734-0015,広島市南区宇品御幸四丁目１４番７－１号,082-256-2330,082-256-2331,現存,○,,132.2744772,34.21311044
通所介護,南区,3470110580,株式会社ミクセルヘルスケア,元氣ジム広島宇品,734-0004,広島市南区宇品神田三丁目１１番１１号,082-236-7558,082-236-7559,現存,○,,132.2756513,34.21446189
通所介護,南区,3470107198,日本基準寝具株式会社,エコール・デイ宇品,734-0004,広島市南区宇品神田二丁目１７番８号１階,082-251-3575,082-251-3576,現存,○,,132.2758302,34.21511377
通所介護,南区,3470102991,株式会社ビー・スマイル,デイサービスセンターケアセンター宇品,734-0004,広島市南区宇品神田二丁目９番４号,082-250-8351,082-250-8352,現存,○,,132.2758587,34.2154899
通所介護,南区,3470100789,社会福祉法人広島和光園,広島和光園通所介護事業所,734-0003,広島市南区宇品東三丁目６番２６号,082-252-8088,082-252-8220,現存,○,,132.2822554,34.21513612
通所介護,南区,3470107891,合同会社広島京橋開発企業体,デイサービスセンターレガロ・ヴィータ京橋,732-0828,広島市南区京橋町６番６号,082-263-0773,082-263-0780,現存,○,,132.2819695,34.23413332
通所介護,南区,3470108535,株式会社不二ビルサービス,デイサービスセンターふじ段原,732-0825,広島市南区金屋町４番１７号,082-567-5871,082-567-5874,現存,○,,132.2822945,34.23315335
通所介護,南区,3470101068,社会福祉法人光清学園,通所介護事業所光清苑,734-0001,広島市南区出汐二丁目３番４６号,082-207-0540,082-505-0251,現存,○,,132.2832939,34.22320366
通所介護,南区,3470107164,社会福祉法人あと会,デイサービスセンターでじま・くにくさ,734-0013,広島市南区出島一丁目１８番１７号,082-251-3350,082-251-8787,現存,○,,132.271741,34.21399813
通所介護,南区,3470106752,社会福祉法人広島厚生会,デイサービス広島八景園,734-0026,広島市南区仁保一丁目１番２０号,082-581-8882,082-581-8883,現存,○,,132.2939855,34.22250232
通所介護,南区,3470109434,株式会社プロヴァンス,エクラ仁保新町,734-0024,広島市南区仁保新町二丁目１番２５号プロヴァンスエクラ仁保新町１階,082-567-4613,082-567-4623,現存,○,,132.29506,34.22304486
通所介護,南区,3470105648,株式会社ニックス,ニックスデイサービスセンター南,734-0024,広島市南区仁保新町二丁目９番３２号,082-890-2221,082-890-2223,現存,○,,132.2947132,34.22315187
通所介護,南区,3470108592,株式会社河村福祉サービス,ひろきデイサービスセンター,734-0027,広島市南区仁保南二丁目１７番３５号,082-236-7545,082-236-8046,現存,○,,132.2943673,34.2144239
通所介護,南区,3470105853,有限会社慈恵コーポレイション,デイサービスセンター憩,734-0002,広島市南区西旭町８番８号,082-255-5258,082-255-5258,現存,○,,132.2824659,34.22211977
通所介護,南区,3470110473,株式会社心愛,福くるデイサービス,734-0053,広島市南区青崎一丁目７番２号３階,082-275-4590,082-275-4591,現存,○,,132.3022031,34.22285818
通所介護,南区,3470110614,株式会社幸房,サンライフ段原東デイサービス,732-0819,広島市南区段原山崎三丁目２番２８号,082-890-1115,082-890-1116,現存,○,,132.2900525,34.23057757
通所介護,南区,3470105416,株式会社広島福祉サービス,広島福祉通所センターすてっぷ東雲,734-0022,広島市南区東雲一丁目２２番２４号,082-890-9060,082-508-0011,現存,○,,132.2919762,34.22573279
通所介護,南区,3470107149,株式会社いでしたケアサービス,デイサービス「いでしたのこころ」,734-0022,広島市南区東雲三丁目１２番１２号中央電機ビル１階,082-236-3150,082-236-3151,現存,○,,132.2944968,34.2239592
通所介護,南区,3470100797,スポーツメディア株式会社,東雲デイサービスセンター,734-0022,広島市南区東雲三丁目８番１６号,082-285-1121,082-285-0996,現存,○,,132.2937913,34.22446655
通所介護,南区,3470110564,有限会社開花,東雲デイサービスセンター　開花,734-0023,広島市南区東雲本町一丁目１番２６号,082-288-6251,082-284-7477,現存,○,,132.2902506,34.23014013
通所介護,南区,3470106497,ヒューマンライフケア株式会社,ヒューマンライフケア金亀湯,734-0023,広島市南区東雲本町二丁目１４番１８号,082-890-3166,082-890-3203,現存,○,,132.291279,34.22511097
通所介護,南区,3470109251,株式会社広島厚生会,デイサービス元気塾,734-0025,広島市南区東本浦町２６番８号,082-286-2333,082-286-2333,現存,○,,132.29355,34.22267027
通所介護,南区,3470104336,社会福祉法人サンシャイン,デイサービスセンターサンシャイン南蟹屋,732-0803,広島市南区南蟹屋一丁目８番１２号,082-508-1321,082-508-1325,現存,○,,132.2901142,34.23226683
通所介護,南区,3470101290,社会福祉法人三篠会,通所介護事業所ひうな荘,734-0031,広島市南区日宇那町３０番１号,082-256-1001,082-256-1008,現存,○,,132.2934162,34.21568194
通所介護,南区,3470104393,テルウェル西日本株式会社,ＮＴＴグループケアポート広島通所介護事業所,732-0816,広島市南区比治山本町１１番１号,082-250-1238,082-250-1160,現存,○,,132.2820705,34.22494444
通所介護,南区,3470110259,社会福祉法人ＩＧＬ学園福祉会,ＩＧＬデイサービス信愛の郷,734-0047,広島市南区本浦町８番３９号,082-510-3370,082-510-3371,現存,○,,132.2915361,34.22278273
通所介護,西区,3470214143,株式会社ツクイ,ツクイ広島井口,733-0842,広島市西区井口五丁目５番６号,082-270-3301,082-270-3302,現存,○,,132.2244205,34.22056476
通所介護,西区,3470214986,ＷＡＮＩＣＯ合同会社,レッツ倶楽部井口台,733-0844,広島市西区井口台三丁目３３番２５号ソフィアコート井口台Annex１階,082-961-6108,082-961-6681,現存,○,,132.2246502,34.22530057
通所介護,西区,3470214119,株式会社Seiwa,デイサービスハピネス横川,733-0013,広島市西区横川新町９番７号,082-232-8817,082-232-8818,現存,○,,132.2646591,34.24293028
通所介護,西区,3470206024,医療法人厚生堂,デイサービスセンターほほえみながさき,733-0011,広島市西区横川町三丁目６番１７号,082-532-6630,082-296-2262,現存,○,,132.2711534,34.24360059
通所介護,西区,3470214481,Ｃｏｍｍｏｎ株式会社,コモンカフェ,733-0036,広島市西区観音新町一丁目４番２６号,082-275-5315,082-275-5316,現存,○,,132.2537472,34.22420988
通所介護,西区,3470213905,山根木材ライフケア株式会社,デイサービスきたえるーむ広島観音,733-0033,広島市西区観音本町二丁目２番５号,082-275-5681,082-275-5691,現存,○,,132.2602142,34.23280281
通所介護,西区,3470215413,株式会社NEWS,newsplus,733-0872,広島市西区古江東町５番２６号,082-507-5515,082-273-5855,現存,○,,132.2441838,34.231194
通所介護,西区,3470207899,医療法人社団永慈会,デイサービスゆたか古江,733-0872,広島市西区古江東町７番２５号,082-527-0881,082-527-0890,現存,○,,132.2439814,34.23135256
通所介護,西区,3470214788,株式会社幸房,デイサービスひよこの家,733-0877,広島市西区古田台ニ丁目１３番１８号,082-507-8027,082-271-6880,現存,○,,132.2405356,34.23291753
通所介護,西区,3470206313,Ｔ＆Ｔ　ＷＡＭサポート株式会社,デイサービスセンターここから己斐,733-0815,広島市西区己斐上一丁目１１番３６号,082-507-1101,082-273-3500,現存,○,,132.2511436,34.24219441
通所介護,西区,3470208467,株式会社いでしたケアサービス,デイサービス「いでしたの光」,733-0815,広島市西区己斐上三丁目７番２２号,082-942-5223,082-942-5234,現存,○,,132.2511174,34.24272405
通所介護,西区,3470209028,Ｔ＆Ｔ　ＷＡＭサポート株式会社,ここからキャンパス,733-0815,広島市西区己斐上四丁目２番３８号,082-507-3339,082-274-3336,現存,○,,132.2523536,34.24480082
通所介護,西区,3470213939,グリーンライフ株式会社,楽リハデイサービスセンター広島己斐,733-0815,広島市西区己斐上四丁目４番１２号,082-507-7385,082-271-0131,現存,○,,132.2521825,34.2450215
通所介護,西区,3470207964,有限会社めぐみ,めぐみデイサービス己斐,733-0815,広島市西区己斐上二丁目４３番２１号,082-271-7080,082-271-7081,現存,○,,132.2447992,34.24194632
通所介護,西区,3470213079,株式会社アイテック,デイサービスセンターきずな,733-0813,広島市西区己斐中二丁目２２番１４号,082-942-0232,082-942-0234,現存,○,,132.2524424,34.24023411
通所介護,西区,3470213053,Common株式会社,コモンデイサービスセンター,733-0822,広島市西区庚午中四丁目１５番３５号,082-554-5214,082-554-5215,現存,○,,132.245622,34.22464971
通所介護,西区,3470202452,株式会社ニチイ学館,ニチイケアセンターこうご,733-0822,広島市西区庚午中四丁目７番２２号,082-507-6280,082-507-6285,現存,○,,132.2449662,34.2256254
通所介護,西区,3470208418,株式会社おかえり,デイサービスセンターおかえり,733-0821,広島市西区庚午北一丁目２５番２３号,082-942-6681,082-942-6682,現存,○,,132.2511011,34.23183542
通所介護,西区,3470212139,医療法人光臨会,デイサービスあらき,733-0821,広島市西区庚午北一丁目５番１５号,082-507-6100,082-507-6110,現存,○,,132.2522346,34.23272283
通所介護,西区,3470215835,株式会社Seiwa,デイサービスハピネス庚午,733-0821,広島市西区庚午北四丁目６番１９号,082-274-8817,082-274-8818,現存,○,,132.2506523,34.231355
通所介護,西区,3470209333,株式会社ハニービー,デイサービスセンターみつばち西,733-0821,広島市西区庚午北四丁目６番２５号,082-533-8200,082-533-8201,現存,○,,132.2508035,34.2315335
通所介護,西区,3470201181,社会福祉法人燈心会,デイサービスセンター三滝苑,733-0802,広島市西区三滝本町二丁目１番１－２７号,082-237-8811,082-237-8813,現存,○,,132.2658506,34.2510163
通所介護,西区,3470213384,株式会社河村福祉サービス,ひろき苑デイサービスセンター広島西,733-0853,広島市西区山田新町一丁目２３番２２号,082-507-7800,082-507-7801,現存,○,,132.2331647,34.23528554
通所介護,西区,3470201025,社会福祉法人西中国キリスト教社会事業団,デイサービスセンターかりん,733-0025,広島市西区小河内町一丁目１３番３号,082-232-4274,082-232-4284,現存,○,,132.261282,34.23542128
通所介護,西区,3470211024,株式会社ニックス,ニックスデイサービスセンター西,733-0025,広島市西区小河内町一丁目４番１３号,082-232-0294,082-233-0294,現存,○,,132.2611996,34.23586459
通所介護,西区,3470203633,株式会社井口家具百貨店,アイズ・デイサービスいのくち,733-0021,広島市西区上天満町７番１３号井口家具百貨店西館４階,082-232-0323,082-232-0327,現存,○,,132.2620081,34.23535409
通所介護,西区,3470214150,株式会社ツクイ,ツクイ広島大芝,733-0001,広島市西区大芝二丁目１７番１０号,082-537-2300,082-537-2301,現存,○,,132.2733784,34.25121947
通所介護,西区,3470214994,株式会社ヤマウチ,ジョイリハＳＰＡ中広,733-0012,広島市西区中広町一丁目７番６号,082-297-2720,082-297-2721,現存,○,,132.2625089,34.2406891
通所介護,西区,3470202254,社会福祉法人藤愛会,デイサービスセンターリバーサイド中広,733-0012,広島市西区中広町二丁目１５番１５号,082-235-0788,082-235-2341,現存,○,,132.2621245,34.24133005
通所介護,西区,3470214093,株式会社ミクセルヘルスケア,元氣ジム広島天満町,733-0022,広島市西区天満町１８番８号１階,082-503-2588,082-503-2577,現存,○,,132.2624609,34.23435341
通所介護,西区,3470214184,株式会社ツクイ,ツクイ広島西,733-0035,広島市西区南観音五丁目１１番１０号,082-297-6166,082-297-6165,現存,○,,132.25298,34.2251782
通所介護,西区,3470206982,生活協同組合ひろしま,コープデイサービス観音〈はいから坂〉,733-0035,広島市西区南観音五丁目１２番９号,082-532-0810,082-532-0815,現存,○,,132.2525761,34.22529852
通所介護,西区,3470212220,株式会社Seiwa,デイサービスハピネス観音,733-0035,広島市西区南観音五丁目１番１８号,082-231-8817,082-231-8818,現存,○,,132.253162,34.23017384
通所介護,西区,3470213913,山根木材ライフケア株式会社,デイサービスきたえるーむ広島南観音,733-0035,広島市西区南観音三丁目１番４号,082-559-4306,082-559-4307,現存,○,,132.2551806,34.23131823
通所介護,西区,3470214721,Ｃｏｍｍｏｎ株式会社,コモンハウス,733-0002,広島市西区楠木町一丁目１２番３号,082-275-6721,082-275-6725,現存,○,,132.2715565,34.24302056
通所介護,西区,3470206388,サンキ・ウエルビィ株式会社,デイサービスセンターせせらぎ,733-0002,広島市西区楠木町三丁目９番１４号,082-537-1380,082-537-1381,現存,○,,132.2726052,34.24456304
通所介護,西区,3470201124,社会福祉法人くすの木の会,くすの木苑デイサービスセンター,733-0024,広島市西区福島町二丁目３３番３０号,082-291-2734,082-291-2798,現存,○,,132.2549173,34.23305203
通所介護,西区,3470203104,有限会社ナックユノ,デイサービスありらん,733-0024,広島市西区福島町二丁目４番９号,082-234-9223,082-234-9230,現存,○,,132.2557993,34.2340441
通所介護,西区,3470214242,株式会社i-Reha,ファイネス鈴が峰,733-0852,広島市西区鈴が峰町４１番１号,082-942-1763,082-942-1764,現存,○,,132.2338179,34.22511047
通所介護,安佐南区,3470204920,Ｔ＆Ｔ　ＷＡＭサポート株式会社,デイサービスセンターここから安東,731-0153,広島市安佐南区安東二丁目１１番２７号,082-872-2900,082-872-1888,現存,○,,132.2711431,34.28328145
通所介護,安佐南区,3470212527,株式会社Seiwa,デイサービスハピネス安東,731-0153,広島市安佐南区安東六丁目４番５２－５号,082-832-8817,082-878-8818,現存,○,,132.2714098,34.28366423
通所介護,安佐南区,3470202965,株式会社オムエル,デイサービスセンターあゆみ,731-0138,広島市安佐南区祇園五丁目２番４５－３０３号,082-874-8152,082-874-8180,現存,○,,132.273803,34.26500449
通所介護,安佐南区,3470208053,株式会社いでしたケアサービス,デイサービス「いでしたの日々」,731-0138,広島市安佐南区祇園五丁目７番２号ラゾーナ祇園１階１Ｆ号室,082-962-0701,082-962-0761,現存,○,,132.2731558,34.26381398
通所介護,安佐南区,3470206248,医療法人メディカルパーク,野村病院デイサービスセンター「ぎおん」,731-0138,広島市安佐南区祇園二丁目４２番３４号,082-832-3857,082-832-3856,現存,○,,132.2754494,34.26221927
通所介護,安佐南区,3470208152,医療法人ユア・メディック,デイサービスよりしま,731-0138,広島市安佐南区祇園二丁目４４番６号,082-962-1266,082-962-1261,現存,○,,132.2751131,34.26245322
通所介護,安佐南区,3470215447,株式会社KD.SEVEN,フィットネスデイＹスタ古市,731-0123,広島市安佐南区古市二丁目１７番３－１０１号,082-225-8477,082-225-8499,現存,○,,132.2815475,34.27101882
通所介護,安佐南区,3470205331,株式会社サルート,デイサービスセンターとまとたかとり,731-0142,広島市安佐南区高取南一丁目１１番４３号,082-847-0347,082-847-0349,現存,○,,132.261719,34.28191859
通所介護,安佐南区,3470206800,社会福祉法人慈光会,デイサービスセンター慈光園,731-0144,広島市安佐南区高取北一丁目１７－４１,082-878-8005,082-878-8037,現存,○,,132.2628638,34.2838481
通所介護,安佐南区,3470208269,株式会社いでしたケアサービス,いでしたリハビリステーション高取,731-0144,広島市安佐南区高取北一丁目４番３０号サンビル２F,082-962-2341,082-962-2342,現存,○,,132.2615378,34.28312314
通所介護,安佐南区,3470210356,株式会社Seiwa,デイサービスハピネス,731-0139,広島市安佐南区山本新町一丁目１１番１号,082-871-8817,082-871-8816,現存,○,,132.2611835,34.26194529
通所介護,安佐南区,3470213137,社会福祉法人メインストリーム,デイサービスセンター和,731-0139,広島市安佐南区山本新町四丁目３番１１号,082-850-1008,082-850-1009,現存,○,,132.2612244,34.26513164
通所介護,安佐南区,3470208426,社会福祉法人信々会,デイサービスもみの木,731-0139,広島市安佐南区山本新町二丁目１８番９－１４号,082-850-1124,082-871-4166,現存,○,,132.2604277,34.26260459
通所介護,安佐南区,3470201033,社会福祉法人慈光会,デイサービスセンター上安慈光園,731-0154,広島市安佐南区上安二丁目２０番３３号,082-878-8600,082-878-8711,現存,○,,132.2644312,34.28314275
通所介護,安佐南区,3470207055,社会福祉法人ＩＧＬ学園福祉会,ＩＧＬデイサービスアルペンローゼ,731-0154,広島市安佐南区上安六丁目２７番１２－１２号,082-830-3337,082-830-3318,現存,○,,132.264114,34.28535812
通所介護,安佐南区,3470212113,社会福祉法人ＩＧＬ学園福祉会,IGLデイサービスシャレー,731-0154,広島市安佐南区上安六丁目３１番２号,082-830-3323,082-830-3327,現存,○,,132.2641112,34.28595493
通所介護,安佐南区,3470202668,広島医療生活協同組合,デイサービスセンターひまわり,731-0113,広島市安佐南区西原九丁目８番２２号,082-874-4085,082-874-4093,現存,○,,132.2818936,34.26491555
通所介護,安佐南区,3470214572,株式会社ＫＤ．ＳＥＶＥＮ,フィットネスデイＹスタ西原,731-0113,広島市安佐南区西原六丁目２７番８ー１０１号アヴニール五軒屋,082-548-0421,082-548-0448,現存,○,,132.2822925,34.26220254
通所介護,安佐南区,3470206099,株式会社不二ビルサービス,デイサービスセンターふじ川内,731-0102,広島市安佐南区川内一丁目１５番２４号,082-831-8909,082-831-8910,現存,○,,132.2904053,34.27297535
通所介護,安佐南区,3470203773,社会福祉法人楽友会,通所介護事業所川内の里,731-0102,広島市安佐南区川内一丁目２１番２９号,082-831-1125,082-876-1094,現存,○,,132.2906025,34.27233284
通所介護,安佐南区,3470209283,株式会社不二ビルサービス,デイサービスセンターふじ安佐南,731-0102,広島市安佐南区川内一丁目５番２４号,082-870-3167,082-870-3169,現存,○,,132.2905142,34.27340265
通所介護,安佐南区,3470211594,株式会社Seiwa,デイサービスハピネス川内,731-0102,広島市安佐南区川内五丁目１８番２５号,082-831-8817,082-831-8818,現存,○,,132.2908348,34.28058082
通所介護,安佐南区,3470212535,スターアテンダント株式会社,スターアテンダントデイサービスセンター,731-0102,広島市安佐南区川内六丁目２１番１号,082-846-5588,082-846-5584,現存,○,,132.2922612,34.28220646
通所介護,安佐南区,3470205661,株式会社幸房,くらしさデイサービスたかとり,731-0141,広島市安佐南区相田二丁目５番３５号,082-555-4664,082-555-4665,現存,○,,132.2659432,34.282362
通所介護,安佐南区,3470207923,ベストケア株式会社,ベストケア・デイサービスセンター安佐南,731-0125,広島市安佐南区大町西二丁目３０番１６号,082-877-3211,082-877-3201,現存,○,,132.2741138,34.27235882
通所介護,安佐南区,3470202775,医療法人あかね会,土谷デイサービスセンター大町,731-0124,広島市安佐南区大町東二丁目７番２４号,082-831-6600,082-870-6651,現存,○,,132.2809033,34.27437624
通所介護,安佐南区,3470208640,社会福祉法人ＩＧＬ学園福祉会,ＩＧＬデイサービス西風新都,731-3167,広島市安佐南区大塚西二丁目５番８号,082-848-3358,082-848-3314,現存,○,,132.2403927,34.26388309
通所介護,安佐南区,3470210224,株式会社ＳＯＹＯＫＡＺＥ,広島中筋ケアセンターそよ風,731-0122,広島市安佐南区中筋一丁目１５番１０号,082-831-6671,082-831-6672,現存,○,,132.2826131,34.26543308
通所介護,安佐南区,3470214176,株式会社ツクイ,ツクイ広島中筋,731-0122,広島市安佐南区中筋一丁目４番８号,082-831-8332,082-831-8334,現存,○,,132.2836165,34.27079936
通所介護,安佐南区,3470215207,T&TWAMサポート株式会社,ここから中筋,731-0122,広島市安佐南区中筋一丁目9番20号,082-962-3012,082-962-3013,現存,○,,132.2834349,34.27007951
通所介護,安佐南区,3470214317,株式会社ハートアンサンブル,デイサービス梅の里,731-0122,広島市安佐南区中筋二丁目１７番５６号,082-554-1234,082-554-1235,現存,○,,132.2843938,34.26559481
通所介護,安佐南区,3470211370,医療法人あすか,デイサービスセンターまやるちょーく大町,731-0121,広島市安佐南区中須一丁目２６番１２号,082-879-1225,082-879-1168,現存,○,,132.2818028,34.27407473
通所介護,安佐南区,3470208046,医療法人信愛会,デイサービス長楽,731-0143,広島市安佐南区長楽寺三丁目８番８号,082-832-8080,082-832-8081,現存,○,,132.253032,34.28253441
通所介護,安佐南区,3470213855,株式会社アイ・テック,ふれあいデイサービス・安佐南,731-0136,広島市安佐南区長束西二丁目１１番５号,082-237-6680,082-237-6681,現存,○,,132.2710628,34.25505151
通所介護,安佐南区,3470215454,株式会社ニックス,ニックスデイサービスベース長束,731-0135,広島市安佐南区長束二丁目１２番２８号,082-962-7404,082-962-7406,現存,○,,132.2732474,34.25435981
通所介護,安佐南区,3470203294,社会福祉法人慈光会,デイサービスセンター東原慈光園,731-0112,広島市安佐南区東原三丁目１４番４号,082-850-1108,082-850-1107,現存,○,,132.2850864,34.26522611
通所介護,安佐南区,3470212741,株式会社L.S.I.,デイサービスセンターかがやき安佐南,731-0111,広島市安佐南区東野二丁目１８番６号,082-831-1178,082-831-1179,現存,○,,132.2912327,34.26556674
通所介護,安佐南区,3470201454,社会福祉法人和楽会,和楽荘通所介護事業部,731-3169,広島市安佐南区伴西五丁目１４３２番地１,082-848-5000,082-848-4579,現存,○,,132.2233007,34.27343606
通所介護,安佐南区,3470205166,広島医療生活協同組合,沼田診療所デイサービス,731-3164,広島市安佐南区伴東七丁目３８番１０号,082-848-4486,082-848-5208,現存,○,,132.2455539,34.2750097
通所介護,安佐南区,3470202049,社会福祉法人広島良城会,デイサービスセンター友愛園,731-3164,広島市安佐南区伴東二丁目３０番１１号,082-848-2626,082-848-7333,現存,○,,132.2455878,34.28299559
通所介護,安佐南区,3470200811,医療法人あすか,デイサービスセンターしゅりあちょーく,731-0151,広島市安佐南区毘沙門台東一丁目２４番１６号,082-830-0552,082-830-0553,現存,○,,132.2800458,34.28495048
通所介護,安佐南区,3470207386,サンキ・ウエルビィ株式会社,サンキ・ウエルビィデイサービスセンター緑井,731-0103,広島市安佐南区緑井一丁目２１番９号阿佐ビル一棟,082-831-1331,082-831-1332,現存,○,,132.283855,34.27424077
通所介護,安佐南区,3470213897,山根木材ライフケア株式会社,デイサービスきたえるーむ広島緑井,731-0103,広島市安佐南区緑井二丁目２７番４号,082-836-7944,082-836-7945,現存,○,,132.281645,34.27588819
通所介護,安佐北区,3470106638,有限会社平野,通所介護事業所ファミリー,731-3361,広島市安佐北区あさひが丘一丁目１番８号,082-838-4183,082-838-2600,現存,○,,132.2630799,34.30032604
通所介護,安佐北区,3470101092,社会福祉法人あさ,デイサービスセンターみくに,731-3362,広島市安佐北区安佐町久地字日ノ浦３２４０番地６５,082-837-0767,082-837-0771,現存,○,,132.2423424,34.31207462
通所介護,安佐北区,3470103858,社会福祉法人ＩＧＬ学園福祉会,ＩＧＬデイサービスゆうゆう,731-3352,広島市安佐北区安佐町後山１２４１５番地５,082-838-3100,082-838-3444,現存,○,,132.2649438,34.30321792
通所介護,安佐北区,3470104682,有限会社２１,デイサービス愛,731-1142,広島市安佐北区安佐町飯室１４５１番地,082-835-2123,082-810-2158,現存,○,,132.2653275,34.33127433
通所介護,安佐北区,3470109442,社会福祉法人ひろしま四季の会,デイサービスセンターこころ,731-1141,広島市安佐北区安佐町鈴張２６８８番地,082-554-8600,082-554-8601,現存,○,,132.2716989,34.34456361
通所介護,安佐北区,3470103312,医療法人社団花水木会,デイサービスセンターすずはり,731-1141,広島市安佐北区安佐町鈴張５００４番地９,082-810-2002,082-810-2028,現存,○,,132.2727965,34.34546509
通所介護,安佐北区,3470105820,サンキ・ウエルビィ株式会社,サンキ・ウエルビィデイサービスセンター可部,731-0221,広島市安佐北区可部三丁目１番２６号,082-819-0181,082-819-0182,現存,○,,132.3050447,34.3131279
通所介護,安佐北区,3470104161,医療法人秀仁会,デイサービスセンター菜の花,731-0221,広島市安佐北区可部四丁目２１番１１号,082-815-1150,082-881-2111,現存,○,,132.3025806,34.30594933
通所介護,安佐北区,3470110598,医療法人社団恵正会,にのみやデイサービス・アクア,731-0221,広島市安佐北区可部四丁目６番２号ＹＮビル２Ｆ,082-810-0500,082-810-0501,現存,○,,132.3029703,34.31088751
通所介護,安佐北区,3470105036,社会福祉法人フェニックス,デイサービスセンターかんべ村,731-0221,広島市安佐北区可部七丁目１３番１５－１－７号,082-812-3588,082-812-3589,現存,○,,132.3039456,34.31277285
通所介護,安佐北区,3470107438,株式会社ワールドステイ,デイサービスセンター春日和平政,731-0221,広島市安佐北区可部七丁目１９番８号,082-814-7350,082-814-7351,現存,○,,132.3041081,34.31342433
通所介護,安佐北区,3470104815,広島リハビリテーション福祉会株式会社,デイサービスセンターかわぐち,731-0214,広島市安佐北区可部町桐原字中尾１０５８番地２,082-818-7800,082-818-7800,現存,○,,132.3216526,34.32153497
通所介護,安佐北区,3470110622,有限会社アップマテリアル,デイサービス孫の手,731-0223,広島市安佐北区可部南一丁目８番４４号,082-819-3360,082-819-3361,現存,○,,132.3100418,34.29496468
通所介護,安佐北区,3470107966,社会福祉法人広島県同胞援護財団,デイサービスセンター可部南静養園,731-0223,広島市安佐北区可部南二丁目１９番３３号,082-562-2506,082-819-2155,現存,○,,132.3108831,34.30036024
通所介護,安佐北区,3470108642,医療法人秀仁会,トレーニングセンター菜の花畑,731-0221,広島市安佐北区可部六丁目１４番８号,082-516-7727,082-516-7726,現存,○,,132.3022278,34.31313995
通所介護,安佐北区,3470108295,日本基準寝具株式会社,エコール・デイ高陽,739-1742,広島市安佐北区亀崎一丁目２番３３号,082-841-4566,082-841-4577,現存,○,,132.3125219,34.28537942
通所介護,安佐北区,3470109574,株式会社百合花,百合花可部デイサービス,731-0231,広島市安佐北区亀山一丁目１４番１７－５号,082-554-6249,082-554-6249,現存,○,,132.2959093,34.30571296
通所介護,安佐北区,3470104641,医療法人社団恵正会,にのみやデイサービスセンター・アネックス,731-0231,広島市安佐北区亀山一丁目１７番１６号,082-819-1155,082-815-3011,現存,○,,132.3005741,34.3055794
通所介護,安佐北区,3470109269,社会福祉法人かつぎ会,デイサービスセンター亀山の里,731-0231,広島市安佐北区亀山九丁目１０番２５号,082-819-3355,082-819-3356,現存,○,,132.2849884,34.3206104
通所介護,安佐北区,3470106083,株式会社いでしたケアサービス,いでしたリハビリステーション亀山,731-0231,広島市安佐北区亀山五丁目３番１９号,082-881-1002,082-881-4111,現存,○,,132.3009209,34.31267357
通所介護,安佐北区,3470101985,医療法人社団恵正会,にのみやシニア・フィットネス,731-0231,広島市安佐北区亀山三丁目２４番１７号,082-819-1216,082-819-1232,現存,○,,132.2957929,34.31168694
通所介護,安佐北区,3470104534,医療法人おきた内科クリニック,デイサービスサンバリー高陽,739-1734,広島市安佐北区口田四丁目２０番１３号,082-841-0036,082-841-0056,現存,○,,132.3023643,34.28073761
通所介護,安佐北区,3470108790,社会福祉法人信々会,デイサービスもみの木くちた,739-1733,広島市安佐北区口田南一丁目９番８号,082-516-4165,082-516-6541,現存,○,,132.2930301,34.27163101
通所介護,安佐北区,3470110119,株式会社共生,TAKE５,739-1733,広島市安佐北区口田南八丁目１７番１８号,082-516-8360,082-516-8370,現存,○,,132.3021886,34.27478508
通所介護,安佐北区,3470105150,医療法人吉川医院,吉川医院デイサービスセンター,731-0211,広島市安佐北区三入六丁目１番４号,082-810-5211,082-810-5221,現存,○,,132.320601,34.32497954
通所介護,安佐北区,3470108303,医療法人おかもと整形外科クリニック,デイサービスセンターオークス上深川,739-1752,広島市安佐北区上深川町森乃木７３４番地１,082-840-3355,082-840-3356,現存,○,,132.3337639,34.28274396
通所介護,安佐北区,3470109632,社会福祉法人三篠会,デイサービスセンター高陽荘,739-1751,広島市安佐北区深川八丁目３６番７号,082-842-2266,082-845-5090,現存,○,,132.3224002,34.28096511
通所介護,安佐北区,3470101241,社会福祉法人三篠会,デイサービスリアライヴ高陽,739-1741,広島市安佐北区真亀一丁目1番８号,082-843-3223,082-516-7600,現存,○,,132.3112283,34.28537353
通所介護,安佐北区,3470110416,株式会社アールプラス,活リハトパーズ高陽,739-1741,広島市安佐北区真亀三丁目１番１号１-２-２号区画,082-841-1200,082-841-1201,現存,○,,132.3056526,34.29067492
通所介護,安佐北区,3470102926,社会福祉法人可部大文字会,デイサービスセンター山まゆ,731-0202,広島市安佐北区大林町字根谷１６２番地の２,082-818-6011,082-818-6066,現存,○,,132.3345057,34.3416313
通所介護,安佐北区,3470104419,医療法人社団恵正会,通所介護事業所みた,739-1521,広島市安佐北区白木町三田栗原７００５番地１,082-810-6600,082-829-0135,現存,○,,132.3708319,34.31217842
通所介護,安佐北区,3470103304,医療法人社団緑雨会,医療法人社団緑雨会デイサービスあおぞら,739-1731,広島市安佐北区落合一丁目１７番１２号,082-841-2020,082-841-2025,現存,○,,132.3039075,34.28257221
通所介護,安佐北区,3470103874,医療法人社団加藤会,デイサービスちかいの里,739-1731,広島市安佐北区落合五丁目１番１０号,082-842-8270,082-842-8380,現存,○,,132.3047652,34.28492236
通所介護,安佐北区,3470103262,医療法人社団あと会,高陽デイサービス,739-1732,広島市安佐北区落合南一丁目１１番２２号,082-845-3676,082-843-0007,現存,○,,132.3026702,34.28041929
通所介護,安佐北区,3470102835,社会福祉法人正仁会,なごみの郷通所介護事業所,739-1732,広島市安佐北区落合南町１９６番１,082-841-1333,082-841-1336,現存,○,,132.3050388,34.27419963
通所介護,安芸区,3470100870,社会福祉法人あと会,デイサービスセンターくにくさ,731-4231,広島市安芸区阿戸町４１８番地の１,082-856-0222,082-856-0115,現存,○,,132.3726793,34.22249147
通所介護,安芸区,3470102116,医療法人せせらぎ会,さなだ内科デイサービスセンター,739-0311,広島市安芸区瀬野二丁目１２番９号,082-820-3660,082-820-3002,現存,○,,132.3543715,34.2521508
通所介護,安芸区,3470109814,社会福祉法人共助会,デイサービス瀬野時計台,739-0311,広島市安芸区瀬野二丁目１７番３０号,082-880-0020,082-880-0021,現存,○,,132.3535915,34.25214726
通所介護,安芸区,3470105564,有限会社ウエルビーイング,さくら倶楽部,736-0081,広島市安芸区船越一丁目５０番３３号,082-824-4311,082-824-4301,現存,○,,132.3058621,34.22369954
通所介護,安芸区,3470105481,サンキ・ウエルビィ株式会社,サンキ・ウエルビィデイサービスセンター安芸,736-0082,広島市安芸区船越南三丁目２５番３８号,082-821-1660,082-821-0253,現存,○,,132.3136481,34.22149046
通所介護,安芸区,3470102702,医療法人社団泰山会,デイサービスセンター和,736-0081,広島市安芸区船越六丁目２番１３号,082-824-1175,082-824-1176,現存,○,,132.3146773,34.22296333
通所介護,安芸区,3470101266,社会福祉法人慈楽福祉会,デイサービスセンター安芸中野,739-0321,広島市安芸区中野三丁目９番５号,082-893-3360,082-893-0522,現存,○,,132.3352401,34.23342849
通所介護,安芸区,3470102819,社会福祉法人慈楽福祉会,デイサービスセンターれんげ,739-0321,広島市安芸区中野三丁目９番６号,082-893-3353,082-893-0522,現存,○,,132.3353498,34.23337303
通所介護,安芸区,3470102892,医療法人社団白寿会,デイサービスセンターしらゆり,739-0323,広島市安芸区中野東一丁目２１番２９号,082-892-1500,082-893-3957,現存,○,,132.3340551,34.2308388
通所介護,安芸区,3470105390,医療法人社団長寿会,時計台デイサービスセンター,739-0323,広島市安芸区中野東六丁目３番３６号,082-554-4785,082-554-4786,現存,○,,132.3458733,34.24110337
通所介護,安芸区,3470108725,株式会社ひまわり,リハビリ型デイサービスはっぴぃーふぁみりー,739-0321,広島市安芸区中野二丁目１８番８号中田ビル１階,082-893-3365,082-893-3380,現存,○,,132.3346651,34.23299139
通所介護,安芸区,3470109475,社会福祉法人香南会,デイサービスセンター彩,736-0085,広島市安芸区矢野西三丁目１番１１号,082-516-5794,082-554-8951,現存,○,,132.3130028,34.20547429
通所介護,安芸区,3470110432,株式会社みのり,デイサービスセンターげんきサポート矢野,736-0085,広島市安芸区矢野西四丁目１０番１８号ＦＨＫジーニアルビル３０１,082-554-9004,082-554-9007,現存,○,,132.3150646,34.21039688
通所介護,安芸区,3470103320,医療法人とまと会,津丸内科デイサービスセンター,736-0085,広島市安芸区矢野西四丁目１番１７号,082-889-6600,082-889-6601,現存,○,,132.3159008,34.21088433
通所介護,安芸区,3470104211,医療法人純心会,デイサービスこころ,736-0085,広島市安芸区矢野西四丁目４１番１１号,082-888-5510,082-888-5613,現存,○,,132.315442,34.20547122
通所介護,安芸区,3470109525,有限会社エフビーシー,スポーツ・リハデイサービス・グロービー,736-0083,広島市安芸区矢野東一丁目５番１０号,082-516-6655,082-516-5285,現存,○,,132.3204746,34.2120627
通所介護,安芸区,3470109608,株式会社SKT,リハビリデイサービスサルーン矢野,736-0083,広島市安芸区矢野東五丁目５番２号フクナガビル１０１号室,082-888-8570,082-888-8571,現存,○,,132.3212593,34.21167098
通所介護,安芸区,3470102231,有限会社ウィルコーポレーション,デイサービスふれあい矢野,736-0083,広島市安芸区矢野東四丁目４番１８－１０１号,082-820-4488,082-820-4489,現存,○,,132.3218147,34.21181824
通所介護,安芸区,3470110440,有限会社よろずや,たまり場,736-0083,広島市安芸区矢野東六丁目２４番７号,082-888-7778,082-889-3119,現存,○,,132.3220526,34.20415192
通所介護,佐伯区,3470210299,医療法人社団一陽会,デイサービス楽々園,731-5133,広島市佐伯区旭園９番３１号,082-943-8585,082-943-8588,現存,○,,132.2203913,34.21529022
通所介護,佐伯区,3470215702,医療法人アルパ会,機能訓練型デイサービスアルパカルーム,731-5124,広島市佐伯区皆賀一丁目１０番４号,082-921-8877,,現存,○,,132.2210777,34.22176339
通所介護,佐伯区,3470214515,社会福祉法人三篠会,通所介護事業所楽々園ｋｉｓｕｉ,731-5136,広島市佐伯区楽々園五丁目１５番２２号,082-922-2555,082-922-2565,現存,○,,132.2106502,34.21337664
通所介護,佐伯区,3470213020,株式会社シーズンモチベーション,デイサービス季楽・リハ楽々園,731-5136,広島市佐伯区楽々園二丁目２番１３号（パサージュ楽々園）,082-942-5202,082-553-0310,現存,○,,132.2102928,34.21500498
通所介護,佐伯区,3470206990,株式会社ファイネス,デイサービスファイネス,731-5157,広島市佐伯区観音台四丁目３２番２０号,082-943-8604,082-943-8605,現存,○,,132.2034023,34.23086142
通所介護,佐伯区,3470201165,社会福祉法人平和会,デイサービスセンターやすらぎの里,731-5101,広島市佐伯区五月が丘四丁目１５番６号,082-941-2900,082-941-2906,現存,○,,132.2412923,34.25525941
通所介護,佐伯区,3470214234,株式会社障がい者ライフサポート,ファニー,731-5127,広島市佐伯区五日市一丁目７番１８号,082-533-8985,082-533-8975,現存,○,,132.2121418,34.22026191
通所介護,佐伯区,3470213871,山根木材ライフケア株式会社,デイサービスきたえるーむ広島五日市,731-5125,広島市佐伯区五日市駅前三丁目４番１５－２号,082-548-8250,082-548-8251,現存,○,,132.2159582,34.22120992
通所介護,佐伯区,3470202551,有限会社セカンド,デイサービスセンターほがらか,731-5127,広島市佐伯区五日市七丁目１４番１０号,082-943-6323,082-943-6322,現存,○,,132.2137651,34.22318153
通所介護,佐伯区,3470209267,株式会社ニチイ学館,ニチイケアセンター五日市中央通所介護事業所,731-5128,広島市佐伯区五日市中央二丁目７番２１号,082-943-4581,082-943-4589,現存,○,,132.211338,34.22064739
通所介護,佐伯区,3470214168,株式会社ツクイ,ツクイ広島五日市,731-5128,広島市佐伯区五日市中央六丁目１番７９－９号,082-943-9655,082-943-9656,現存,○,,132.2129328,34.22486374
通所介護,佐伯区,3470207006,社会福祉法人広島博愛会,あかり園デイサービス,731-5152,広島市佐伯区五日市町下河内５９１番地１,082-926-1511,082-927-6000,現存,○,,132.2109238,34.24303866
通所介護,佐伯区,3470201298,社会福祉法人慈光会,デイサービスセンター石内慈光園,731-5102,広島市佐伯区五日市町石内６４０５番地の１,082-926-0066,082-929-0200,現存,○,,132.2204865,34.24138589
通所介護,佐伯区,3470209937,株式会社ニックス,ニックスデイサービスセンター五日市,731-5144,広島市佐伯区三筋一丁目３番１５号,082-921-8600,082-921-8622,現存,○,,132.2051344,34.21570956
通所介護,佐伯区,3470208806,株式会社いでしたケアサービス,デイサービス「いでしたの希望」,731-5143,広島市佐伯区三宅一丁目３番３８号北川ビル１０５号室,082-942-6548,082-942-6549,現存,○,,132.2059234,34.22092351
通所介護,佐伯区,3470201249,社会福祉法人双樹会,陽光の家通所介護事業所,731-5143,広島市佐伯区三宅六丁目１０５番地,082-921-8211,082-921-6651,現存,○,,132.2009902,34.2248128
通所介護,佐伯区,3470213426,社会福祉法人かきつばた福祉会,デイサービスいつかいち福寿苑,731-5142,広島市佐伯区坪井一丁目３１番７号,082-943-2110,082-943-2115,現存,○,,132.2103679,34.22303148
通所介護,佐伯区,3470215934,株式会社湯来野の花,野の花デイサービス,738-0603,広島市佐伯区湯来町下９８７番地,0826-23-1321,0826-23-0338,現存,○,,132.2051197,34.33061372
通所介護,佐伯区,3473300410,社会福祉法人芸南福祉会,湯来保養園デイサービスセンター,738-0512,広島市佐伯区湯来町白砂８２番地の４,0829-86-2715,0829-86-2716,現存,○,,132.170121,34.24513723
通所介護,佐伯区,3470212899,株式会社ウェブ・エージェンシー,デイサービスセンターi・ケアゆき,738-0513,広島市佐伯区湯来町伏谷乙１３６１番地,0829-40-5130,0829-86-2955,現存,○,,132.1717969,34.27007911
通所介護,佐伯区,3473300725,特定非営利活動法人サンピアゆき,湯来町サンピア通所介護事業所,738-0601,広島市佐伯区湯来町和田３３３番地広島市湯来福祉会館内,0829-83-0858,0829-83-0195,現存,○,,132.16411,34.2927614
通所介護,佐伯区,3470207527,社会福祉法人平和会,デイサービスセンターふじの木,731-5103,広島市佐伯区藤の木１５７番地２１,082-929-6033,082-929-6023,現存,○,,132.2142703,34.25084187
通所介護,佐伯区,3470212428,株式会社L.S.I.,デイサービスセンターかがやき五日市,731-5115,広島市佐伯区八幡東三丁目１０番１８号,082-533-8732,082-533-8733,現存,○,,132.2149562,34.23151699
通所介護,佐伯区,3470213889,株式会社アテック,ほねつぎデイサービス八幡東店,731-5115,広島市佐伯区八幡東三丁目２６番３７号,082-554-5348,082-554-5358,現存,○,,132.2145823,34.23079753
通所介護,佐伯区,3470209390,社会福祉法人ＩＧＬ学園福祉会,ＩＧＬデイサービス美鈴が丘,731-5111,広島市佐伯区美鈴が丘東四丁目１４番１号,082-926-3901,082-926-3905,現存,○,,132.2318614,34.23430633
通所介護,佐伯区,3470211057,株式会社ｉ-Ｒｅｈａ,ファイネス薬師が丘,731-5154,広島市佐伯区薬師が丘二丁目１番１２号,082-533-7961,082-533-7962,現存,○,,132.2100313,34.23413959
通所介護,佐伯区,3470214739,株式会社障がい者ライフサポート,ひといき作業所,731-5106,広島市佐伯区利松三丁目２５番４３号,082-942-3957,082-942-3957,現存,○,,132.2141446,34.23569109
通所介護,佐伯区,3470205794,医療法人崇光会,山村整形デイサービスセンター,731-5106,広島市佐伯区利松二丁目１１番６号,082-926-4804,082-926-4805,現存,○,,132.2207943,34.23584818
通所リハビリテーション,中区,3410114023,医療法人社団田丸整形外科,医療法人社団田丸整形外科,730-0814,広島市中区羽衣町２番１５号,082-243-4785,082-243-4815,現存,○,○,132.2657042,34.22489145
通所リハビリテーション,中区,3450180066,医療法人社団桃李会,老人保健施設平和の里,730-0812,広島市中区加古町６番１号,082-248-8828,082-248-8803,現存,○,○,132.2658659,34.23153924
通所リハビリテーション,中区,3450180181,医療法人社団生和会,介護老人保健施設陽だまり,730-0042,広島市中区国泰寺町二丁目４番１８号,082-544-1616,082-544-1636,現存,○,○,132.2715346,34.23011091
通所リハビリテーション,中区,3470205174,医療法人社団おると会,医療法人社団おると会浜脇整形外科リハビリセンター,730-0842,広島市中区舟入中町１１番７号,082-503-4880,082-503-4887,現存,○,○,132.2639683,34.23100881
通所リハビリテーション,中区,3410211183,医療法人社団曙会,医療法人社団曙会シムラ病院,730-0841,広島市中区舟入町３番１３号,082-294-5151,,現存,○,○,132.2638324,34.23295627
通所リハビリテーション,中区,3450180124,医療法人翠清会,介護老人保健施設ひばり,730-0046,広島市中区昭和町１番５号,082-543-5700,082-249-5891,休止,○,○,132.2759253,34.23002784
通所リハビリテーション,中区,3410216976,医療法人社団つばさ会,横山内科クリニック,730-0806,広島市中区西十日市町１番６号,082-503-8050,082-503-8030,休止,○,○,132.2649288,34.23542592
通所リハビリテーション,中区,3410112092,医療法人社団絆,とうぎ整形外科・リハビリクリニック,730-0049,広島市中区南竹屋町5番8号,082-244-4114,,現存,○,○,132.2739212,34.22538019
通所リハビリテーション,中区,3450180165,医療法人社団葵会,介護老人保健施設葵の園・広島,730-0047,広島市中区平野町３番８号,082-241-3030,082-241-8700,現存,○,○,132.2746723,34.22525445
通所リハビリテーション,中区,3410123958,醫療法人齊和會,廣島クリニック,730-0044,広島市中区宝町２番１号フジグラン広島４F,082-543-6688,082-543-6689,現存,○,○,132.2751648,34.23100466
通所リハビリテーション,東区,3410121010,医療法人　おかもと整形外科クリニック,医療法人　おかもと整形外科クリニック,732-0033,広島市東区温品７丁目５番２６号,082-562-2444,082-573-7171,現存,○,○,132.3034072,34.24577587
通所リハビリテーション,東区,3450180108,医療法人恒和会,介護老人保健施設牛田バラ苑,732-0068,広島市東区牛田新町三丁目３０番３０号,082-222-8000,082-222-8006,現存,○,○,132.2819159,34.25267919
通所リハビリテーション,東区,3410121622,医療法人社団聖愛会,医療法人社団聖愛会ぎおん牛田病院附属牛田クリニック,732-0066,広島市東区牛田本町一丁目５－１４,082-223-3020,082-223-0785,現存,○,○,132.2817232,34.24327304
通所リハビリテーション,東区,3410126985,医療法人みのる会,新本クリニック整形外科,732-0066,広島市東区牛田本町六丁目１萬２７号５階,082-502-8008,082-502-8022,現存,○,○,132.2805896,34.24513456
通所リハビリテーション,東区,3410124345,医療法人社団輔仁会,太田川東クリニック,732-0002,広島市東区戸坂山根一丁目２４番２０号,082-220-0044,082-220-0043,現存,○,○,132.2922008,34.2601251
通所リハビリテーション,東区,3410116234,医療法人社団輔仁会,太田川病院,732-0009,広島市東区戸坂千足一丁目２１番２５号,082-220-0221,082-220-2812,現存,○,○,132.2902536,34.26129019
通所リハビリテーション,東区,3410116150,医療法人社団アイオワ,戸坂外科医院,732-0009,広島市東区戸坂千足二丁目５番１６号,082-220-0050,082-220-0636,現存,○,○,132.2906157,34.26167493
通所リハビリテーション,東区,3410126084,医療法人龍樹会,池田整形外科リハビリテーションクリニック,732-0014,広島市東区戸坂大上四丁目２９番１３号,082-516-1185,,現存,○,○,132.2940204,34.2527153
通所リハビリテーション,東区,3410116358,医療法人あずさ会,森整形外科,732-0052,広島市東区光町１丁目３－１６,082-264-5225,,現存,○,○,132.2859285,34.23555671
通所リハビリテーション,東区,3450180116,医療法人たかまさ会,介護老人保健施設ウェルフェア,732-0032,広島市東区上温品一丁目２１番６号,082-280-3720,082-280-3751,現存,○,○,132.3049421,34.25169524
通所リハビリテーション,東区,34B0100012,医療法人たかまさ会,山﨑病院介護医療院,732-0032,広島市東区上温品一丁目２４番９号,082-280-1234,082-289-0866,現存,○,○,132.3044531,34.25179639
通所リハビリテーション,東区,3450180140,医療法人社団石見会,介護療養型老人保健施設いわさき,732-0043,広島市東区東山町１番９号,082-262-5271,082-261-8720,現存,○,○,132.2929057,34.23548178
通所リハビリテーション,東区,3450180058,社会福祉法人広島常光福祉会,老人保健施設スカイバード,732-0036,広島市東区福田町３１９８番地,082-899-7778,082-899-7770,現存,○,○,132.3248768,34.26578742
通所リハビリテーション,南区,3410118719,医療法人社団飛翔会,寛田クリニック,732-0827,広島市南区稲荷町３番２０号,082-261-7030,082-261-7031,現存,○,○,132.281338,34.2331338
通所リハビリテーション,南区,3410118289,医療法人翠幸会,大瀬戸リハビリ整形外科,734-0015,広島市南区宇品御幸一丁目１７番１号,082-256-5000,082-256-5830,現存,○,○,132.2752228,34.22051593
通所リハビリテーション,南区,3410117349,医療法人社団みのりの会田島医院,医療法人社団みのりの会田島医院,734-0003,広島市南区宇品東一丁目４番１９号,082-252-0031,082-254-7232,現存,○,○,132.280786,34.21505209
通所リハビリテーション,南区,3410124170,医療法人凛りしき手真田整形外科リハビリ科,みなみまちクリニック,734-0007,広島市南区皆実町五丁目１８番２号,082-250-0155,082-250-0157,現存,○,○,132.2805707,34.22255286
通所リハビリテーション,南区,34B0100020,医療法人和同会,広島シーサイド病院介護医療院,734-0012,広島市南区元宇品町２６番２０号,082-255-1010,082-255-6826,現存,○,○,132.2732707,34.20548621
通所リハビリテーション,南区,3450180017,医療法人恒和会,介護老人保健施設洋光台バラ苑,734-0055,広島市南区向洋新町一丁目１７番１７号,082-287-7777,082-287-7778,現存,○,○,132.3046713,34.21580074
通所リハビリテーション,南区,3450180082,医療法人社団広島厚生会,介護老人保健施設ｅハウス,734-0026,広島市南区仁保一丁目６番１８号,082-286-6117,082-286-6113,現存,○,○,132.2937473,34.22245116
通所リハビリテーション,南区,3410122109,医療法人凛りしき手真田整形外科リハビリ科,真田整形外科リハビリ科,734-0005,広島市南区翠一丁目２番２６号,082-256-0077,082-256-0089,現存,○,○,132.2753262,34.2216619
通所リハビリテーション,南区,3410124766,医療法人社団伯瑛会,のぞみ整形外科スタジアム前クリニック,732-0804,広島市南区西蟹屋四丁目８番３５号,082-262-2000,082-264-2223,現存,○,○,132.2854646,34.23268162
通所リハビリテーション,南区,3410114247,医療法人社団古川医院,医療法人社団古川医院,734-0023,広島市南区東雲本町一丁目１番２号,082-281-7889,082-286-0100,現存,○,○,132.2902264,34.23036393
通所リハビリテーション,南区,3450180025,社会福祉法人三篠会,高齢者リハビリテーションセンターひうな荘,734-0031,広島市南区日宇那町３０番１号,082-256-1001,082-256-1008,現存,○,○,132.2934162,34.21568194
通所リハビリテーション,南区,3410123701,医療法人社団まりも会,医療法人社団まりも会ヒロシマ平松病院,732-0816,広島市南区比治山本町１１番２７号,082-256-3650,,現存,○,○,132.2816158,34.22476788
通所リハビリテーション,西区,3410214989,医療法人かがやき会,奥田整形外科皮膚科医院,733-0841,広島市西区井口明神一丁目１５番２１号,082-277-2288,082-277-2386,現存,○,○,132.2330218,34.22203421
通所リハビリテーション,西区,3410223501,医療法人厚生堂,長崎病院,733-0013,広島市西区横川新町３番１１号,082-208-5801,,現存,○,○,132.2649083,34.24329432
通所リハビリテーション,西区,3450280122,社会福祉法人慈楽福祉会,介護老人保健施設ピア観音,733-0036,広島市西区観音新町一丁目７番４０号,082-503-7772,082-503-7774,現存,○,○,132.254198,34.22267442
通所リハビリテーション,西区,3410221802,医療法人社団ＣＭＣ,コールメディカルクリニック広島,733-0877,広島市西区古田台二丁目１２番９号,082-527-0455,082-527-0450,現存,○,○,132.2403333,34.23397014
通所リハビリテーション,西区,3410216455,医療法人蜂須賀整形外科,蜂須賀整形外科,733-0812,広島市西区己斐本町２丁目１２－２７,082-272-3300,082-507-0466,現存,○,○,132.2533713,34.2338258
通所リハビリテーション,西区,3410225530,医療法人光臨会,あらき脳・循環器・リハビリクリニック,733-0821,広島市西区庚午北１丁目５番１５号,082-208-4177,082-527-1127,現存,○,○,132.2522346,34.23272283
通所リハビリテーション,西区,3450280130,医療法人みやうち,介護老人保健施設三滝ひまわり,733-0802,広島市西区三滝本町二丁目１３番３４－２号,082-230-8666,082-230-8327,現存,○,○,132.2636316,34.25040578
通所リハビリテーション,西区,3410224954,村田　芳夫,リハビリテーション礼和クリニック広島,733-0021,広島市西区上天満町７番１３号株式会社井口家具百貨店西館４階,082-532-5099,,現存,○,○,132.2620081,34.23535409
通所リハビリテーション,西区,3410216885,医療法人ほり整形外科,ほり整形外科,733-0834,広島市西区草津新町二丁目６－１０,082-278-5255,082-278-4800,現存,○,○,132.2338741,34.2230021
通所リハビリテーション,西区,3410218634,田頭　尚,たがしらクリニック,733-0012,広島市西区中広町２丁目２２－２１,082-297-6671,082-297-6672,現存,○,○,132.2637389,34.2412398
通所リハビリテーション,西区,3410210458,医療法人社団光仁会,医療法人社団光仁会梶川病院,733-0022,広島市西区天満町８番７号,082-231-1131,082-293-2010,現存,○,○,132.2625945,34.23471431
通所リハビリテーション,西区,3450280098,医療法人和同会,西広島幸楽苑,733-0851,広島市西区田方二丁目１６番４５号,082-507-1367,082-507-1295,現存,○,○,132.2346084,34.23304052
通所リハビリテーション,西区,3410217487,醫療法人齊和會,廣島クリニック,733-0032,広島市西区東観音町２０番１６号,082-232-0707,082-233-5339,現存,○,○,132.2615911,34.23268015
通所リハビリテーション,西区,3410210102,医療法人社団玉章会,医療法人社団玉章会力田病院,733-0852,広島市西区鈴が峰町１４番２０号,082-277-2101,082-277-2108,現存,○,○,132.2349658,34.22558114
通所リハビリテーション,安佐南区,3410222768,医療法人誠正会,小島クリニック,731-0138,広島市安佐南区祇園四丁目８－５,082-874-2262,082-874-2606,現存,○,○,132.2720969,34.26260002
通所リハビリテーション,安佐南区,3410222644,医療法人地主クリニック,地主クリニック,731-0138,広島市安佐南区祇園二丁目12番19号,082-871-0008,082-871-0015,現存,○,○,132.2803996,34.26409997
通所リハビリテーション,安佐南区,3410214625,医療法人メディカルパーク,野村病院,731-0138,広島市安佐南区祇園二丁目４２番３４号,082-832-2255,082-832-2256,現存,○,○,132.2754494,34.26221927
通所リハビリテーション,安佐南区,3410222545,医療法人ユア・メディック,よりしま内科外科医院,731-0138,広島市安佐南区祇園六丁目２１－１６,082-874-3393,082-871-0203,現存,○,○,132.2755263,34.26423236
通所リハビリテーション,安佐南区,3450280155,医療法人社団聖愛会,医療法人社団聖愛会介護老人保健施設とやま,731-3272,広島市安佐南区沼田町吉山字風呂ノ元９８０番１,082-839-3939,082-839-3940,現存,○,○,132.2031497,34.27564458
通所リハビリテーション,安佐南区,3410223006,医療法人昭和,原田整形外科病院,731-0154,広島市安佐南区上安二丁目１５番２７号,082-878-1125,,現存,○,○,132.2641305,34.28236235
通所リハビリテーション,安佐南区,3450280056,社会福祉法人ＩＧＬ学園福祉会,介護老人保健施設ベルローゼ,731-0154,広島市安佐南区上安六丁目３１番１号,082-830-3339,082-830-3380,現存,○,○,132.2641112,34.28595493
通所リハビリテーション,安佐南区,3410224558,医療法人博善会,医療法人博善会長尾医院,731-0113,広島市安佐南区西原四丁目１７番１１号,082-874-3055,082-871-8863,現存,○,○,132.2804287,34.26154318
通所リハビリテーション,安佐南区,3410222479,医療法人社団聖愛会,医療法人社団聖愛会ぎおん牛田病院,731-0113,広島市安佐南区西原八丁目２９番２４号,082-850-3116,082-850-2600,現存,○,○,132.2815156,34.26338952
通所リハビリテーション,安佐南区,3410224384,医療法人社団八千代会,メリィホスピタル,731-3167,広島市安佐南区大塚西三丁目１番２０号,082-849-2300,,現存,○,○,132.2330988,34.26463408
通所リハビリテーション,安佐南区,3410223683,広島医療生活協同組合,広島医療生活協同組合広島共立病院,731-0121,広島市安佐南区中須二丁目２０番２０号,082-879-1111,,現存,○,○,132.2828844,34.2738861
通所リハビリテーション,安佐南区,3450280064,医療法人社団恵愛会,介護老人保健施設希望の園,731-0101,広島市安佐南区八木五丁目１６番２号,082-873-5881,082-873-5887,現存,○,○,132.3009834,34.29000341
通所リハビリテーション,安佐南区,3410216034,医療法人フルライフ,かとうクリニック,731-0101,広島市安佐南区八木二丁目３番６号,082-873-5731,082-873-5731,現存,○,○,132.2950957,34.28495115
通所リハビリテーション,安佐南区,3410223287,医療法人社団和楽会,医療法人社団和楽会伊藤内科医院,731-3165,広島市安佐南区伴中央四丁目７番１０号,082-962-0787,082-962-0788,現存,○,○,132.2416988,34.27265169
通所リハビリテーション,安佐南区,3450280072,医療法人信愛会,老人保健施設しんあい,731-3164,広島市安佐南区伴東七丁目９番３号,082-848-8888,082-848-8885,現存,○,○,132.2516275,34.27525349
通所リハビリテーション,安佐南区,3410223592,地方独立行政法人広島市立病院機構,地方独立行政法人広島市立病院機構　広島市立リハビリテーション病院,731-3168,広島市安佐南区伴南一丁目３９番１号,082-848-8001,082-848-8003,現存,○,○,132.2259342,34.26567956
通所リハビリテーション,安佐南区,3410225092,医療法人まつおか内科生活習慣病クリニック,まつおか内科生活習慣病クリニック,731-3168,広島市安佐南区伴南五丁目１番1号,082-962-7700,082-962-7701,現存,○,○,132.2237559,34.26463783
通所リハビリテーション,安佐南区,3410216091,医療法人あすか,高橋内科小児科医院,731-0103,広島市安佐南区緑井二丁目１２番２５号,082-870-3801,082-879-3190,現存,○,○,132.2813087,34.28035297
通所リハビリテーション,安佐南区,3410222172,医療法人サカもみの木会,サカ緑井病院,731-0103,広島市安佐南区緑井六丁目２８番１号,082-879-1099,082-879-0055,現存,○,○,132.2853442,34.28210015
通所リハビリテーション,安佐北区,3410218204,医療法人社団恵正会,医療法人社団恵正会二宮内科,731-0221,広島市安佐北区可部五丁目１４番１６号,082-819-2671,082-815- 6699,現存,○,○,132.3036355,34.31115937
通所リハビリテーション,安佐北区,3450280114,医療法人秀仁会,介護老人保健施設菜の花,731-0221,広島市安佐北区可部五丁目４番１９－１０号,082-814-0008,082-819-1140,現存,○,○,132.3033953,34.31171749
通所リハビリテーション,安佐北区,3410214005,医療法人長久堂野村病院,長久堂野村病院,731-0223,広島市安佐北区可部南四丁目１７番３０号,082-815-2882,082-815-5878,現存,○,○,132.3045786,34.30181393
通所リハビリテーション,安佐北区,3410221323,医療法人社団恵正会,中岡内科,731-0223,広島市安佐北区可部南二丁目１４番１４号,082-819-3701,082-819-3704,現存,○,○,132.3103296,34.30118865
通所リハビリテーション,安佐北区,3450280015,医療法人社団うすい会,老人保健施設さんさん高陽,739-1742,広島市安佐北区亀崎四丁目７番１号,082-845-1211,082-841-1593,現存,○,○,132.3134332,34.28562081
通所リハビリテーション,安佐北区,3410214997,医療法人社団博寿会,医療法人社団博寿会山下医院,739-1734,広島市安佐北区口田一丁目１５番１０号,082-843-1011,082-843-1237,現存,○,○,132.2943007,34.27420265
通所リハビリテーション,安佐北区,3410221083,医療法人社団ライフアスリート,高陽整形外科クリニック,739-1733,広島市安佐北区口田南八丁目１４番１３号,082-841-0015,082-841-0016,現存,○,○,132.3016137,34.27541469
通所リハビリテーション,安佐北区,3450280148,医療法人社団あと会,介護老人保健施設ふかわ・くにくさ,739-1752,広島市安佐北区上深川町１８６番地１,082-840-1840,082-840-3666,現存,○,○,132.3309646,34.28239395
通所リハビリテーション,安佐北区,3450280106,社会福祉法人三篠会,介護老人保健施設白木ツジマチ,739-1412,広島市安佐北区白木町小越２１８番２,082-828-1305,082-828-3210,現存,○,○,132.4015695,34.32156158
通所リハビリテーション,安佐北区,3410214666,医療法人社団緑雨会,高陽第一診療所,739-1731,広島市安佐北区落合一丁目１４番９号,082-842-1177,082-842-1265,現存,○,○,132.3038419,34.28209179
通所リハビリテーション,安佐北区,3410213338,医療法人社団加藤会,高陽中央病院,739-1731,広島市安佐北区落合五丁目１番１０号,082-842-0002,,現存,○,○,132.3047652,34.28492236
通所リハビリテーション,安佐北区,3410214740,医療法人社団白百合会,新谷整形外科医院,739-1732,広島市安佐北区落合南七丁目４番２２号,082-843-2155,,現存,○,○,132.3113025,34.28341007
通所リハビリテーション,安芸区,3450180033,社会福祉法人あと会,老人保健施設りは・くにくさ,731-4231,広島市安芸区阿戸町４８５番地１,082-856-0600,082-856-0633,現存,○,○,132.3727222,34.22263677
通所リハビリテーション,安芸区,3450180173,医療法人松栄会,介護老人保健施設あき,739-0311,広島市安芸区瀬野四丁目１６４１番地１,082-894-3337,082-894-3338,現存,○,○,132.3611877,34.25297382
通所リハビリテーション,安芸区,3410124410,医療法人社団長寿会,あおぞら診療所,739-0321,広島市安芸区中野７丁目２２番１１号,082-880-0030,,現存,○,○,132.353388,34.25203946
通所リハビリテーション,安芸区,3410118230,医療法人社団長寿会,はたのリハビリ整形外科,739-0321,広島市安芸区中野五丁目１３番３０号,082-892-3116,082-893-3737,現存,○,○,132.3450918,34.24086197
通所リハビリテーション,安芸区,3450180041,医療法人社団長寿会,老人保健施設せのがわ,739-0321,広島市安芸区中野六丁目８番２号,082-820-2100,082-820-2101,現存,○,○,132.3459068,34.24423078
通所リハビリテーション,安芸区,3410123925,医療法人みかんの会,医療法人みかんの会平田整形外科リハビリクリニック,736-0085,広島市安芸区矢野西一丁目３１番８号,082-888-3131,082-888-5537,現存,○,○,132.3159731,34.21113704
通所リハビリテーション,安芸区,3410124287,医療法人福樹会,クリニック福本リハビリ整形外科,736-0083,広島市安芸区矢野東二丁目３１番１１号,082-888-1575,082-888-3857,現存,○,○,132.3208722,34.21198421
通所リハビリテーション,佐伯区,3410217883,福原　千史,福原リハビリテーション整形外科・内科医院,731-5135,広島市佐伯区海老園二丁目９－２２,082-925-0555,082-925-0556,休止,○,○,132.2145543,34.21515778
通所リハビリテーション,佐伯区,3410215192,医療法人社団一陽会,医療法人社団一陽会原田病院,731-5134,広島市佐伯区海老山町７番１０号,082-923-5161,,現存,○,○,132.2152222,34.21509452
通所リハビリテーション,佐伯区,3410225779,医療法人登静会,メディカルケアさつき診療所,731-5101,広島市佐伯区五月が丘二丁目７番２５号,082-941-1133,,現存,○,○,132.2402573,34.25150547
通所リハビリテーション,佐伯区,3410223196,医療法人昇,平尾クリニック,731-5125,広島市佐伯区五日市駅前一丁目１１番３９号,082-921-3161,082-921-6236,現存,○,○,132.2201297,34.22023152
通所リハビリテーション,佐伯区,3450280049,医療法人和同会,五日市幸楽苑,731-5152,広島市佐伯区五日市町下河内１８８番地６,082-927-2511,082-927-2225,現存,○,○,132.2112163,34.24277854
通所リハビリテーション,佐伯区,3410216117,医療法人社団朋和会,医療法人社団朋和会西広島リハビリテーション病院,731-5143,広島市佐伯区三宅六丁目２６５,082-921-3230,082-921-3237,現存,○,○,132.2022251,34.22417775
通所リハビリテーション,佐伯区,3450280023,医療法人社団朋和会,医療法人社団朋和会老人保健施設花の丘,731-5143,広島市佐伯区三宅六丁目２６５番地,082-924-1187,082-921-9111,現存,○,○,132.2022251,34.22417775
通所リハビリテーション,佐伯区,3451980068,医療法人松村循環器・外科医院,介護老人保健施設湯来まつむら,738-0512,広島市佐伯区湯来町白砂５９０番地,0829-40-5600,0829-40-5220,現存,○,○,132.1718044,34.25166663
通所リハビリテーション,佐伯区,3410218337,医療法人和光　和光整形外科クリニック,医療法人　和光　和光整形外科クリニック,731-5115,広島市佐伯区八幡東２丁目２８番８－７号,082-929-4600,082-929-1005,現存,○,○,132.2135426,34.23017532
通所リハビリテーション,佐伯区,3410221703,広島中央保健生活協同組合,生協さえき病院,731-5115,広島市佐伯区八幡東三丁目１１番２９号,082-926-4511,082-926-4522,現存,○,○,132.2154151,34.23159707
通所リハビリテーション,佐伯区,3410223030,医療法人社団伯瑛会,のぞみ整形外科ヒロシマ,731-5106,広島市佐伯区利松三丁目６番３０号,082-929-0077,082-927-1155,現存,○,○,132.2156897,34.24013288
短期入所生活介護,中区,3470205075,社会福祉法人清恵会,短期入所生活介護事業所おりーぶえん,730-0822,広島市中区吉島東二丁目１７番５号,082-245-8880,082-545-8830,現存,○,○,132.2658805,34.22111567
短期入所生活介護,中区,3470205083,社会福祉法人清恵会,特別養護老人ホームおりーぶえん,730-0822,広島市中区吉島東二丁目１７番５号,082-245-8880,082-545-8830,現存,○,○,132.2658805,34.22111567
短期入所生活介護,中区,3470210372,医療法人社団絆,ショートステイゆめの杜,730-0825,広島市中区光南２丁目１番４号,082-543-5120,082-543-5123,現存,○,○,132.2647407,34.22096135
短期入所生活介護,中区,3470201371,社会福祉法人福祉広医会,悠悠タウン江波ショートステイ事業,730-0831,広島市中区江波西二丁目１４番８号,082-296-4880,082-296-4818,現存,○,○,132.2544231,34.22049335
短期入所生活介護,中区,3470201389,社会福祉法人福祉広医会,特別養護老人ホーム悠悠タウン江波,730-0831,広島市中区江波西二丁目１４番８号,082-296-4880,082-296-4818,現存,○,○,132.2544231,34.22049335
短期入所生活介護,東区,3470101753,社会福祉法人藤田長生会,神田山長生園ショートステイ,732-0068,広島市東区牛田新町一丁目１８番１号,082-228-9231,082-228-9232,現存,○,○,132.2824472,34.2510645
短期入所生活介護,東区,3470101761,社会福祉法人藤田長生会,特別養護老人ホーム神田山長生園,732-0068,広島市東区牛田新町一丁目１８番１号,082-228-9231,082-228-9232,現存,○,○,132.2824472,34.2510645
短期入所生活介護,東区,3470109384,社会福祉法人うすい会広島光明学園,特別養護老人ホーム第二光明,732-0066,広島市東区牛田本町六丁目１番１号,082-207-4611,082-554-1761,現存,○,○,132.2805896,34.24513456
短期入所生活介護,東区,3470109392,社会福祉法人うすい会広島光明学園,ショートステイ第二光明,732-0066,広島市東区牛田本町六丁目１番１号,082-207-4611,082-554-1761,現存,○,,132.2805896,34.24513456
短期入所生活介護,東区,3470108741,医療法人社団輔仁会,ショートステイおおたがわ,732-0002,広島市東区戸坂山根一丁目２４番２０号,082-516-1660,082-516-1661,現存,○,○,132.2922008,34.2601251
短期入所生活介護,東区,3470105226,社会福祉法人かきつばた福祉会,特別養護老人ホームへさか福寿苑,732-0014,広島市東区戸坂大上一丁目５番１－８号,082-220-2110,082-220-2128,現存,○,○,132.2923161,34.25396671
短期入所生活介護,東区,3470105309,社会福祉法人かきつばた福祉会,短期入所生活介護へさか福寿苑,732-0014,広島市東区戸坂大上一丁目５番１－８号,082-220-2110,082-220-2128,現存,○,○,132.2923161,34.25396671
短期入所生活介護,東区,3470101399,社会福祉法人寿老園老人ホーム,寿老園短期入所生活介護事業所,732-0048,広島市東区山根町３８番２３号,082-263-3841,082-263-3849,現存,○,,132.2902749,34.24212442
短期入所生活介護,東区,3470101407,社会福祉法人寿老園老人ホーム,介護老人福祉施設寿老園,732-0048,広島市東区山根町３８番２３号,082-263-3841,082-263-3849,現存,○,,132.2902749,34.24212442
短期入所生活介護,東区,3470108451,社会福祉法人寿老園老人ホーム,あけぼの寿老園ショートステイ,732-0045,広島市東区曙一丁目１番２８号,082-568-6524,082-568-6544,現存,○,○,132.2917452,34.23473848
短期入所生活介護,東区,3470109152,社会福祉法人寿老園老人ホーム,特別養護老人ホームあけぼの寿老園,732-0045,広島市東区曙一丁目１番２８号,082-568-6541,082-568-6542,現存,○,○,132.2917452,34.23473848
短期入所生活介護,東区,3470109400,社会福祉法人寿老園老人ホーム,特別養護老人ホームあけぼの寿老園ショートステイ,732-0045,広島市東区曙一丁目１番２８号,082-568-6541,082-568-6542,現存,○,○,132.2917452,34.23473848
短期入所生活介護,東区,3470107081,社会福祉法人広島常光福祉会,介護老人福祉施設サンヒルズ広島,732-0027,広島市東区中山上１丁目２４番１号,082-289-8688,082-289-8815,現存,○,○,132.2941099,34.25023077
短期入所生活介護,東区,3470107073,社会福祉法人広島常光福祉会,サンヒルズ広島ショートステイ,732-0027,広島市東区中山上一丁目２４番１号,082-289-8688,082-289-8815,現存,○,○,132.2941099,34.25023077
短期入所生活介護,東区,3470110366,社会福祉法人藤田長生会,神田山長生園ことぶき苑,732-0023,広島市東区中山東一丁目５番３７-５号,082-508-6675,082-508-6676,現存,○,○,132.3000689,34.24380214
短期入所生活介護,東区,3470101795,社会福祉法人古家真会,蓬莱園短期入所生活介護事業所,732-0043,広島市東区東山町１番９号,082-264-0808,082-264-1670,現存,○,○,132.2929057,34.23548178
短期入所生活介護,東区,3470101811,社会福祉法人古家真会,特別養護老人ホーム蓬莱園,732-0043,広島市東区東山町１番９号,082-264-0808,082-264-1670,現存,○,,132.2929057,34.23548178
短期入所生活介護,東区,3470108030,社会福祉法人広島東福祉会,虹の里第２短期入所生活介護事業所,732-0031,広島市東区馬木三丁目２６番２－４号,082-516-5225,082-899-8008,現存,○,○,132.3150977,34.26077724
短期入所生活介護,東区,3470108048,社会福祉法人広島東福祉会,虹の里第２特別養護老人ホーム,732-0031,広島市東区馬木三丁目２６番２－４号,082-516-5225,082-899-8008,現存,○,○,132.3150977,34.26077724
短期入所生活介護,東区,3470101639,社会福祉法人広島東福祉会,虹の里短期入所生活介護事業所,732-0031,広島市東区馬木二丁目１３９８番地の１,082-508-5551,082-508-5550,現存,○,○,132.314154,34.26169549
短期入所生活介護,東区,3470101845,社会福祉法人広島東福祉会,特別養護老人ホーム虹の里,732-0031,広島市東区馬木二丁目１３９８番地の１,082-508-5551,082-508-5550,現存,○,○,132.314154,34.26169549
短期入所生活介護,東区,3470108055,医療法人社団ひろまさ会,ショートステイミルキーケア,732-0046,広島市東区尾長東二丁目８番２１号,082-258-1565,082-236-6601,現存,○,○,132.2919139,34.23528608
短期入所生活介護,東区,3470100938,社会福祉法人広島常光福祉会,ふくだの里ショートステイ,732-0029,広島市東区福田五丁目１１６５番地の３,082-899-5088,082-899-5285,現存,○,○,132.3232765,34.27138331
短期入所生活介護,東区,3470100946,社会福祉法人広島常光福祉会,特別養護老人ホームふくだの里,732-0029,広島市東区福田五丁目１１６５番地の３,082-899-5088,082-899-5285,現存,○,○,132.3232765,34.27138331
短期入所生活介護,南区,3470101027,社会福祉法人広島和光園,広島和光園短期入所生活介護事業所,734-0003,広島市南区宇品東三丁目６番２６号,082-252-8070,082-252-8071,現存,○,○,132.2822554,34.21513612
短期入所生活介護,南区,3470101035,社会福祉法人広島和光園,特別養護老人ホーム広島和光園,734-0003,広島市南区宇品東三丁目６番２６号,082-252-8070,082-252-8071,現存,○,○,132.2822554,34.21513612
短期入所生活介護,南区,3470105085,医療法人和同会,ショートステイ元宇品,734-0012,広島市南区元宇品町２６番２０号,082-255-1221,082-255-6826,現存,○,○,132.2732707,34.20548621
短期入所生活介護,南区,3470101605,社会福祉法人広島平和養老館,広島平和養老館短期入所生活介護事業所,734-0017,広島市南区似島町字東大谷３０７３番地の５,082-259-2709,082-259-2286,現存,○,,132.2635908,34.18276793
短期入所生活介護,南区,3470101464,社会福祉法人光清学園,短期入所生活介護事業所光清苑,734-0001,広島市南区出汐二丁目３番４６号,082-505-0250,082-505-0251,現存,○,○,132.2832939,34.22320366
短期入所生活介護,南区,3470101472,社会福祉法人光清学園,特別養護老人ホーム光清苑,734-0001,広島市南区出汐二丁目３番４６号,082-505-0250,082-505-0251,現存,○,○,132.2832939,34.22320366
短期入所生活介護,南区,3470107099,社会福祉法人あと会,特別養護老人ホームでじま・くにくさ,734-0013,広島市南区出島一丁目１８番１７号,082-256-9293,082-251-8787,現存,○,○,132.271741,34.21399813
短期入所生活介護,南区,3470107107,社会福祉法人あと会,でじま・くにくさ短期入所生活介護事業所,734-0013,広島市南区出島一丁目１８番１７号,082-256-9293,082-251-8787,現存,○,○,132.271741,34.21399813
短期入所生活介護,南区,3470106885,社会福祉法人広島厚生会,短期入所生活介護広島八景園,734-0026,広島市南区仁保一丁目１番２０号,082-581-8882,082-581-8883,現存,○,○,132.2939855,34.22250232
短期入所生活介護,南区,3470109863,株式会社ゆたか,ショートステイララポート,734-0026,広島市南区仁保三丁目４２番６号,082-546-9266,082-546-9267,現存,○,○,132.2934856,34.22096656
短期入所生活介護,南区,3470104344,社会福祉法人サンシャイン,ショートステイサンシャイン南蟹屋,732-0803,広島市南区南蟹屋一丁目８番１２号,082-508-1321,082-508-1325,現存,○,○,132.2901142,34.23226683
短期入所生活介護,南区,3470101589,社会福祉法人三篠会,短期入所生活介護事業所ひうな荘,734-0031,広島市南区日宇那町３０番１号,082-256-1001,082-256-1008,現存,○,○,132.2934162,34.21568194
短期入所生活介護,南区,3470101852,社会福祉法人三篠会,特別養護老人ホームひうな荘,734-0031,広島市南区日宇那町３０番１号,082-256-1001,082-256-1008,現存,○,○,132.2934162,34.21568194
短期入所生活介護,南区,3470101050,社会福祉法人輝き奉仕会,ショートステイ輝き,734-0042,広島市南区北大河町３９番１号,082-285-6005,082-288-9181,現存,○,○,132.2856137,34.22172968
短期入所生活介護,南区,3470101860,社会福祉法人輝き奉仕会,特別養護老人ホーム輝き,734-0042,広島市南区北大河町３９番１号,082-285-6005,082-288-9181,現存,○,,132.2856137,34.22172968
短期入所生活介護,南区,3470110275,社会福祉法人ＩＧＬ学園福祉会,ＩＧＬナーシングホーム信愛の郷,734-0047,広島市南区本浦町８番３９号,082-510-3365,082-510-3373,現存,○,○,132.2915361,34.22278273
短期入所生活介護,南区,3470110283,社会福祉法人ＩＧＬ学園福祉会,ＩＧＬショートステイ信愛の郷,734-0047,広島市南区本浦町８番３９号,082-510-3365,082-510-3373,現存,○,○,132.2915361,34.22278273
短期入所生活介護,西区,3470201652,社会福祉法人はばたきの里,第二いこいの園短期入所生活介護事業所,733-0815,広島市西区己斐上五丁目８４７番地１,082-271-6060,082-271-7511,現存,○,○,132.2531312,34.25282856
短期入所生活介護,西区,3470201660,社会福祉法人はばたきの里,特別養護老人ホーム第二いこいの園,733-0815,広島市西区己斐上五丁目８４７番地１,082-271-6060,082-271-7511,現存,○,○,132.2531312,34.25282856
短期入所生活介護,西区,3470214390,シューペルブリアン株式会社,ショートステイ輝きこいの家藤,733-0815,広島市西区己斐上二丁目４番１２号,082-507-2778,082-507-2779,現存,○,○,132.2515444,34.23587672
短期入所生活介護,西区,3470214374,シューペルブリアン株式会社,ショートステイ輝きこいの家楓,733-0815,広島市西区己斐上二丁目４番５-１号,082-507-2777,082-507-2555,現存,○,○,132.2516588,34.23597944
短期入所生活介護,西区,3470214382,シューペルブリアン株式会社,ショートステイ輝きこいの家椿,733-0815,広島市西区己斐上二丁目４番５－３号,082-507-2888,082-507-2555,現存,○,○,132.2516588,34.23597944
短期入所生活介護,西区,3470202445,社会福祉法人はばたきの里,特別養護老人ホーム第三いこいの園,733-0815,広島市西区己斐上六丁目９３９番地１,082-275-0066,082-275-0093,現存,○,○,132.252525,34.25174194
短期入所生活介護,西区,3470201199,社会福祉法人燈心会,ショートステイ三滝苑,733-0802,広島市西区三滝本町二丁目１番１－２７号,082-237-8811,082-237-8813,現存,○,○,132.2658506,34.2510163
短期入所生活介護,西区,3470201207,社会福祉法人燈心会,特別養護老人ホーム三滝苑,733-0802,広島市西区三滝本町二丁目１番１－２７号,082-237-8811,082-237-8813,現存,○,○,132.2658506,34.2510163
短期入所生活介護,西区,3470201751,社会福祉法人広島県同胞援護財団,ショートステイちとせ,733-0853,広島市西区山田新町二丁目７番２号,082-272-5181,082-273-8795,現存,○,○,132.2312985,34.23574873
短期入所生活介護,西区,3470201769,社会福祉法人広島県同胞援護財団,特別養護老人ホーム千歳園,733-0853,広島市西区山田新町二丁目７番２号,082-272-5181,082-273-8795,現存,○,○,132.2312985,34.23574873
短期入所生活介護,西区,3470202148,社会福祉法人藤愛会,特別養護老人ホームリバーサイド中広,733-0012,広島市西区中広町二丁目１５番１５号,082-235-0788,082-235-2341,現存,○,,132.2621245,34.24133005
短期入所生活介護,西区,3470202262,社会福祉法人藤愛会,短期入所施設リバーサイド中広,733-0012,広島市西区中広町二丁目１５番１５号,082-235-0788,082-235-2341,現存,○,○,132.2621245,34.24133005
短期入所生活介護,西区,3470211032,社会福祉法人藤愛会,地域密着型特別養護老人ホームリバーサイド中広,733-0012,広島市西区中広町二丁目１５番１５号,082-235-0788,082-235-2341,現存,○,,132.2621245,34.24133005
短期入所生活介護,西区,3470214663,社会福祉法人ひろしま四季の会,特別養護老人ホームこころ楠木,733-0002,広島市西区楠木町四丁目16番6号,082-237-1055,082-237-1066,現存,○,,132.2729204,34.24538485
短期入所生活介護,西区,3470201108,社会福祉法人くすの木の会,くすの木苑短期入所生活介護事業所,733-0024,広島市西区福島町二丁目３３番３０号,082-291-2734,082-291-2798,現存,○,○,132.2549173,34.23305203
短期入所生活介護,西区,3470201116,社会福祉法人くすの木の会,特別養護老人ホームくすの木苑,733-0024,広島市西区福島町二丁目３３番３０号,082-291-2734,082-291-2798,現存,○,○,132.2549173,34.23305203
短期入所生活介護,西区,3470211651,社会福祉法人ともえ福祉会,ショートステイともの家,733-0852,広島市西区鈴が峰町４１番１８号,082-270-0145,082-270-0146,現存,○,○,132.2334804,34.22482807
短期入所生活介護,安佐南区,3470201041,社会福祉法人慈光会,慈光園短期入所生活介護事業所,731-0144,広島市安佐南区高取北一丁目１７番４１号,082-878-8005,082-878-8037,現存,○,○,132.2628638,34.2838481
短期入所生活介護,安佐南区,3470201561,社会福祉法人慈光会,特別養護老人ホーム慈光園,731-0144,広島市安佐南区高取北一丁目１７番４１号,082-878-8005,082-878-8037,現存,○,○,132.2628638,34.2838481
短期入所生活介護,安佐南区,3470210000,社会福祉法人慈光会,特別養護老人ホーム高取慈光園,731-0144,広島市安佐南区高取北一丁目１７番４１号,082-878-8005,082-878-8037,現存,○,○,132.2628638,34.2838481
短期入所生活介護,安佐南区,3470213145,社会福祉法人メインストリーム,ショートステイセンター和,731-0139,広島市安佐南区山本新町四丁目３番１１号,082-850-1008,082-850-1009,現存,○,○,132.2612244,34.26513164
短期入所生活介護,安佐南区,3470213152,社会福祉法人メインストリーム,特別養護老人ホーム和,731-0139,広島市安佐南区山本新町四丁目３番１１号,082-850-1008,082-850-1009,現存,○,○,132.2612244,34.26513164
短期入所生活介護,安佐南区,3470207907,社会福祉法人信々会,特別養護老人ホーム春日野園,731-0139,広島市安佐南区山本新町二丁目１８番９－１４号,082-832-4165,082-871-4166,現存,○,○,132.2604277,34.26260459
短期入所生活介護,安佐南区,3470208038,社会福祉法人信々会,短期入所生活介護事業所春日野園,731-0139,広島市安佐南区山本新町二丁目１８番９－１４号,082-832-4165,082-871-4166,現存,○,○,132.2604277,34.26260459
短期入所生活介護,安佐南区,3470211065,医療法人社団聖愛会,医療法人社団聖愛会短期入所生活介護施設ショートステイとやま,731-3272,広島市安佐南区沼田町吉山字風呂ノ元９８０番１,082-839-3939,082-839-3940,現存,○,○,132.2031497,34.27564458
短期入所生活介護,安佐南区,3470207121,社会福祉法人ＩＧＬ学園福祉会,ショートステイアルペンローゼ,731-0154,広島市安佐南区上安六丁目２７番１２－１２号,082-830-3422,082-830-3318,現存,○,○,132.264114,34.28535812
短期入所生活介護,安佐南区,3470212170,社会福祉法人ＩＧＬ学園福祉会,IGLナーシングホームシャレー,731-0154,広島市安佐南区上安六丁目３１番２号,082-830-3321,082-830-3327,現存,○,○,132.2641112,34.28595493
短期入所生活介護,安佐南区,3470212188,社会福祉法人ＩＧＬ学園福祉会,IGLショートステイシャレー,731-0154,広島市安佐南区上安六丁目３１番２号,082-830-3321,082-830-3327,現存,○,○,132.2641112,34.28595493
短期入所生活介護,安佐南区,3470201488,社会福祉法人成城会,菜の華短期入所生活介護事業所,731-0113,広島市安佐南区西原一丁目１８番５号,082-850-0023,082-850-0112,現存,○,○,132.2752257,34.2606077
短期入所生活介護,安佐南区,3470201496,社会福祉法人成城会,特別養護老人ホーム菜の華,731-0113,広島市安佐南区西原一丁目１８番５号,082-850-0023,082-850-0112,現存,○,○,132.2752257,34.2606077
短期入所生活介護,安佐南区,3470209200,株式会社Ｍ＆Ｏ,レスパイトケアカルム川内,731-0102,広島市安佐南区川内２丁目２３番２８号,082-962-5461,082-962-1805,現存,○,○,132.2856998,34.27463452
短期入所生活介護,安佐南区,3470203500,社会福祉法人楽友会,短期入所生活介護川内の里,731-0102,広島市安佐南区川内一丁目２１番２９号,082-831-1124,082-876-1094,現存,○,○,132.2906025,34.27233284
短期入所生活介護,安佐南区,3470203575,社会福祉法人楽友会,特別養護老人ホーム川内の里,731-0102,広島市安佐南区川内一丁目２１番２９号,082-831-1124,082-876-1094,現存,○,○,132.2906025,34.27233284
短期入所生活介護,安佐南区,3470209218,株式会社不二ビルサービス,ショートステイふじ安佐南,731-0102,広島市安佐南区川内一丁目５番２４号,082-870-3168,082-870-3169,現存,○,○,132.2905142,34.27340265
短期入所生活介護,安佐南区,3470208913,社会福祉法人平和会,特別養護老人ホームやすらぎの里広域公園,731-3167,広島市安佐南区大塚西四丁目２番２０号,082-848-3600,082-848-2105,現存,○,,132.2354971,34.26093809
短期入所生活介護,安佐南区,3470209846,社会福祉法人松風会,特別養護老人ホーム新都西風苑,731-3166,広島市安佐南区大塚東三丁目３番９号,082-811-8185,082-811-8186,現存,○,○,132.2448936,34.26063827
短期入所生活介護,安佐南区,3470210174,社会福祉法人松風会,ショートステイ新都西風苑,731-3166,広島市安佐南区大塚東三丁目３番９号,082-811-8185,082-811-8186,現存,○,○,132.2448936,34.26063827
短期入所生活介護,安佐南区,3470210224,株式会社ＳＯＹＯＫＡＺＥ,広島中筋ケアセンターそよ風,731-0122,広島市安佐南区中筋一丁目１５番１０号,082-831-6671,082-831-6672,現存,○,○,132.2826131,34.26543308
短期入所生活介護,安佐南区,3470211321,医療法人あすか,ショートステイあすか大町,731-0121,広島市安佐南区中須一丁目２６番１２号,082-879-1172,082-879-1174,現存,○,○,132.2818028,34.27407473
短期入所生活介護,安佐南区,3470203476,広島医療生活協同組合,協同短期入所生活介護事業所,731-0121,広島市安佐南区中須二丁目１９番６号,082-225-7188,082-225-7189,現存,○,○,132.2831195,34.27403648
短期入所生活介護,安佐南区,3470201462,社会福祉法人和楽会,和楽荘短期入所生活介護事業部,731-3169,広島市安佐南区伴西五丁目１４３２番地１,082-848-5000,082-848-4579,現存,○,○,132.2233007,34.27343606
短期入所生活介護,安佐南区,3470201470,社会福祉法人和楽会,特別養護老人ホーム和楽荘,731-3169,広島市安佐南区伴西五丁目１４３２番地１,082-848-5000,082-848-4579,現存,○,○,132.2233007,34.27343606
短期入所生活介護,安佐南区,3470202080,社会福祉法人広島良城会,特別養護老人ホーム友愛園,731-3164,広島市安佐南区伴東二丁目３０番１１号,082-848-2626,082-848-7333,現存,○,○,132.2455878,34.28299559
短期入所生活介護,安佐南区,3470202098,社会福祉法人広島良城会,友愛園短期入所生活介護事業所,731-3164,広島市安佐南区伴東二丁目３０番１１号,082-848-2626,082-848-7333,現存,○,○,132.2455878,34.28299559
短期入所生活介護,安佐南区,3470215033,シューペルブリアン株式会社,ショートステイそわか若葉台,731-3163,広島市安佐南区伴北七丁目３２番３５号,082-836-5301,082-848-8577,現存,○,○,132.2410248,34.29072477
短期入所生活介護,安佐南区,3470207683,医療法人あすか,ショートステイいわや,731-0103,広島市安佐南区緑井三丁目４０番３０号,082-831-0108,082-831-0139,現存,○,○,132.2809828,34.28373696
短期入所生活介護,安佐南区,3470202486,医療法人あすか,ショートステイみどりい,731-0103,広島市安佐南区緑井二丁目１２番２５号,082-870-6700,082-879-3190,現存,○,○,132.2813087,34.28035297
短期入所生活介護,安佐南区,3470214754,シューペルブリアン株式会社,ショートステイ輝きみどりいの家,731-0103,広島市安佐南区緑井六丁目５番１６号,082-831-3800,082-831-3803,現存,○,○,132.2910609,34.28280363
短期入所生活介護,安佐北区,3470101100,社会福祉法人あさ,みくに短期入所生活介護事業所,731-3362,広島市安佐北区安佐町久地字日ノ浦３２４０番地６５,082-837-0767,082-837-0771,現存,○,○,132.2423424,34.31207462
短期入所生活介護,安佐北区,3470101118,社会福祉法人あさ,特別養護老人ホームみくに,731-3362,広島市安佐北区安佐町久地字日ノ浦３２４０番地６５,082-837-0767,082-837-0771,現存,○,,132.2423424,34.31207462
短期入所生活介護,安佐北区,3470101001,社会福祉法人ＩＧＬ学園福祉会,第二ゆうゆうショートステイ事業所,731-3352,広島市安佐北区安佐町後山１２４１５番地１,082-838-3334,082-838-3678,現存,○,○,132.2649438,34.30321792
短期入所生活介護,安佐北区,3470101456,社会福祉法人ＩＧＬ学園福祉会,特別養護老人ホーム第二ナーシングホームゆうゆう,731-3352,広島市安佐北区安佐町後山１２４１５番地１,082-838-3334,082-838-3678,現存,○,○,132.2649438,34.30321792
短期入所生活介護,安佐北区,3470100995,社会福祉法人ＩＧＬ学園福祉会,ゆうゆうショートステイ事業所,731-3352,広島市安佐北区安佐町後山１２４１５番地５,082-838-3333,082-838-3444,現存,○,○,132.2649438,34.30321792
短期入所生活介護,安佐北区,3470101449,社会福祉法人ＩＧＬ学園福祉会,特別養護老人ホームナーシングホームゆうゆう,731-3352,広島市安佐北区安佐町後山１２４１５番地５,082-838-3333,082-838-3444,現存,○,○,132.2649438,34.30321792
短期入所生活介護,安佐北区,3470109319,社会福祉法人ひろしま四季の会,特別養護老人ホームこころ,731-1141,広島市安佐北区安佐町鈴張２６８８番地,082-554-8600,082-554-8601,現存,○,○,132.2716989,34.34456361
短期入所生活介護,安佐北区,3470109327,社会福祉法人ひろしま四季の会,ショートステイサービスこころ,731-1141,広島市安佐北区安佐町鈴張２６８８番地,082-554-8600,082-554-8601,現存,○,○,132.2716989,34.34456361
短期入所生活介護,安佐北区,3470101902,社会福祉法人かつぎ会,特別養護老人ホーム谷和の里,731-0236,広島市安佐北区可部町綾ケ谷字谷和２１７５,082-812-2111,082-812-2112,現存,○,,132.3033198,34.32387045
短期入所生活介護,安佐北区,3470101381,社会福祉法人かつぎ会,谷和の里短期入所生活介護事業所,731-0236,広島市安佐北区可部町綾ケ谷字谷和２１７５番地,082-812-2111,082-812-2112,現存,○,○,132.3033198,34.32387045
短期入所生活介護,安佐北区,3470109897,社会福祉法人ぐくる,ショートステイわかば,731-0214,広島市安佐北区可部町桐原８２３番地,082-818-8882,082-818-8883,現存,○,○,132.3226432,34.31484229
短期入所生活介護,安佐北区,3470110358,シューペルブリアン株式会社,ショートステイそわか可部東,731-0222,広島市安佐北区可部東五丁目９番１５号,082-562-2233,082-562-2234,現存,○,○,132.3057193,34.31188862
短期入所生活介護,安佐北区,3470100961,社会福祉法人広島県同胞援護財団,ショートステイ可部南静養園アシステ,731-0223,広島市安佐北区可部南二丁目１９番３３号,082-812-2411,082-812-3637,現存,○,○,132.3108831,34.30036024
短期入所生活介護,安佐北区,3470101779,社会福祉法人広島県同胞援護財団,特別養護老人ホーム可部南静養園アシステ,731-0223,広島市安佐北区可部南二丁目１９番３３号,082-812-2411,082-812-3637,現存,○,○,132.3108831,34.30036024
短期入所生活介護,安佐北区,3470107990,社会福祉法人広島県同胞援護財団,特別養護老人ホーム可部南静養園カルム,731-0223,広島市安佐北区可部南二丁目１９番３３号,082-562-2503,082-819-2155,現存,○,○,132.3108831,34.30036024
短期入所生活介護,安佐北区,3470108006,社会福祉法人広島県同胞援護財団,ショートステイ可部南静養園カルム,731-0223,広島市安佐北区可部南二丁目１９番３３号,082-562-2503,082-819-2155,現存,○,○,132.3108831,34.30036024
短期入所生活介護,安佐北区,3470108659,医療法人秀仁会,ショートステイ菜の花畑,731-0221,広島市安佐北区可部六丁目１４番８号,082-516-7727,082-516-7726,現存,○,○,132.3022278,34.31313995
短期入所生活介護,安佐北区,3470110291,シューペルブリアン株式会社,ショートステイそわか可部,731-0231,広島市安佐北区亀山一丁目６番７号,082-544-8350,082-544-8351,現存,○,○,132.3008741,34.3059653
短期入所生活介護,安佐北区,3470109277,社会福祉法人かつぎ会,特別養護老人ホーム亀山の里,731-0231,広島市安佐北区亀山九丁目１０番２５号,082-819-3355,082-819-3356,現存,○,○,132.2849884,34.3206104
短期入所生活介護,安佐北区,3470109285,社会福祉法人かつぎ会,ショートステイ亀山の里,731-0231,広島市安佐北区亀山九丁目１０番２５号,082-819-3355,082-819-3356,現存,○,○,132.2849884,34.3206104
短期入所生活介護,安佐北区,3470109715,株式会社エデン,ショートステイEDEN亀山,731-0231,広島市安佐北区亀山六丁目３８番２号,082-815-0230,082-815-0255,現存,○,○,132.2932184,34.32015819
短期入所生活介護,安佐北区,3470108345,社会福祉法人信々会,特別養護老人ホームくちた園,739-1733,広島市安佐北区口田南一丁目９番８号,082-516-4165,082-516-6541,現存,○,○,132.2930301,34.27163101
短期入所生活介護,安佐北区,3470108386,社会福祉法人信々会,短期入所生活介護事業所くちた園,739-1733,広島市安佐北区口田南一丁目９番８号,082-516-4165,082-516-6541,現存,○,○,132.2930301,34.27163101
短期入所生活介護,安佐北区,3470105358,有限会社ソフィア,ソフィア短期入所生活介護,731-0211,広島市安佐北区三入六丁目１番２号,082-810-5208,082-810-5218,現存,○,○,132.3207452,34.32501743
短期入所生活介護,安佐北区,3470109657,社会福祉法人三篠会,特別養護老人ホーム高陽荘,739-1751,広島市安佐北区深川八丁目３６番７号,082-842-2266,082-845-5090,現存,○,○,132.3224002,34.28096511
短期入所生活介護,安佐北区,3470109665,社会福祉法人三篠会,ショートケア高陽荘,739-1751,広島市安佐北区深川八丁目３６番７号,082-842-2266,082-845-5090,現存,○,○,132.3224002,34.28096511
短期入所生活介護,安佐北区,3470110093,社会福祉法人うすい会広島光明学園,特別養護老人ホーム第二高陽荘,739-1751,広島市安佐北区深川八丁目３６番７号,082-841-0311,082-841-0312,現存,○,,132.3224002,34.28096511
短期入所生活介護,安佐北区,3470101191,社会福祉法人三篠会,ショートステイリアライヴ高陽,739-1741,広島市安佐北区真亀一丁目１番８号,082-843-3223,082-516-7600,現存,○,○,132.3112283,34.28537353
短期入所生活介護,安佐北区,3470101894,社会福祉法人三篠会,従来型特別養護老人ホームリアライヴ高陽,739-1741,広島市安佐北区真亀一丁目１番８号,082-843-3223,082-516-7600,現存,○,○,132.3112283,34.28537353
短期入所生活介護,安佐北区,3470109368,社会福祉法人三篠会,特別養護老人ホームリアライヴ高陽,739-1741,広島市安佐北区真亀一丁目１番８号,082-843-3223,082-516-7600,現存,○,○,132.3112283,34.28537353
短期入所生活介護,安佐北区,3470102900,社会福祉法人可部大文字会,短期入所事業所山まゆ,731-0202,広島市安佐北区大林町字根谷１６２番地の２,082-818-6011,082-818-6066,現存,○,,132.3345057,34.3416313
短期入所生活介護,安佐北区,3470102918,社会福祉法人可部大文字会,特別養護老人ホーム山まゆ,731-0202,広島市安佐北区大林町字根谷１６２番地の２,082-818-6011,082-818-6066,現存,○,,132.3345057,34.3416313
短期入所生活介護,安佐北区,3470109020,社会福祉法人三篠会,ユニット型特別養護老人ホーム三篠園,739-1301,広島市安佐北区白木町井原１２４４番地,082-828-3330,082-828-1403,現存,○,○,132.4049523,34.35406205
短期入所生活介護,安佐北区,3470109038,社会福祉法人三篠会,ユニット型（介護予防）短期入所生活介護三篠園,739-1301,広島市安佐北区白木町井原１２４４番地,082-828-3330,082-828-1403,現存,○,○,132.4049523,34.35406205
短期入所生活介護,安佐北区,3470101886,社会福祉法人三篠会,特別養護老人ホーム白木の郷,739-1412,広島市安佐北区白木町小越１０２３０,082-828-0123,082-828-3456,現存,○,○,132.3958528,34.33197527
短期入所生活介護,安佐北区,3470110184,社会福祉法人三篠会,特別養護老人ホーム白木ツジマチ,739-1412,広島市安佐北区白木町小越218番2,082-828-1305,082-828-3210,現存,○,○,132.4015695,34.32156158
短期入所生活介護,安佐北区,3470110192,社会福祉法人三篠会,短期入所生活介護白木ツジマチ,739-1412,広島市安佐北区白木町小越２１８番２,082-828-1305,082-828-3210,現存,○,○,132.4015695,34.32156158
短期入所生活介護,安佐北区,3470108675,医療法人社団緑雨会,医療法人社団緑雨会ショートステイゆず,739-1731,広島市安佐北区落合一丁目１７番１２号,082-847-6076,082-847-5082,現存,○,○,132.3039075,34.28257221
短期入所生活介護,安佐北区,3470102538,社会福祉法人正仁会,特別養護老人ホームなごみの郷,739-1732,広島市安佐北区落合南町１９６番１,082-841-1331,082-841-1336,現存,○,○,132.3050388,34.27419963
短期入所生活介護,安佐北区,3470102546,社会福祉法人正仁会,短期入所生活介護事業所なごみの郷,739-1732,広島市安佐北区落合南町１９６番１,082-841-1331,082-841-1336,現存,○,○,132.3050388,34.27419963
短期入所生活介護,安芸区,3470100888,社会福祉法人あと会,くにくさ短期入所生活介護事業所,731-4231,広島市安芸区阿戸町４１８番地の１,082-856-0222,082-856-0115,現存,○,○,132.3726793,34.22249147
短期入所生活介護,安芸区,3470101910,社会福祉法人あと会,特別養護老人ホームくにくさ苑,731-4231,広島市安芸区阿戸町４１８番地の１,082-856-0222,082-856-0115,現存,○,○,132.3726793,34.22249147
短期入所生活介護,安芸区,3470109012,株式会社ニックス,レスパイトケア住マイル安芸,736-0082,広島市安芸区船越南三丁目１番３０号海田シティホテル内２F,082-824-0294,082-824-0298,現存,○,○,132.3140914,34.22196541
短期入所生活介護,安芸区,3470107172,社会福祉法人慈楽福祉会,特別養護老人ホームあきなかの,739-0321,広島市安芸区中野三丁目９番５号,082-893-3360,082-893-6608,現存,○,○,132.3352401,34.23342849
短期入所生活介護,安芸区,3470101670,社会福祉法人慈楽福祉会,特別養護老人ホーム瀬野川ホーム,739-0323,広島市安芸区中野東二丁目３４番１号,082-893-1888,082-893-1887,現存,○,○,132.3414844,34.23159085
短期入所生活介護,安芸区,3470103577,医療法人社団長寿会,ショートステイはたのリハビリ,739-0321,広島市安芸区中野六丁目１４番２号,082-820-2113,082-820-2114,現存,○,○,132.3457904,34.24402728
短期入所生活介護,安芸区,3470109376,社会福祉法人香南会,短期入所生活介護事業所矢野,736-0085,広島市安芸区矢野西三丁目１番１１号,082-554-8950,082-554-8951,現存,○,○,132.3130028,34.20547429
短期入所生活介護,佐伯区,3470210992,有限会社すみれ,ショートステイすみれ,731-5135,広島市佐伯区海老園二丁目１０番２号,082-943-3930,082-943-3920,現存,○,○,132.2144254,34.21509724
短期入所生活介護,佐伯区,3470214457,社会福祉法人三篠会,ユニット型特別養護老人ホーム楽々園kisui,731-5136,広島市佐伯区楽々園五丁目１５番２２号,082-922-2555,082-922-2565,現存,○,○,132.2106502,34.21337664
短期入所生活介護,佐伯区,3470214465,社会福祉法人三篠会,従来型特別養護老人ホーム楽々園kisui,731-5136,広島市佐伯区楽々園五丁目１５番２２号,082-922-2555,082-922-2565,現存,○,○,132.2106502,34.21337664
短期入所生活介護,佐伯区,3470214499,社会福祉法人三篠会,短期入所生活介護楽々園kisui,731-5136,広島市佐伯区楽々園五丁目１５番２２号,082-922-2555,082-922-2565,現存,○,○,132.2106502,34.21337664
短期入所生活介護,佐伯区,3470201587,社会福祉法人平和会,特別養護老人ホームやすらぎの里,731-5101,広島市佐伯区五月が丘四丁目１５番６号,082-941-2900,082-941-2906,現存,○,,132.2412923,34.25525941
短期入所生活介護,佐伯区,3470203864,社会福祉法人広島博愛会,特別養護老人ホーム五日市あかり園,731-5152,広島市佐伯区五日市町下河内５９１番地の１,082-926-1101,082-927-6000,現存,○,,132.2109238,34.24303866
短期入所生活介護,佐伯区,3470209978,社会福祉法人広島博愛会,特別養護老人ホーム五日市あかり園　（ユニット型）,731-5152,広島市佐伯区五日市町下河内５９１番地の１,082-926-1101,082-927-6000,現存,○,,132.2109238,34.24303866
短期入所生活介護,佐伯区,3470202742,社会福祉法人三篠会,特別養護老人ホーム鈴が峰,731-5122,広島市佐伯区五日市町皆賀１０４番地２７,082-943-8888,082-943-7788,現存,○,○,132.2220531,34.22524974
短期入所生活介護,佐伯区,3470202783,社会福祉法人三篠会,短期入所生活介護事業所鈴が峰,731-5122,広島市佐伯区五日市町皆賀１０４番地２７,082-943-8888,082-943-7788,現存,○,○,132.2220531,34.22524974
短期入所生活介護,佐伯区,3470201306,社会福祉法人慈光会,石内慈光園短期入所生活介護事業所,731-5102,広島市佐伯区五日市町石内６４０５番地の１,082-926-0066,082-929-0200,現存,○,○,132.2204865,34.24138589
短期入所生活介護,佐伯区,3470201579,社会福祉法人慈光会,特別養護老人ホーム石内慈光園,731-5102,広島市佐伯区五日市町石内６４０５番地の１,082-926-0066,082-929-0200,現存,○,○,132.2204865,34.24138589
短期入所生活介護,佐伯区,3470210604,株式会社ニックス,レスパイトケア住マイル五日市,731-5144,広島市佐伯区三筋一丁目１０番２７号,082-942-3338,082-943-5070,現存,○,○,132.2051227,34.21553693
短期入所生活介護,佐伯区,3470201256,社会福祉法人双樹会,陽光の家短期入所生活介護事業所,731-5143,広島市佐伯区三宅六丁目１０５番地,082-921-8211,082-921-6651,現存,○,○,132.2009902,34.2248128
短期入所生活介護,佐伯区,3470201264,社会福祉法人双樹会,特別養護老人ホーム陽光の家,731-5143,広島市佐伯区三宅六丁目１０５番地,082-921-8211,082-921-6651,現存,○,○,132.2009902,34.2248128
短期入所生活介護,佐伯区,3470210976,社会福祉法人経山会,特別養護老人ホームこころ三清荘,731-5109,広島市佐伯区石内北一丁目１番１１号,082-962-9880,082-962-9883,現存,○,○,132.2232286,34.26426833
短期入所生活介護,佐伯区,3470210984,社会福祉法人経山会,こころ三清荘ショートステイ,731-5109,広島市佐伯区石内北一丁目１番１１号,082-962-9880,082-962-9883,現存,○,○,132.2232286,34.26426833
短期入所生活介護,佐伯区,3470208681,有限会社ピースフル,はなみずき,731-5141,広島市佐伯区千同三丁目３１３番地２,082-922-0122,082-942-0162,現存,○,○,132.2042256,34.22507455
短期入所生活介護,佐伯区,3470211180,有限会社ピースフル,はなみずき壱番館,731-5141,広島市佐伯区千同三丁目３１３番地２,082-922-0122,082-922-0162,現存,○,○,132.2042256,34.22507455
短期入所生活介護,佐伯区,3470213483,社会福祉法人かきつばた福祉会,短期入所生活介護いつかいち福寿苑,731-5142,広島市佐伯区坪井一丁目３１番７号,082-943-2110,082-943-2115,現存,○,○,132.2103679,34.22303148
短期入所生活介護,佐伯区,3473300428,社会福祉法人芸南福祉会,湯来保養園短期入所生活介護事業所,738-0512,広島市佐伯区湯来町白砂８２番地の４,0829-86-2714,0829-86-2716,現存,○,○,132.170121,34.24513723
短期入所生活介護,佐伯区,3473300436,社会福祉法人芸南福祉会,特別養護老人ホーム湯来保養園,738-0512,広島市佐伯区湯来町白砂８２番地の４,0829-86-2714,0829-86-2716,現存,○,○,132.170121,34.24513723
短期入所生活介護,佐伯区,3470212907,株式会社ウェブ・エージェンシー,ショートステイi・ケアゆき,738-0513,広島市佐伯区湯来町伏谷乙１３６１番地,0829-40-5137,0829-86-1582,現存,○,○,132.1717969,34.27007911
短期入所生活介護,佐伯区,3470207485,社会福祉法人平和会,短期入所生活介護事業所ふじの木,731-5103,広島市佐伯区藤の木１５７番地２１,082-929-6033,082-929-6023,現存,○,○,132.2142703,34.25084187
短期入所療養介護,中区,3450180066,医療法人社団桃李会,老人保健施設平和の里,730-0812,広島市中区加古町６番１号,082-248-8828,082-248-8803,現存,○,○,132.2658659,34.23153924
短期入所療養介護,中区,3450180181,医療法人社団生和会,介護老人保健施設陽だまり,730-0042,広島市中区国泰寺町二丁目４番１８号,082-544-1616,082-544-1636,現存,○,○,132.2715346,34.23011091
短期入所療養介護,中区,3450180124,医療法人翠清会,介護老人保健施設ひばり,730-0046,広島市中区昭和町１番５号,082-543-5700,082-249-5891,現存,○,○,132.2759253,34.23002784
短期入所療養介護,中区,3450180165,医療法人社団葵会,介護老人保健施設葵の園・広島,730-0047,広島市中区平野町３番８号,082-241-3030,082-241-8700,現存,○,○,132.2746723,34.22525445
短期入所療養介護,東区,3450180108,医療法人恒和会,介護老人保健施設牛田バラ苑,732-0068,広島市東区牛田新町三丁目３０番３０号,082-222-8000,082-222-8006,現存,○,○,132.2819159,34.25267919
短期入所療養介護,東区,34B0100046,医療法人社団アイオワ,戸坂外科医院介護医療院,732-0009,広島市東区戸坂千足二丁目５番１６号,082-220-0050,082-220-0636,現存,○,○,132.2906157,34.26167493
短期入所療養介護,東区,3450180116,医療法人たかまさ会,介護老人保健施設ウェルフェア,732-0032,広島市東区上温品一丁目２１番６号,082-280-3720,082-280-3751,現存,○,○,132.3049421,34.25169524
短期入所療養介護,東区,34B0100012,医療法人たかまさ会,山﨑病院介護医療院,732-0032,広島市東区上温品一丁目２４番９号,082-280-1234,082-289-0866,現存,○,○,132.3044531,34.25179639
短期入所療養介護,東区,3410123107,医療法人社団石見会,いわさきクリニック,732-0043,広島市東区東山町１番９号,082-262-5271,,休止,○,○,132.2929057,34.23548178
短期入所療養介護,東区,3450180140,医療法人社団石見会,介護療養型老人保健施設いわさき,732-0043,広島市東区東山町１番９号,082-262-5271,082-261-8720,現存,○,○,132.2929057,34.23548178
短期入所療養介護,東区,3450180058,社会福祉法人広島常光福祉会,老人保健施設スカイバード,732-0036,広島市東区福田町３１９８番地,082-899-7778,082-899-7770,現存,○,○,132.3248768,34.26578742
短期入所療養介護,南区,3450180017,医療法人恒和会,介護老人保健施設洋光台バラ苑,734-0055,広島市南区向洋新町一丁目１７番１７号,082-287-7777,082-287-7778,現存,○,○,132.3046713,34.21580074
短期入所療養介護,南区,3450180082,医療法人社団広島厚生会,介護老人保健施設ｅハウス,734-0026,広島市南区仁保一丁目６番１８号,082-286-6117,082-286-6113,現存,○,○,132.2937473,34.22245116
短期入所療養介護,南区,3410114247,医療法人社団古川医院,医療法人社団古川医院,734-0023,広島市南区東雲本町一丁目１番２号,082-281-7889,082-286-0100,現存,○,○,132.2902264,34.23036393
短期入所療養介護,南区,3450180025,社会福祉法人三篠会,高齢者リハビリテーションセンターひうな荘,734-0031,広島市南区日宇那町３０番１号,082-256-1001,082-256-1008,現存,○,○,132.2934162,34.21568194
短期入所療養介護,西区,34B0200028,医療法人厚生堂,長崎病院介護医療院,733-0013,広島市西区横川新町３番１１号,082-208-5801,082-208-5821,現存,○,○,132.2649083,34.24329432
短期入所療養介護,西区,3450280122,社会福祉法人慈楽福祉会,介護老人保健施設ピア観音,733-0036,広島市西区観音新町一丁目７番４０号,082-503-7772,082-503-7774,現存,○,○,132.254198,34.22267442
短期入所療養介護,西区,3450280130,医療法人みやうち,介護老人保健施設三滝ひまわり,733-0802,広島市西区三滝本町二丁目１３番３４－２号,082-230-8777,082-230-8327,現存,○,○,132.2636316,34.25040578
短期入所療養介護,西区,3450280098,医療法人和同会,西広島幸楽苑,733-0851,広島市西区田方二丁目１６番４５号,082-274-1311,082-274-1322,現存,○,○,132.2346084,34.23304052
短期入所療養介護,西区,34B0200036,医療法人社団玉章会,力田病院すずがみね介護医療院,733-0852,広島市西区鈴が峰町１４番２０号,082-277-2101,,現存,○,○,132.2349658,34.22558114
短期入所療養介護,安佐南区,3450280155,医療法人社団聖愛会,医療法人社団聖愛会介護老人保健施設とやま,731-3272,広島市安佐南区沼田町吉山字風呂ノ元９８０番１,082-839-3939,082-839-3940,現存,○,○,132.2031497,34.27564458
短期入所療養介護,安佐南区,3450280056,社会福祉法人ＩＧＬ学園福祉会,介護老人保健施設ベルローゼ,731-0154,広島市安佐南区上安六丁目３１番１号,082-830-3333,082-830-3380,現存,○,○,132.2641112,34.28595493
短期入所療養介護,安佐南区,3470210588,医療法人好縁会,西原セントラルクリニック,731-0113,広島市安佐南区西原八丁目３３番３号,082-871-1115,082-871-1167,現存,○,○,132.2826975,34.26354812
短期入所療養介護,安佐南区,34B0200051,医療法人コムラ病院,介護医療院コムラ,731-0141,広島市安佐南区相田一丁目１６番２９号,082-872-2151,082-872-2152,現存,○,○,132.2724747,34.28113054
短期入所療養介護,安佐南区,3450280064,医療法人社団恵愛会,介護老人保健施設希望の園,731-0101,広島市安佐南区八木五丁目１６番２号,082-873-5881,082-873-5887,現存,○,○,132.3009834,34.29000341
短期入所療養介護,安佐南区,3450280072,医療法人信愛会,老人保健施設しんあい,731-3164,広島市安佐南区伴東七丁目９番３号,082-848-8888,082-848-8885,現存,○,○,132.2516275,34.27525349
短期入所療養介護,安佐南区,3410222354,医療法人あすか,毘沙門クリニック,731-0103,広島市安佐南区緑井三丁目４０番３０号,082-831-0108,082-831-0139,現存,○,○,132.2809828,34.28373696
短期入所療養介護,安佐南区,3410216091,医療法人あすか,高橋内科小児科医院,731-0103,広島市安佐南区緑井二丁目１２番２５号,082-870-6700,082-879-3190,現存,○,○,132.2813087,34.28035297
短期入所療養介護,安佐北区,3450280114,医療法人秀仁会,介護老人保健施設菜の花,731-0221,広島市安佐北区可部五丁目４番１９－１０号,082-814-0008,082-819-1140,現存,○,○,132.3033953,34.31171749
短期入所療養介護,安佐北区,3450280015,医療法人社団うすい会,老人保健施設さんさん高陽,739-1742,広島市安佐北区亀崎四丁目７番１号,082-845-1211,082-841-1593,現存,○,○,132.3134332,34.28562081
短期入所療養介護,安佐北区,3450280148,医療法人社団あと会,介護老人保健施設ふかわ・くにくさ,739-1752,広島市安佐北区上深川町１８６番地１,082-840-1840,082-840-3666,現存,○,○,132.3309646,34.28239395
短期入所療養介護,安佐北区,3450280106,社会福祉法人三篠会,介護老人保健施設白木ツジマチ,739-1412,広島市安佐北区白木町小越２１８番２,082-828-1305,082-828-3210,現存,○,○,132.4015695,34.32156158
短期入所療養介護,安芸区,3450180033,社会福祉法人あと会,老人保健施設りは・くにくさ,731-4231,広島市安芸区阿戸町４８５番地１,082-856-0600,082-856-0633,現存,○,○,132.3727222,34.22263677
短期入所療養介護,安芸区,3450180173,医療法人松栄会,介護老人保健施設あき,739-0311,広島市安芸区瀬野四丁目１６４１番地１,082-894-3337,082-894-3338,現存,○,○,132.3611877,34.25297382
短期入所療養介護,安芸区,3450180157,医療法人社団長寿会,老人保健施設はたのリハビリ,739-0321,広島市安芸区中野五丁目１３番３０号,082-893-3636,082-893-3737,現存,○,○,132.3450918,34.24086197
短期入所療養介護,安芸区,3410117323,医療法人社団白寿会,シラネ外科・胃腸科,739-0323,広島市安芸区中野東一丁目２１番２９号,082-892-1500,082-893-3957,休止,○,○,132.3340551,34.2308388
短期入所療養介護,安芸区,3450180041,医療法人社団長寿会,老人保健施設せのがわ,739-0321,広島市安芸区中野六丁目８番２号,082-820-2100,082-820-2101,現存,○,○,132.3459068,34.24423078
短期入所療養介護,佐伯区,3470214309,医療法人昇,平尾クリニック,731-5125,広島市佐伯区五日市駅前一丁目１１番３９号,082-921-3161,082-921-6236,現存,○,○,132.2201297,34.22023152
短期入所療養介護,佐伯区,3450280049,医療法人和同会,五日市幸楽苑,731-5152,広島市佐伯区五日市町下河内１８８番地６,082-927-2511,082-927-2225,現存,○,○,132.2112163,34.24277854
短期入所療養介護,佐伯区,3450280023,医療法人社団朋和会,医療法人社団朋和会老人保健施設花の丘,731-5143,広島市佐伯区三宅六丁目２６５番地,082-924-1187,082-921-1111,現存,○,○,132.2022251,34.22417775
短期入所療養介護,佐伯区,3450280031,医療法人ピーアイエー,介護老人保健施設まいえ,731-5142,広島市佐伯区坪井三丁目８１８番地の１,082-921-9123,082-924-4569,現存,○,○,132.200475,34.22561815
短期入所療養介護,佐伯区,34B0200010,医療法人ピーアイエー,介護医療院ひいろ,731-5142,広島市佐伯区坪井三丁目８１８番地の１,082-943-7616,082-923-7179,現存,○,○,132.200475,34.22561815
短期入所療養介護,佐伯区,3450280163,医療法人松村循環器・外科医院,介護老人保健施設湯来まつむら（ユニット型）,738-0512,広島市佐伯区湯来町白砂５９０番地,082-921-0434,,現存,○,○,132.1718044,34.25166663
短期入所療養介護,佐伯区,3451980068,医療法人松村循環器・外科医院,介護老人保健施設湯来まつむら,738-0512,広島市佐伯区湯来町白砂５９０番地,0829-46-5000,0829-40-5220,現存,○,○,132.1718044,34.25166663
特定施設入居者生活介護,中区,3470205596,株式会社広島厚生会,有料老人ホーム広島萬象園,730-0814,広島市中区羽衣町１番２６号,082-246-3260,082-246-3263,現存,○,○,132.2656226,34.22539999
特定施設入居者生活介護,中区,3470214135,株式会社ベストライフ西日本,ベストライフ広島中区,730-0823,広島市中区吉島西一丁目２０番７号,082-546-2800,082-541-7300,現存,○,○,132.2653746,34.22276431
特定施設入居者生活介護,中区,3470214333,シムラ商事株式会社,ハビリス・シムラ,730-0841,広島市中区舟入町３番9号,082-292-8481,,現存,○,○,132.263857,34.23294455
特定施設入居者生活介護,中区,3470213277,SOMPOケア株式会社,SOMPOケアラヴィーレ舟入,730-0847,広島市中区舟入南四丁目１番３号,082-297-6541,082-297-6544,現存,○,○,132.2630267,34.22357825
特定施設入居者生活介護,中区,3470210430,ほほえみ株式会社,ほほえみ有料老人ホームエクセレント[介護付],730-0024,広島市中区西平塚町４番１５号,082-541-2525,082-541-2526,現存,○,○,132.2803982,34.232112
特定施設入居者生活介護,中区,3470215827,ほほえみ株式会社,ほほえみ有料老人ホームエクセレント［介護付］グループリビング棟,730-0024,広島市中区西平塚町７番１号,082-541-2525,082-541-2526,現存,○,○,132.280233,34.23212606
特定施設入居者生活介護,中区,3470214846,ほほえみ株式会社,ほほえみ有料老人ホームエクセレント[介護付]リハビリ棟,730-0024,広島市中区西平塚町７番３号,082-541-2525,082-541-2526,現存,○,○,132.2802803,34.23205419
特定施設入居者生活介護,中区,3470215298,SOMPOケア株式会社,SOMPOケアラヴィーレ平和公園,730-0051,広島市中区大手町三丁目１１番２０号,082-544-4830,082-246-7576,現存,○,○,132.2706365,34.23136467
特定施設入居者生活介護,中区,3470207642,医療法人社団絆,介護付有料老人ホームソレイユ南竹屋,730-0049,広島市中区南竹屋町５番８号,082-244-4116,082-543-6025,現存,○,○,132.2739212,34.22538019
特定施設入居者生活介護,東区,3470109046,株式会社はれコーポレーション,あいらの杜広島戸坂,732-0014,広島市東区戸坂大上三丁目２番２２号,082-229-7545,082-847-2182,現存,○,○,132.2935836,34.25379409
特定施設入居者生活介護,東区,3470109418,SOMPOケア株式会社,SOMPOケアラヴィーレ広島光が丘,732-0051,広島市東区光が丘２番４０号,082-506-1165,,現存,○,○,132.2842962,34.24163224
特定施設入居者生活介護,東区,3470105499,社会福祉法人寿老園老人ホーム,外部サービス利用型特定施設寿老園,732-0048,広島市東区山根町３８番２３号,082-263-3841,082-263-3849,現存,○,○,132.2902749,34.24212442
特定施設入居者生活介護,東区,3470107016,社会福祉法人古家真会,ケアハウス東山,732-0043,広島市東区東山町１番９号,082-264-6888,082-264-7666,現存,○,○,132.2929057,34.23548178
特定施設入居者生活介護,東区,3470109111,医療法人たかまさ会,介護付き有料老人ホームメイプル馬木,732-0031,広島市東区馬木七丁目１９９４番地１,082-899-5858,082-554-8881,現存,○,○,132.3205936,34.26311923
特定施設入居者生活介護,南区,3470106828,医療法人社団ひがしの会,介護付有料老人ホームサザンリーフ宇品海岸,734-0011,広島市南区宇品海岸一丁目１２番４３号,082-250-7255,082-250-7256,現存,○,○,132.2734824,34.21093957
特定施設入居者生活介護,南区,3470105507,社会福祉法人広島平和養老館,養護老人ホーム広島平和養老館,734-0017,広島市南区似島町字東大谷３０７３番地の５,082-259-2709,082-259-2286,現存,○,○,132.2635908,34.18276793
特定施設入居者生活介護,南区,3470107115,社会福祉法人あと会,介護つき有料老人ホームでじま・くにくさ,734-0013,広島市南区出島一丁目１８番１７号,082-251-5350,082-251-8787,現存,○,○,132.271741,34.21399813
特定施設入居者生活介護,南区,3470106786,医療法人社団広島厚生会,有料老人ホーム広島八景園,734-0026,広島市南区仁保一丁目１番２０号,082-581-8884,082-581-8883,現存,○,○,132.2939855,34.22250232
特定施設入居者生活介護,南区,3470106646,有限会社せせらぎ,介護付有料老人ホームせせらぎ,734-0034,広島市南区丹那町１０番１９号,082-250-3750,082-250-3751,現存,○,○,132.2858329,34.2145199
特定施設入居者生活介護,南区,3470109905,あなぶきメディカルケア株式会社,アルファリビング広島段原,732-0818,広島市南区段原日出二丁目７番５号,082-890-3055,082-890-3066,現存,○,○,132.2858521,34.23134271
特定施設入居者生活介護,南区,3470107404,株式会社あかしあ,介護付有料老人ホームあかしあ大河,734-0043,広島市南区南大河町１２番１号,082-250-3230,082-250-3231,現存,○,○,132.28457,34.22101801
特定施設入居者生活介護,西区,3470212683,医療法人社団ひがしの会,介護付有料老人ホームヘルスケアホーム井口,733-0842,広島市西区井口五丁目４番１５号,082-278-0590,082-278-0509,現存,○,○,132.2241209,34.22045031
特定施設入居者生活介護,西区,3470214127,株式会社ベストライフ西日本,ベストライフ広島,733-0841,広島市西区井口明神一丁目１４番２１号,082-270-2360,082-270-2370,現存,○,○,132.2330847,34.22227364
特定施設入居者生活介護,西区,3470215082,あなぶきメディカルケア株式会社,アルファリビング広島古江駅前,733-0873,広島市西区古江新町１番３号,082-533-6565,082-533-6610,現存,○,○,132.2444732,34.23057141
特定施設入居者生活介護,西区,3470215777,株式会社Ｌ．Ｓ．Ｉ．,介護付有料老人ホームかがやき,733-0874,広島市西区古江西町２１番１－２６号,082-274-0018,082-274-0028,現存,○,○,132.2432171,34.23062762
特定施設入居者生活介護,西区,3470204045,株式会社冨山学園,介護付有料老人ホームほのぼの苑己斐,733-0815,広島市西区己斐上三丁目４２番２２号,082-527-2800,082-527-2801,現存,○,○,132.2447434,34.24349383
特定施設入居者生活介護,西区,3470206842,社会福祉法人広島県同胞援護財団,養護老人ホーム千歳園,733-0853,広島市西区山田新町二丁目７番２号,082-272-5181,082-273-8795,現存,○,○,132.2312985,34.23574873
特定施設入居者生活介護,西区,3470213111,株式会社ケア２１,介護付有料老人ホームプレザンメゾン西広島,733-0025,広島市西区小河内町二丁目１３番１９号,082-297-6621,082-234-4210,現存,○,○,132.2614003,34.24055514
特定施設入居者生活介護,西区,3470215173,株式会社ニチイ学館,ニチイケアセンター広島西特定施設入居者生活介護,733-0007,広島市西区大宮一丁目１５番５号,082-238-5009,082-238-5011,現存,○,○,132.2716465,34.25146356
特定施設入居者生活介護,西区,3470212675,あなぶきメディカルケア株式会社,アルファリビング広島中広,733-0012,広島市西区中広町二丁目１番７号,082-503-3450,082-233-8501,現存,○,○,132.2642862,34.24120698
特定施設入居者生活介護,西区,3470208905,医療法人和同会,介護付有料老人ホーム西広島あかり苑,733-0851,広島市西区田方二丁目１６番４５号,082-271-6511,082-271-6566,現存,○,○,132.2346084,34.23304052
特定施設入居者生活介護,西区,3470216072,ＳＯＭＰＯケア株式会社,ＳＯＭＰＯケアラヴィーレ平和大通り,733-0023,広島市西区都町４２番２号,082-208-2525,082-208-2527,現存,○,○,132.2609629,34.23413548
特定施設入居者生活介護,西区,3470214853,株式会社はれコーポレーション,あいらの杜広島南観音,733-0035,広島市西区南観音五丁目６番３２号,082-231-5899,082-942-0982,現存,○,○,132.2533171,34.22576449
特定施設入居者生活介護,西区,3470209424,株式会社不二ビルサービス,介護付有料老人ホームふじの家観音,733-0035,広島市西区南観音八丁目１１番２９号,082-295-5608,082-532-7289,現存,○,○,132.2552796,34.22471216
特定施設入居者生活介護,安佐南区,3470204656,株式会社ヴィーヴル,介護付き有料老人ホームヴィーヴル祇園,731-0138,広島市安佐南区祇園四丁目８番７号,082-874-2227,082-874-7117,現存,○,,132.2720915,34.26245003
特定施設入居者生活介護,安佐南区,3470206347,株式会社ドエル,ドエル祇園,731-0138,広島市安佐南区祇園二丁目５番１８号,082-832-2828,082-832-2827,現存,○,○,132.2804043,34.26475342
特定施設入居者生活介護,安佐南区,3470215553,株式会社ダイキ,ケアホーム古の市,731-0123,広島市安佐南区古市三丁目５番２号,082-879-6593,082-299-0300,現存,○,○,132.2811487,34.27056847
特定施設入居者生活介護,安佐南区,3470206834,社会福祉法人慈光会,養護老人ホーム上安慈光園,731-0154,広島市安佐南区上安二丁目２０番３３号,082-878-8600,082-878-8711,現存,○,○,132.2644312,34.28314275
特定施設入居者生活介護,安佐南区,3470202866,株式会社冨山学園,介護付有料老人ホームほのぼの苑西原,731-0113,広島市安佐南区西原六丁目１４番１０号,082-850-1201,082-850-1170,現存,○,○,132.281782,34.26259194
特定施設入居者生活介護,安佐南区,3470206123,株式会社不二ビルサービス,介護付有料老人ホームふじの家川内,731-0102,広島市安佐南区川内一丁目１５番２４号,082-831-8908,082-831-8910,現存,○,○,132.2904053,34.27297535
特定施設入居者生活介護,安佐南区,3470208822,富士メディカル株式会社,介護付有料老人ホームメリィハウス西風新都,731-3167,広島市安佐南区大塚西三丁目２番９号,082-849-2750,082-849-2754,現存,○,○,132.234392,34.26403419
特定施設入居者生活介護,安佐南区,3470207139,有限会社サカコーポレーション,介護付有料老人ホーム緑井ガーデンハウス,731-0103,広島市安佐南区緑井六丁目２８番１号,082-831-2020,082-831-0505,現存,○,○,132.2853442,34.28210015
特定施設入居者生活介護,安佐北区,3470109061,有限会社咲楽,介護付き有料老人ホーム湯楽苑,731-1142,広島市安佐北区安佐町飯室１５６３番地３,082-835-3332,082-835-3331,現存,○,○,132.2645198,34.33029239
特定施設入居者生活介護,安佐北区,3470105051,社会福祉法人フェニックス,ケアハウスかんべ村,731-0221,広島市安佐北区可部七丁目１３番１５－１－７号,082-812-3588,082-812-3589,現存,○,○,132.3039456,34.31277285
特定施設入居者生活介護,安佐北区,3470105515,社会福祉法人広島県同胞援護財団,養護老人ホーム可部南静養園,731-0223,広島市安佐北区可部南二丁目１９番３３号,082-812-2411,082-812-3637,現存,○,○,132.3108831,34.30036024
特定施設入居者生活介護,安佐北区,3470101662,広島県住宅供給公社,サニーコート広島,739-1742,広島市安佐北区亀崎四丁目６番５号,082-843-0082,082-843-2587,現存,○,○,132.3133199,34.28539115
特定施設入居者生活介護,安佐北区,3470103890,株式会社Ｍ＆Ｃコラボレイション,ケアホームディア・レスト可部,731-0231,広島市安佐北区亀山一丁目１７番１６号,082-819-3800,082-819-3801,現存,○,○,132.3005741,34.3055794
特定施設入居者生活介護,安佐北区,3470110713,有限会社咲楽,La・Vita安佐物語,731-0232,広島市安佐北区亀山南一丁目１２番１０号,082-573-6669,082-573-6661,現存,○,○,132.2936748,34.30572305
特定施設入居者生活介護,安佐北区,3470104971,有限会社ソフィア,ケアホーム・ソフィア,731-0211,広島市安佐北区三入六丁目１番２号,082-810-5208,082-810-5218,現存,○,○,132.3207452,34.32501743
特定施設入居者生活介護,安佐北区,3470104450,株式会社アトラス,介護付有料老人ホームおだやかな園,739-1754,広島市安佐北区小河原町１１３０番地２１,082-840-1122,082-840-1123,現存,○,○,132.3341824,34.27472683
特定施設入居者生活介護,安佐北区,3470105531,社会福祉法人三篠会,養護老人ホーム三篠園,739-1301,広島市安佐北区白木町井原１２４４番地,082-828-3330,082-828-1403,現存,○,○,132.4049523,34.35406205
特定施設入居者生活介護,安芸区,3470105523,社会福祉法人慈楽福祉会,養護老人ホーム瀬野川ホーム,739-0323,広島市安芸区中野東二丁目３４番１号,082-893-1888,082-893-1887,現存,○,○,132.3414844,34.23159085
特定施設入居者生活介護,安芸区,3470103999,ほほえみ株式会社,ほほえみ有料老人ホーム矢野［介護付］,736-0085,広島市安芸区矢野西七丁目２４番１３号,082-889-6078,082-888-1020,現存,○,○,132.3209361,34.20212476
特定施設入居者生活介護,佐伯区,3470213780,医療法人社団一陽会,グランホームあさひ,731-5133,広島市佐伯区旭園９番３１号,082-943-7773,082-943-8600,現存,○,○,132.2203913,34.21529022
特定施設入居者生活介護,佐伯区,3470206826,社会福祉法人三篠会,養護老人ホーム楽々園ｋｉｓｕｉ,731-5136,広島市佐伯区楽々園五丁目１５番２２号,082-922-2555,082-922-2565,現存,○,○,132.2106502,34.21337664
特定施設入居者生活介護,佐伯区,3470203781,ジョイフル・ファミリー株式会社,ジョイフル・ファミリー観音台,731-5157,広島市佐伯区観音台三丁目５番１号,082-943-6303,082-943-0370,現存,○,○,132.2019966,34.23271193
特定施設入居者生活介護,佐伯区,3470204771,株式会社ウェル,ドリームウェル,731-5127,広島市佐伯区五日市七丁目８番４１号,082-943-1165,082-923-8237,現存,○,○,132.2136952,34.22393925
特定施設入居者生活介護,佐伯区,3470208756,社会福祉法人広島博愛会,ケアハウス五日市グリーンヒルホーム,731-5152,広島市佐伯区五日市町下河内５９１番地の１,082-926-1131,082-927-6000,現存,○,○,132.2109238,34.24303866
福祉用具貸与,中区,3470215405,Loppis合同会社,福祉用具ハーツ,730-0823,広島市中区吉島西一丁目３１番３号,082-569-7950,082-569-7951,現存,○,○,132.2647513,34.22193273
福祉用具貸与,中区,3470202494,有限会社パナックこうぶんどう,有限会社パナックこうぶんどう,730-0834,広島市中区江波二本松二丁目１番２２号,082-234-1059,082-234-1169,現存,○,○,132.255966,34.22061751
福祉用具貸与,中区,3470207824,株式会社ゴトウ・アズ・プランニング,株式会社ゴトウ・アズ・プランニング広島店,730-0842,広島市中区舟入中町２番２１号,0120-810-510,0120-075-103,現存,○,○,132.2638226,34.23137167
福祉用具貸与,中区,3470208079,株式会社メディカルサービス明和,ケアサービス明和,730-0005,広島市中区西白島町１３番３０号,082-222-0092,0829-30-8089,現存,○,○,132.273888,34.24247262
福祉用具貸与,中区,3470101522,生活協同組合ひろしま,生協ひろしま福祉用具センター,730-0802,広島市中区本川町二丁目６番１１号第７ウエノヤビル４階２号室,082-503-0690,082-234-2411,現存,○,○,132.2703927,34.23498107
福祉用具貸与,東区,3470107461,株式会社ケンコー,株式会社ケンコー,732-0068,広島市東区牛田新町三丁目７番４２－１０１号,082-229-6141,082-229-6151,現存,○,○,132.2817686,34.25422593
福祉用具貸与,東区,3470108667,株式会社エールラン,福祉用具のエール,732-0068,広島市東区牛田新町二丁目４番３４号２階,082-223-8377,082-223-8388,現存,○,○,132.2751877,34.25040941
福祉用具貸与,東区,3470104963,株式会社ニックス,ニックス福祉用具サービス事業所,732-0045,広島市東区曙一丁目１番２０号,082-568-7166,082-506-0202,現存,○,○,132.2918827,34.23453733
福祉用具貸与,東区,3470102488,株式会社福祉スタジオ,福祉スタジオ福祉用具貸与事業所,732-0047,広島市東区尾長西二丁目７番６号,082-568-5302,082-261-3462,現存,○,○,132.2920666,34.23594187
福祉用具貸与,東区,3470105705,株式会社えごころ,株式会社えごころ,732-0042,広島市東区矢賀一丁目７番１７号,082-890-6220,082-286-7500,現存,○,○,132.2935744,34.23393861
福祉用具貸与,南区,3470108220,フランスベッド株式会社,フランスベッド株式会社メディカル広島南営業所,734-0015,広島市南区宇品御幸三丁目２番２号,082-250-0285,082-251-8810,現存,○,○,132.2750428,34.21464778
福祉用具貸与,南区,3470110143,あいりは株式会社,あいリハ福祉用具広島,734-0037,広島市南区霞二丁目１－１－１０１・１０２,082-567-5206,082-553-9501,現存,○,○,132.2902491,34.22473873
福祉用具貸与,南区,3470110705,株式会社プライマリ・ケア,あるケア福祉用具,734-0007,広島市南区皆実町一丁目１９番５号,082-258-2088,082-258-2088,現存,○,○,132.2813932,34.22380821
福祉用具貸与,南区,3470108733,パナソニックエイジフリー株式会社,パナソニックエイジフリーショップ広島中央,734-0001,広島市南区出汐三丁目１０番６号,082-250-1538,082-254-8961,現存,○,○,132.2835759,34.22345559
福祉用具貸与,南区,3470106760,株式会社ウィードメディカル,株式会社ウィードメディカル広島営業所,734-0026,広島市南区仁保２丁目２番６号,082-236-9540,082-236-9541,現存,○,○,132.3000327,34.221347
福祉用具貸与,南区,3470107552,株式会社フロンティア,株式会社フロンティア広島営業所,734-0024,広島市南区仁保新町二丁目１番２３号,082-890-1881,082-890-1880,現存,○,○,132.2950014,34.22310422
福祉用具貸与,南区,3470207535,株式会社カワムラ,シンプルケア,734-0027,広島市南区仁保南二丁目１７番７－２０２号,082-567-4380,082-567-4381,現存,○,○,132.2943337,34.21436101
福祉用具貸与,南区,3470207089,株式会社ダスキンユニオン,ダスキンヘルスレント広島南ステーション,732-0817,広島市南区比治山町３番８号ベルクール比治山１Ｆ,082-568-1038,082-262-6815,現存,○,○,132.2817458,34.2317488
福祉用具貸与,西区,3470213624,株式会社ライフケア,株式会社ライフケア西広島支店,733-0842,広島市西区井口五丁目２０番１２号アーバンコート井口１０１,082-270-5500,082-270-5501,現存,○,○,132.2252447,34.22019606
福祉用具貸与,西区,3470214010,Common株式会社,コモンメディカル,733-0842,広島市西区井口三丁目１番１４－１０１号,082-554-5276,082-942-3606,現存,○,○,132.2255165,34.22129673
福祉用具貸与,西区,3470214440,有限会社カインド,有限会社カインド,733-0844,広島市西区井口台四丁目６番４０号,080-2942-3705,082-275-5653,現存,○,○,132.2305638,34.22462452
福祉用具貸与,西区,3470215652,株式会社ヤマシタ,株式会社ヤマシタ広島営業所,733-0033,広島市西区観音本町二丁目９番３０号,082-299-2261,082-299-2262,現存,○,○,132.2557337,34.2324138
福祉用具貸与,西区,3470215132,株式会社ひなた,福祉用具ステーションひなた,733-0871,広島市西区高須二丁目４番２１号湯尻ビル１０１号,082-299-8866,082-275-6444,現存,○,○,132.2451755,34.23249817
福祉用具貸与,西区,3470214085,医療法人みやうち,福祉用具貸与事業所三滝ひまわり,733-0802,広島市西区三滝本町二丁目１３番３４－２号,082-962-7666,082-230-8327,休止,○,○,132.2636316,34.25040578
福祉用具貸与,西区,3470204987,深川医療器株式会社,深川医療器株式会社ライフケア広島,733-0833,広島市西区商工センター四丁目１５番１７号,082-270-0333,082-270-0331,現存,○,○,132.2343999,34.22035941
福祉用具貸与,西区,3470207360,サンキ・ウエルビィ株式会社,サンキ・ウエルビィ広島福祉用具センター,733-0833,広島市西区商工センター六丁目１番１１号,082-278-0377,082-278-0378,現存,○,○,132.2322957,34.22104329
福祉用具貸与,西区,3470208624,株式会社ハートライフ,ハートライフ福祉用具事業部,733-0001,広島市西区大芝二丁目１３番１４号,082-962-1338,082-962-1228,現存,○,○,132.2733808,34.25150264
福祉用具貸与,西区,3470208970,株式会社ケントク,ダスキンヘルスレント広島西ステーション,733-0012,広島市西区中広町一丁目７番２号,082-297-8901,082-297-8902,現存,○,○,132.2625304,34.24077971
福祉用具貸与,西区,3470214762,株式会社ミクセルヘルスケア,広島介護用品,733-0022,広島市西区天満町１８番８号2階,082-503-2588,082-503-2577,現存,○,○,132.2624609,34.23435341
福祉用具貸与,西区,3470205653,株式会社フルケア,株式会社フルケア広島営業所,733-0035,広島市西区南観音七丁目１３番２０号ひらいちビル３０１号室,082-503-1531,082-503-1532,現存,○,○,132.2538792,34.2244294
福祉用具貸与,安佐南区,3470212477,パナソニックエイジフリー株式会社,パナソニックエイジフリーショップ安佐南,731-0123,広島市安佐南区古市二丁目２番２５号,082-831-5526,082-870-2212,現存,○,○,132.2831637,34.27258743
福祉用具貸与,安佐南区,3470213228,株式会社Seiwa,福祉用具貸与事業所ハピネス,731-0139,広島市安佐南区山本新町一丁目１１番１号,082-871-8817,082-871-8816,現存,○,○,132.2611835,34.26194529
福祉用具貸与,安佐南区,3470206354,アビリティーズ・ケアネット株式会社,アビリティーズ・ケアネット株式会社広島営業所,731-0154,広島市安佐南区上安四丁目３７番５号,082-535-0758,082-535-0760,現存,○,○,132.2648287,34.28553312
福祉用具貸与,安佐南区,3470201942,株式会社不二ビルサービス,福祉用具ステーションふじ川内,731-0102,広島市安佐南区川内一丁目１５番２４号,082-831-8911,082-831-8910,現存,○,○,132.2904053,34.27297535
福祉用具貸与,安佐南区,3470200183,日本基準寝具株式会社,日本基準寝具株式会社エコール事業部,731-0124,広島市安佐南区大町東一丁目１８番４４号,082-877-1079,082-877-1323,現存,○,○,132.2755496,34.27112227
福祉用具貸与,安佐南区,3470203112,株式会社セリオ,株式会社セリオ広島営業所,731-0124,広島市安佐南区大町東三丁目２番４号,082-831-5548,082-831-5549,現存,○,○,132.2809427,34.27491836
福祉用具貸与,安佐南区,3470107222,富士メディカル株式会社,メリィ福祉用具サービス,731-3167,広島市安佐南区大塚西三丁目２番９号,082-225-7081,082-225-7082,現存,○,○,132.234392,34.26403419
福祉用具貸与,安佐南区,3470207881,フランスベッド株式会社,フランスベッド株式会社メディカル広島営業所,731-3167,広島市安佐南区大塚西四丁目１６番１号,082-849-2723,082-849-2708,現存,○,○,132.2349792,34.26049633
福祉用具貸与,安佐南区,3470215785,深川医療器株式会社,深川医療器株式会社ライフケア広島北,731-0101,広島市安佐南区八木七丁目４番２０－１０１号,082-836-4333,,現存,○,○,132.3013911,34.29229729
福祉用具貸与,安佐南区,3470215991,株式会社フロンティア,フロンティア広島北営業所,731-0103,広島市安佐南区緑井一丁目１６番１０号,082-209-0370,082-209-0371,現存,○,○,132.283066,34.27524142
福祉用具貸与,安佐北区,3470101803,社会福祉法人ＩＧＬ学園福祉会,ＩＧＬ福祉用具貸与事業所,731-3352,広島市安佐北区安佐町後山１２４１５番地５,082-838-3343,082-838-3444,現存,○,○,132.2649438,34.30321792
福祉用具貸与,安佐北区,3470110549,一般社団法人ワークサポート倶楽部広島,福祉用具サポート広島,731-0223,広島市安佐北区可部南四丁目１５番３１号,082-554-7733,825547734,現存,○,○,132.304511,34.30253415
福祉用具貸与,安佐北区,3470109103,医療法人長久堂野村病院,福祉用具貸与事業所可部,731-0223,広島市安佐北区可部南四丁目１７番３０号,082-815-2882,082-815-5878,現存,○,○,132.3045786,34.30181393
福祉用具貸与,安佐北区,3470109301,株式会社まごころサポート,Ｒｅｎｔａｓ＋,731-0231,広島市安佐北区亀山三丁目２４番１７号,082-881-2620,082-881-2630,現存,○,○,132.2957929,34.31168694
福祉用具貸与,安佐北区,3470106679,株式会社ライフケア,株式会社ライフケア広島支店,739-1731,広島市安佐北区落合一丁目２７番２９号,082-847-3059,082-847-3069,現存,○,○,132.3034997,34.28226208
福祉用具貸与,安芸区,3470102181,医療法人社団長寿会,はたのリハビリ福祉用具貸与・販売事業所,739-0321,広島市安芸区中野五丁目１４番１０号,082-516-6008,082-516-6009,現存,○,○,132.3449757,34.24094477
福祉用具貸与,安芸区,3470110408,合同会社アルファ,アルファ福祉用具,736-0083,広島市安芸区矢野東四丁目25番43－102号,082-573-3116,082-573-3117,現存,○,○,132.3220432,34.21071878
福祉用具貸与,安芸区,3470101613,株式会社メディカルマサモリ,株式会社メディカルマサモリ,736-0083,広島市安芸区矢野東二丁目９番５号,082-888-2627,082-888-2649,現存,○,○,132.3223294,34.21378281
福祉用具貸与,佐伯区,3470215611,ＭＡＮＹＰＥＯＰＬＥ株式会社,福祉用具メニーピープル広島,731-5101,広島市佐伯区五月が丘一丁目３３番３－４０１号,082-961-4067,082-961-4068,現存,○,○,132.2420732,34.25082002
福祉用具貸与,佐伯区,3470211404,株式会社ネクサス,福祉用具貸与事業所キララ,731-5125,広島市佐伯区五日市駅前一丁目１１番５号,082-208-2608,082-943-4055,現存,○,○,132.2200879,34.22015145
福祉用具貸与,佐伯区,3470203609,有限会社三恵,ウェルケア広島,731-5127,広島市佐伯区五日市七丁目１３番２８号フォーサイトビル・五日市１０２号,082-925-5010,082-925-5011,現存,○,○,132.2132179,34.22332603
福祉用具貸与,佐伯区,3470215181,有限会社セカンド,ほがらか福祉用具,731-5127,広島市佐伯区五日市七丁目14番10号,082-299-0650,082-943-6322,現存,○,○,132.2137651,34.22318153
特定福祉用具販売,中区,3470215405,Loppis合同会社,福祉用具ハーツ,730-0823,広島市中区吉島西一丁目３１番３号,082-569-7950,082-569-7951,現存,○,○,132.2647513,34.22193273
特定福祉用具販売,中区,3470202494,有限会社パナックこうぶんどう,有限会社パナックこうぶんどう,730-0834,広島市中区江波二本松二丁目１番２２号,082-234-1059,082-234-1169,現存,○,○,132.255966,34.22061751
特定福祉用具販売,中区,3470207824,株式会社ゴトウ・アズ・プランニング,株式会社ゴトウ・アズ・プランニング広島店,730-0842,広島市中区舟入中町２番２１号,0120-810-510,0120-075-103,現存,○,○,132.2638226,34.23137167
特定福祉用具販売,中区,3470208079,株式会社メディカルサービス明和,ケアサービス明和,730-0005,広島市中区西白島町１３番３０号,082-222-0092,0829-30-8089,現存,○,○,132.273888,34.24247262
特定福祉用具販売,中区,3470101522,生活協同組合ひろしま,生協ひろしま福祉用具センター,730-0802,広島市中区本川町二丁目６番１１号第７ウエノヤビル４階２号室,082-503-0690,082-234-2411,現存,○,○,132.2703927,34.23498107
特定福祉用具販売,東区,3470107461,株式会社ケンコー,株式会社ケンコー,732-0068,広島市東区牛田新町三丁目７番４２－１０１号,082-229-6141,082-229-6151,現存,○,○,132.2817686,34.25422593
特定福祉用具販売,東区,3470108667,株式会社エールラン,福祉用具のエール,732-0068,広島市東区牛田新町二丁目４番３４号２階,082-223-8377,082-223-8388,現存,○,○,132.2751877,34.25040941
特定福祉用具販売,東区,3470104963,株式会社ニックス,ニックス福祉用具サービス事業所,732-0045,広島市東区曙一丁目１番２０号,082-568-7166,082-506-0202,現存,○,○,132.2918827,34.23453733
特定福祉用具販売,東区,3470105333,株式会社福祉スタジオ,福祉スタジオ特定福祉用具販売事業所,732-0047,広島市東区尾長西二丁目７番６号,082-568-5302,082-261-3462,現存,○,○,132.2920666,34.23594187
特定福祉用具販売,東区,3470105705,株式会社えごころ,株式会社えごころ,732-0042,広島市東区矢賀一丁目７番１７号,082-890-6220,082-286-7500,現存,○,○,132.2935744,34.23393861
特定福祉用具販売,南区,3470108220,フランスベッド株式会社,フランスベッド株式会社メディカル広島南営業所,734-0015,広島市南区宇品御幸三丁目２番２号,082-250-0285,082-251-8810,現存,○,○,132.2750428,34.21464778
特定福祉用具販売,南区,3470110143,あいりは株式会社,あいリハ福祉用具広島,734-0037,広島市南区霞二丁目１－１－１０１・１０２,082-567-5206,082-553-9501,現存,○,○,132.2902491,34.22473873
特定福祉用具販売,南区,3470110705,株式会社プライマリ・ケア,あるケア福祉用具,734-0007,広島市南区皆実町一丁目１９番５号,082-258-2088,082-258-2088,現存,○,○,132.2813932,34.22380821
特定福祉用具販売,南区,3470108733,パナソニックエイジフリー株式会社,パナソニックエイジフリーショップ広島中央,734-0001,広島市南区出汐三丁目１０番６号,082-250-1538,082-254-8961,現存,○,○,132.2835759,34.22345559
特定福祉用具販売,南区,3470106760,株式会社ウィードメディカル,株式会社ウィードメディカル広島営業所,734-0026,広島市南区仁保２丁目２番６号,082-236-9540,082-236-9541,現存,○,○,132.3000327,34.221347
特定福祉用具販売,南区,3470107552,株式会社フロンティア,株式会社フロンティア広島営業所,734-0024,広島市南区仁保新町二丁目１番２３号,082-890-1881,082-890-1880,現存,○,○,132.2950014,34.22310422
特定福祉用具販売,南区,3470207535,株式会社カワムラ,シンプルケア,734-0027,広島市南区仁保南二丁目１７番７－２０２号,082-567-4380,082-567-4381,現存,○,○,132.2943337,34.21436101
特定福祉用具販売,南区,3470207089,株式会社ダスキンユニオン,ダスキンヘルスレント広島南ステーション,732-0817,広島市南区比治山町３番８号ベルクール比治山１Ｆ,082-568-1038,082-262-6815,現存,○,○,132.2817458,34.2317488
特定福祉用具販売,西区,3470213624,株式会社ライフケア,株式会社ライフケア西広島支店,733-0842,広島市西区井口五丁目２０番１２号アーバンコート井口１０１,082-270-5500,082-270-5501,現存,○,○,132.2252447,34.22019606
特定福祉用具販売,西区,3470214010,Common株式会社,コモンメディカル,733-0842,広島市西区井口三丁目１番１４－１０１号,082-554-5276,082-942-3606,現存,○,○,132.2255165,34.22129673
特定福祉用具販売,西区,3470214440,有限会社カインド,有限会社カインド,733-0844,広島市西区井口台四丁目６番４０号,080-2942-3705,082-275-5653,現存,○,○,132.2305638,34.22462452
特定福祉用具販売,西区,3470215652,株式会社ヤマシタ,株式会社ヤマシタ広島営業所,733-0033,広島市西区観音本町二丁目９番３０号,082-299-2261,082-099-2262,現存,○,○,132.2557337,34.2324138
特定福祉用具販売,西区,3470215132,株式会社ひなた,福祉用具ステーションひなた,733-0871,広島市西区高須二丁目４番２１号湯尻ビル１０１号,082-299-8866,082-275-6444,現存,○,○,132.2451755,34.23249817
特定福祉用具販売,西区,3470214085,医療法人みやうち,福祉用具貸与事業所三滝ひまわり,733-0802,広島市西区三滝本町二丁目１３番３４－２号,082-962-7666,082-230-8327,休止,○,○,132.2636316,34.25040578
特定福祉用具販売,西区,3470204987,深川医療器株式会社,深川医療器株式会社ライフケア広島,733-0833,広島市西区商工センター四丁目１５番１７号,082-270-0333,082-270-0331,現存,○,○,132.2343999,34.22035941
特定福祉用具販売,西区,3470207360,サンキ・ウエルビィ株式会社,サンキ・ウエルビィ広島福祉用具センター,733-0833,広島市西区商工センター六丁目１番１１号,082-278-0377,082-278-0378,現存,○,○,132.2322957,34.22104329
特定福祉用具販売,西区,3470208624,株式会社ハートライフ,ハートライフ福祉用具事業部,733-0001,広島市西区大芝二丁目１３番１４号,082-962-1338,082-962-1228,現存,○,○,132.2733808,34.25150264
特定福祉用具販売,西区,3470208970,株式会社ケントク,ダスキンヘルスレント広島西ステーション,733-0012,広島市西区中広町一丁目７番２号,082-297-8901,082-297-8902,現存,○,○,132.2625304,34.24077971
特定福祉用具販売,西区,3470214762,株式会社ミクセルヘルスケア,広島介護用品,733-0022,広島市西区天満町１８番８号2階,082-503-2588,082-503-2577,現存,○,○,132.2624609,34.23435341
特定福祉用具販売,西区,3470205653,株式会社フルケア,株式会社フルケア広島営業所,733-0035,広島市西区南観音七丁目１３番２０号ひらいちビル３０１号室,082-503-1531,082-503-1532,現存,○,○,132.2538792,34.2244294
特定福祉用具販売,安佐南区,3470212477,パナソニックエイジフリー株式会社,パナソニックエイジフリーショップ安佐南,731-0123,広島市安佐南区古市二丁目２番２５号,082-831-5526,082-870-2212,現存,○,○,132.2831637,34.27258743
特定福祉用具販売,安佐南区,3470213806,株式会社Seiwa,特定福祉用具販売事業所ハピネス,731-0139,広島市安佐南区山本新町一丁目１１番１号,082-871-8817,082-871-8816,現存,○,○,132.2611835,34.26194529
特定福祉用具販売,安佐南区,3470206354,アビリティーズ・ケアネット株式会社,アビリティーズ・ケアネット株式会社広島営業所,731-0154,広島市安佐南区上安四丁目３７番５号,082-535-0758,082-535-0760,現存,○,○,132.2648287,34.28553312
特定福祉用具販売,安佐南区,3470206495,株式会社不二ビルサービス,福祉用具ステーションふじ川内,731-0102,広島市安佐南区川内一丁目１５番２４号,082-831-8911,082-831-8910,現存,○,○,132.2904053,34.27297535
特定福祉用具販売,安佐南区,3470200183,日本基準寝具株式会社,日本基準寝具株式会社エコール事業部,731-0124,広島市安佐南区大町東一丁目１８番４４号,082-877-1079,082-877-1323,現存,○,○,132.2755496,34.27112227
特定福祉用具販売,安佐南区,3470107222,富士メディカル株式会社,メリィ福祉用具サービス,731-3167,広島市安佐南区大塚西三丁目２番９号,082-225-7081,082-225-7082,現存,○,○,132.234392,34.26403419
特定福祉用具販売,安佐南区,3470207881,フランスベッド株式会社,フランスベッド株式会社メディカル広島営業所,731-3167,広島市安佐南区大塚西四丁目１６番１号,082-849-2723,082-849-2708,現存,○,○,132.2349792,34.26049633
特定福祉用具販売,安佐南区,3470215785,深川医療器株式会社,深川医療器株式会社ライフケア広島北,731-0101,広島市安佐南区八木七丁目４番２０－１０１号,082-836-4333,082-836-4331,現存,○,○,132.3013911,34.29229729
特定福祉用具販売,安佐南区,3470215991,株式会社フロンティア,フロンティア広島北営業所,731-0103,広島市安佐南区緑井一丁目１６番１０号,082-209-0370,,現存,○,○,132.283066,34.27524142
特定福祉用具販売,安佐北区,3470101803,社会福祉法人ＩＧＬ学園福祉会,ＩＧＬ福祉用具貸与事業所,731-3352,広島市安佐北区安佐町後山１２４１５番地５,082-838-3343,082-838-3444,現存,○,○,132.2649438,34.30321792
特定福祉用具販売,安佐北区,3470110549,一般社団法人ワークサポート倶楽部広島,福祉用具サポート広島,731-0223,広島市安佐北区可部南四丁目１５番３１号,082-554-7733,825547734,現存,○,○,132.304511,34.30253415
特定福祉用具販売,安佐北区,3470108287,日本基準寝具株式会社,介護ショップエコールフジグラン高陽店,739-1742,広島市安佐北区亀崎一丁目２番３３号,082-841-4567,082-841-4568,現存,○,○,132.3125219,34.28537942
特定福祉用具販売,安佐北区,3470109301,株式会社まごころサポート,Ｒｅｎｔａｓ＋,731-0231,広島市安佐北区亀山三丁目２４番１７号,082-881-2620,082-881-2630,現存,○,○,132.2957929,34.31168694
特定福祉用具販売,安佐北区,3470106679,株式会社ライフケア,株式会社ライフケア広島支店,739-1731,広島市安佐北区落合一丁目２７番２９号,082-847-3059,082-847-3069,現存,○,○,132.3034997,34.28226208
特定福祉用具販売,安芸区,3470102181,医療法人社団長寿会,はたのリハビリ福祉用具貸与・販売事業所,739-0321,広島市安芸区中野五丁目１４番１０号,082-516-6008,082-516-6009,現存,○,○,132.3449757,34.24094477
特定福祉用具販売,安芸区,3470110408,合同会社アルファ,アルファ福祉用具,736-0083,広島市安芸区矢野東四丁目25番43－102号,082-573-3116,082-573-3117,現存,○,○,132.3220432,34.21071878
特定福祉用具販売,安芸区,3470101613,株式会社メディカルマサモリ,株式会社メディカルマサモリ,736-0083,広島市安芸区矢野東二丁目９番５号,082-888-2627,082-888-2649,現存,○,○,132.3223294,34.21378281
特定福祉用具販売,佐伯区,3470215611,ＭＡＮＹＰＥＯＰＬＥ株式会社,福祉用具メニーピープル広島,731-5101,広島市佐伯区五月が丘一丁目３３番３－４０１号,082-961-4067,082-961-4068,現存,○,○,132.2420732,34.25082002
特定福祉用具販売,佐伯区,3470211404,株式会社ネクサス,福祉用具貸与事業所キララ,731-5125,広島市佐伯区五日市駅前一丁目１１番５号,082-208-2608,082-943-4055,現存,○,○,132.2200879,34.22015145
特定福祉用具販売,佐伯区,3470203609,有限会社三恵,ウェルケア広島,731-5127,広島市佐伯区五日市七丁目１３番２８号フォーサイトビル・五日市１０２号,082-925-5010,082-925-5011,現存,○,○,132.2132179,34.22332603
特定福祉用具販売,佐伯区,3470215181,有限会社セカンド,ほがらか福祉用具,731-5127,広島市佐伯区五日市七丁目14番10号,082-299-0650,,現存,○,○,132.2137651,34.22318153
定期巡回・随時対応型訪問介護看護,中区,3470214648,有限会社アネシス,あっとほーむ２４,730-0804,広島市中区広瀬町3番29号,082-297-5350,,現存,○,,132.2644124,34.24023052
定期巡回・随時対応型訪問介護看護,中区,3490200783,サンキ・ウエルビィ株式会社,サンキ・ウエルビィ介護センター江波（定期・随時）,730-0834,広島市中区江波二本松一丁目１０番３号,082-208-5240,082-503-5852,現存,○,,132.2556887,34.22085381
定期巡回・随時対応型訪問介護看護,中区,3490201419,社会福祉法人IGL学園福祉会,IGL訪問サービス舟入２４,730-0847,広島市中区舟入南一丁目８番８号,082-235-3382,082-235-3384,現存,○,,132.2625576,34.22401141
定期巡回・随時対応型訪問介護看護,中区,3490200817,日本基準寝具株式会社,エコール２４中央,730-0049,広島市中区南竹屋町７番８号,082-207-1565,082-546-1327,現存,○,,132.2737981,34.22498765
定期巡回・随時対応型訪問介護看護,中区,3490201690,株式会社土屋,定期巡回サービス土屋広島,730-0044,広島市中区宝町５番１０号ウイング宝町サード１９０６号室,050-1808-4656,050-6865-4470,現存,○,,132.2743898,34.23075154
定期巡回・随時対応型訪問介護看護,東区,3490101320,株式会社LILE THE STYLE,ウィズユー,732-0033,広島市東区温品二丁目２２－９インターハイツパートナーマンション２０２号室,082-280-1122,082-280-5525,現存,○,,132.3026621,34.24136847
定期巡回・随時対応型訪問介護看護,東区,3490100512,株式会社ニックス,ニックスヘルパー・ナース２４,732-0046,広島市東区尾長東二丁目７番２８号,082-568-7300,082-261-8001,現存,○,,132.2917632,34.23530092
定期巡回・随時対応型訪問介護看護,西区,3490201252,広島中央保健生活協同組合,定期巡回・随時対応型訪問介護看護生協かんおん２４,733-0031,広島市西区観音町１６番１９号,082-563-8391,082-532-1257,現存,○,,132.2613547,34.23403548
定期巡回・随時対応型訪問介護看護,西区,3490201062,広島中央保健生活協同組合,定期巡回・随時対応型訪問介護看護生協くさつ２４,733-0861,広島市西区草津東一丁目１１番１９号,082-507-1222,082-273-6689,現存,○,,132.2422836,34.22437391
定期巡回・随時対応型訪問介護看護,安佐南区,3490200841,社会福祉法人ＩＧＬ学園福祉会,ＩＧＬ訪問サービス上安２４,731-0154,広島市安佐南区上安六丁目３１番２号,082-830-3324,082-830-3327,現存,○,,132.2641112,34.28595493
定期巡回・随時対応型訪問介護看護,安佐南区,3490101429,株式会社ソワン,ホームケアソワン,731-0113,広島市安佐南区西原４－３６－１３－１０８,082-578-2234,082-578-2280,現存,○,,132.275896,34.26038273
定期巡回・随時対応型訪問介護看護,安佐南区,3490201609,広島医療生活協同組合,定期巡回ふれあい協同,731-0113,広島市安佐南区西原九丁目８番２２号,082-555-1768,,現存,○,,132.2818936,34.26491555
定期巡回・随時対応型訪問介護看護,安佐南区,3490201518,医療法人好縁会,ふれあいケア２４西原,731-0113,広島市安佐南区西原八丁目１６番１６号１－１０１,082-555-5808,,現存,○,,132.2826905,34.26371256
定期巡回・随時対応型訪問介護看護,安佐南区,3490200833,株式会社不二ビルサービス,ふじケア２４川内,731-0102,広島市安佐南区川内一丁目１５番１号,082-831-2166,082-877-3363,現存,○,,132.2905451,34.27311674
定期巡回・随時対応型訪問介護看護,安佐南区,3490200890,特定非営利活動法人地域の絆,定期巡回・随時対応型訪問介護看護事業所川内,731-0102,広島市安佐南区川内五丁目１番４９号,082-846-6673,082-876-3120,現存,○,,132.2919605,34.28026839
定期巡回・随時対応型訪問介護看護,安佐南区,3490200718,日本基準寝具株式会社,エコール２４安佐南,731-0124,広島市安佐南区大町東一丁目１８番４4号,082-830-5010,082-830-5157,現存,○,,132.2755496,34.27112227
定期巡回・随時対応型訪問介護看護,安佐南区,3490201294,富士メディカル株式会社,メリィケア,731-3167,広島市安佐南区大塚西三丁目１番２０号,082-849-2326,082-849-2321,現存,○,,132.2330988,34.26463408
定期巡回・随時対応型訪問介護看護,安佐南区,3490201567,医療法人あすか,ヘルパーステーションあすか大町２４,731-0121,広島市安佐南区中須一丁目２６番１２号,082-879-1226,082-879-1168,現存,○,,132.2818028,34.27407473
定期巡回・随時対応型訪問介護看護,安佐北区,3490100710,日本基準寝具株式会社,エコール２４安佐北,739-1742,広島市安佐北区亀崎一丁目２番３３号,082-841-4550,082-841-4541,現存,○,,132.3125219,34.28537942
定期巡回・随時対応型訪問介護看護,安佐北区,3490101361,株式会社幸房,くらしさ介護ステーションたかとり,731-0211,広島市安佐北区三入六丁目１８番６号,082-516-4571,082-516-4572,現存,○,,132.3147402,34.32454283
定期巡回・随時対応型訪問介護看護,安佐北区,3490100769,医療法人社団あと会,ふかわ・くにくさ定期巡回・随時対応型訪問介護看護事業所,739-1752,広島市安佐北区上深川町１８６番地１,082-840-1840,082-840-3666,現存,○,,132.3309646,34.28239395
定期巡回・随時対応型訪問介護看護,安芸区,3490100892,株式会社ニックス,ニックス安芸ヘルパー・ナース２４,736-0082,広島市安芸区船越南二丁目６番６号,082-821-1333,082-821-2206,現存,○,,132.3117487,34.22248721
定期巡回・随時対応型訪問介護看護,安芸区,3490101460,シューペルブリアン株式会社,定期巡回・随時対応型訪問介護看護スープ矢野,736-0085,広島市安芸区矢野西四丁目３０番１８号,082-516-5567,082-516-6066,現存,○,,132.3125829,34.20580393
定期巡回・随時対応型訪問介護看護,佐伯区,3490201765,ＭＡＮＹ　ＰＥＯＰＬＥ株式会社,定期巡回メニーピープル広島西,731-5101,広島市佐伯区五月が丘一丁目３３番３－４０１号,082-961-4065,082-961-4068,現存,○,,132.2420732,34.25082002
定期巡回・随時対応型訪問介護看護,佐伯区,3490201682,シューペルブリアン株式会社,定期巡回・随時対応型訪問介護看護スープ五日市,731-5128,広島市佐伯区五日市中央五丁目１３番１６号,082-275-6431,082-275-4795,現存,○,,132.2111725,34.22257178
定期巡回・随時対応型訪問介護看護,佐伯区,3490201021,株式会社ニックス,ニックス佐伯ヘルパー・ナース２４,731-5144,広島市佐伯区三筋一丁目９番３号,082-942-1112,082-943-5070,現存,○,,132.2048556,34.21548458
定期巡回・随時対応型訪問介護看護,佐伯区,3490201724,広島中央保健生活協同組合,定期巡回・随時対応型訪問介護看護生協いつかいち２４,731-5141,広島市佐伯区千同一丁目２１番１６号,082-943-6511,082-943-6510,現存,○,,132.2107061,34.22369625
定期巡回・随時対応型訪問介護看護,佐伯区,3490201898,ほほえみ株式会社,ほほえみ広島西〔定期巡回・随時対応］,731-5115,広島市佐伯区八幡東四丁目２６番５号,082-927-6600,082-248-1500,現存,○,,132.2155382,34.23407061
夜間対応型訪問介護,東区,3490100033,株式会社ニックス,夜間対応型訪問介護ニックスヘルパー救急隊,732-0046,広島市東区尾長東二丁目７番２８号,082-568-7300,082-261-8001,現存,○,,132.2917632,34.23530092
夜間対応型訪問介護,西区,3490201260,広島中央保健生活協同組合,生協かんおん夜間対応ヘルパーステーション,733-0031,広島市西区観音町１６番１９号,082-563-8391,982-532-1257,現存,○,,132.2613547,34.23403548
夜間対応型訪問介護,西区,3490201245,広島中央保健生活協同組合,生協くさつ夜間対応ヘルパーステーション,733-0861,広島市西区草津東一丁目１１番１９号,082-507-1222,082-273-6689,現存,○,,132.2422836,34.22437391
夜間対応型訪問介護,安佐北区,3490100751,医療法人社団あと会,ふかわ・くにくさ夜間対応型訪問介護事業所,739-1752,広島市安佐北区上深川町１８６番地１,082-840-1840,082-840-3666,現存,○,,132.3309646,34.28239395
夜間対応型訪問介護,佐伯区,3490201096,株式会社ニックス,ニックス佐伯ヘルパー救急隊,731-5144,広島市佐伯区三筋一丁目９番３号,082-942-1112,082-943-5070,現存,○,,132.2048556,34.21548458
地域密着型通所介護,中区,3490201310,丸子硝子株式会社,リハビリデイサービスｎａｇｏｍｉ中区吉島店,730-0825,広島市中区光南一丁目１５番７号,082-546-0753,082-546-1753,現存,○,,132.2649493,34.22025831
地域密着型通所介護,中区,3470209994,あなぶきメディカルケア株式会社,アルファデイサービスセンター吉島通り,730-0825,広島市中区光南一丁目２番２３号,082-236-6186,082-545-2226,現存,○,,132.2654891,34.22087428
地域密着型通所介護,中区,3490201484,株式会社あいりす,療養通所介護あいりす,730-0825,広島市中区光南二丁目１１番４号,082-546-9037,082-249-3242,現存,○,,132.2643826,34.22051686
地域密着型通所介護,中区,3470210364,医療法人社団絆,デイサービス縁～ゆかり～,730-0825,広島市中区光南二丁目１番４号,082-543-5121,082-543-5123,現存,○,,132.2647407,34.22096135
地域密着型通所介護,中区,3470205711,有限会社クロストーン,光南デイサービスセンターすみれ,730-0825,広島市中区光南二丁目３番４６号,082-247-9808,082-247-9808,現存,○,,132.2642013,34.22103046
地域密着型通所介護,中区,3490201278,株式会社百合花,百合花デイサービス,730-0803,広島市中区広瀬北町８番１８号,082-208-1007,082-208-1017,現存,○,,132.2651549,34.24053009
地域密着型通所介護,中区,3490201013,株式会社オフィス心絆,こころねデイサービスセンター,730-0836,広島市中区江波栄町１１番２７号アテリエ１階,082-533-7987,082-533-7989,現存,○,,132.2546872,34.21525325
地域密着型通所介護,中区,3490201823,株式会社lai,デイサービス莱,730-0835,広島市中区江波南一丁目７番１６号,082-208-2107,,現存,○,,132.2602527,34.22013514
地域密着型通所介護,中区,3470207436,株式会社VIEW,デイサービスセンター赤とんぼ,730-0842,広島市中区舟入中町２番３８号パレ舟入１F,082-234-1470,082- 298-2528,現存,○,,132.2641269,34.23168687
地域密着型通所介護,中区,3490201385,グリーンライフ株式会社,グリーンライフ広島デイサービスセンター,730-0841,広島市中区舟入町３番９号,082-836-6781,082-836-6782,現存,○,,132.263857,34.23294455
地域密着型通所介護,中区,3490201906,株式会社ひまわりくらぶ,デイサービス向日葵,730-0847,広島市中区舟入南二丁目１番５号,082-532-1305,082-532-1306,現存,○,,132.262054,34.22485197
地域密着型通所介護,中区,3490201443,株式会社フルケア,レコードブック広島住吉町,730-0813,広島市中区住吉町８番１６号MTビル１階１号室,082-236-9690,082-236-9691,現存,○,,132.2655968,34.23014953
地域密着型通所介護,中区,3470205125,有限会社ケービジネス,デイサービスセンターまごころ,730-0046,広島市中区昭和町４番２７号ＨＫビル１Ｆ,082-242-0262,082-242-0262,現存,○,,132.2750238,34.23019498
地域密着型通所介護,中区,3470210034,リハコンテンツ株式会社,リハプライド広島千田,730-0052,広島市中区千田町一丁目５番１７号,082-543-4130,082-543-4131,現存,○,,132.2711374,34.22521763
地域密着型通所介護,中区,3470207154,医療法人社団わだ内科医院,わだ内科医院デイサービス,730-0051,広島市中区大手町五丁目７番１１号,082-240-8025,082-240-8025,現存,○,,132.2711397,34.22570274
地域密着型通所介護,中区,3490201633,大五産業株式会社,デイサービス未来おおうち大手町,730-0051,広島市中区大手町三丁目６番１２号おおうちビル３F,082-298-5258,082-298-0231,現存,○,,132.2715056,34.231592
地域密着型通所介護,中区,3470209259,株式会社エポカケアサービス,ご近所デイ千田町,730-0054,広島市中区南千田東町４番３２号１階,082-236-3010,082-236-6080,現存,○,,132.2727924,34.22270584
地域密着型通所介護,中区,3470207618,医療法人社団絆,デイサービスみなみたけやの湯,730-0049,広島市中区南竹屋町５番８号,082-504-9802,082-543-6025,現存,○,,132.2739212,34.22538019
地域密着型通所介護,中区,3490200940,株式会社ＬｅＣｉｅｌ,デイサービスセンターＬｉｂｅｒｔｅ,730-0049,広島市中区南竹屋町９番２３号,082-298-9889,082-298-9188,現存,○,,132.2741868,34.22503727
地域密着型通所介護,中区,3470203054,医療法人西村内科医院,富士見デイサービスセンター,730-0043,広島市中区富士見町２番２１号４階,082-244-6422,082-244-6422,現存,○,,132.2746046,34.2314628
地域密着型通所介護,東区,3470108154,株式会社ＬＩＬＥ　ＴＨＥ　ＳＴＹＬＥ,早稲田イーライフ温品,732-0033,広島市東区温品二丁目８番２４－９号,082-289-0066,082-280-5525,現存,○,,132.3020047,34.24150593
地域密着型通所介護,東区,3470107289,株式会社ハートアンサンブル,デイサービス梅の花,732-0068,広島市東区牛田新町３丁目５番２１号,082-836-4321,082-836-4320,現存,○,,132.2819018,34.2537498
地域密着型通所介護,東区,3470108444,株式会社ビッグサン,リハプライド広島不動院前,732-0068,広島市東区牛田新町四丁目４番２９号,082-516-7522,082-516-7568,現存,○,,132.282438,34.25472395
地域密着型通所介護,東区,3470108196,株式会社リアン,デイホームきらめき,732-0008,広島市東区戸坂くるめ木二丁目７番２８号,082-516-4621,082-516-4622,現存,○,,132.2851839,34.25540441
地域密着型通所介護,東区,3470103429,医療法人石田医院,デイサービスセンター青葉,732-0016,広島市東区戸坂出江二丁目１０番３１号,082-229-2562,082-229-2562,現存,○,,132.291811,34.26006494
地域密着型通所介護,東区,3470107537,株式会社アールプラス,活リハトパーズ戸坂,732-0014,広島市東区戸坂大上四丁目２１番７号,082-220-5211,082-220-5188,現存,○,,132.2946871,34.25263602
地域密着型通所介護,東区,3470108634,株式会社HCT,club sora 夕凪,732-0052,広島市東区光町二丁目１４番３３号花幸ビル１F,082-258-5707,082-258-5707,現存,○,,132.2901234,34.23580434
地域密着型通所介護,東区,3470108493,株式会社曙光,デイサービスこうこう,732-0048,広島市東区山根町３０番１３号,082-258-5541,082-258-1005,現存,○,,132.2852742,34.24095889
地域密着型通所介護,東区,3490101304,株式会社フューチャーブルーム,ほねつぎデイサービス中山東,732-0023,広島市東区中山東三丁目２番２号,082-508-4606,082-508-4607,現存,○,,132.3011305,34.24377171
地域密着型通所介護,東区,3470107610,株式会社L.S.I.,通所介護事業所かがやき中山東,732-0023,広島市東区中山東三丁目２番７号,082-508-4355,082-508-4711,現存,○,,132.3009489,34.24372678
地域密着型通所介護,東区,3470107321,株式会社あいウェル,アーチ尾長デイサービス,732-0046,広島市東区尾長東一丁目９番３号,082-569-5388,082-569-5389,現存,○,,132.2927076,34.23475608
地域密着型通所介護,東区,3470107065,株式会社みのり,デイサービスセンターみのり,732-0044,広島市東区矢賀新町四丁目１番７号,082-258-3371,082-258-3372,現存,○,,132.2953793,34.23301257
地域密着型通所介護,南区,3470107453,ＴＡＴ株式会社,わくわくハウス宇品,734-0015,広島市南区宇品御幸三丁目１番２２号山口ビル１階,082-259-3787,082-259-3788,現存,○,,132.275047,34.21498563
地域密着型通所介護,南区,3470107792,株式会社プライマリ・ケア,あるケア,734-0007,広島市南区皆実町１丁目１９番５号,082-258-2088,082-258-2088,現存,○,,132.2813932,34.22380821
地域密着型通所介護,南区,3470101712,社会福祉法人広島平和養老館,デイサービスセンターにのしま,734-0017,広島市南区似島町字東大谷３０７３番地の５,082-259-2709,082-259-2286,現存,○,,132.2635908,34.18276793
地域密着型通所介護,南区,3490101072,丸子硝子株式会社,リハビリデイサービスｎａｇｏｍｉ南区出汐店,734-0001,広島市南区出汐三丁目４番１号,082-250-0753,082-250-0754,現存,○,,132.2839965,34.22384853
地域密着型通所介護,南区,3490101239,株式会社さくらモンデックス,さくらデイサービス満天のリハ,732-0826,広島市南区松川町６番１６号第３佐野ビル１０１号,082-569-4545,082-569-4546,現存,○,,132.2824844,34.23226439
地域密着型通所介護,南区,3470105895,有限会社まごころネット,日和庵,734-0026,広島市南区仁保二丁目５番３９号,082-890-8025,082-890-8026,現存,○,,132.294821,34.22247148
地域密着型通所介護,南区,3490101296,株式会社こもれび,デイサービスセンターあさぎり,734-0005,広島市南区翠三丁目１３番２０号,082-567-5970,082-567-5971,現存,○,,132.2821155,34.22155225
地域密着型通所介護,南区,3490101502,株式会社おかえり,デイサービスみんなの家,734-0005,広島市南区翠三丁目６番３号檜山ビル１階,082-255-0320,082-255-0321,現存,○,,132.281794,34.22225645
地域密着型通所介護,南区,3470104617,有限会社百樹,高齢者総合福祉施設なだの郷デイサービス,734-0053,広島市南区青崎二丁目１６番１５号,082-281-3393,082-581-6171,現存,○,,132.3031698,34.22184695
地域密着型通所介護,南区,3470107412,有限会社バースト,デイサービスセンター丹那,734-0034,広島市南区丹那町２２番１０－５号,082-259-3366,082-259-3370,現存,○,,132.2841346,34.21584587
地域密着型通所介護,南区,3490101452,あいりは株式会社,アップスフィット広島,732-0814,広島市南区段原南一丁目３番５２号６階,082-569-6155,082-553-0728,現存,○,,132.2833742,34.23066068
地域密着型通所介護,南区,3490101049,株式会社サルート,とまと倶楽部だんばら,732-0811,広島市南区段原二丁目１５番２号,082-207-3540,082-207-3541,現存,○,,132.283489,34.23146489
地域密着型通所介護,南区,3490101023,株式会社こもれび,デイサービスセンターこもれびの杜,734-0022,広島市南区東雲二丁目１８番８号,082-510-1077,082-510-1088,現存,○,,132.2926254,34.22466221
地域密着型通所介護,南区,3470207030,株式会社玄玄,通所介護事業所玄玄,734-0022,広島市南区東雲二丁目７番１７号,082-890-6686,082-890-6687,現存,○,,132.2921005,34.22493405
地域密着型通所介護,南区,3490101015,ポシブル医科学株式会社,ポシブルＪＲ広島駅東店,732-0801,広島市南区東駅町１番５－５号,082-568-0775,082-568-0815,現存,○,,132.2847103,34.23439391
地域密着型通所介護,南区,3470105374,医療法人秋本外科クリニック,デイサービススクエアあきもと,734-0025,広島市南区東本浦町５番２２号,082-288-4114,082-288-4118,現存,○,,132.2916064,34.22320377
地域密着型通所介護,南区,3470104690,有限会社楽園,デイサービスセンター楽園,732-0816,広島市南区比治山本町７番３号,082-255-7773,082-256-2772,現存,○,,132.2821064,34.22506435
地域密着型通所介護,西区,3470211719,株式会社ファイト,リハプライド井口,733-0842,広島市西区井口五丁目２９番３号,082-533-7028,082-533-7029,現存,○,,132.2250556,34.21553949
地域密着型通所介護,西区,3470210620,株式会社シーズンモチベーション,デイサービス季楽井口,733-0842,広島市西区井口四丁目３５番２６号,082-942-5202,082-553-0310,現存,○,,132.2232893,34.22336521
地域密着型通所介護,西区,3470210646,合同会社にこにこ,デイサービスにこにこ倶楽部,733-0843,広島市西区井口鈴が台一丁目５番２２号,082-276-1202,082-276-1204,現存,○,,132.225556,34.22266729
地域密着型通所介護,西区,3490201559,Ｅｍａｐｓ株式会社,ほねつぎデイサービス観音,733-0031,広島市西区観音町１６番９号,082-533-8220,082-533-8232,現存,○,,132.2615277,34.23413743
地域密着型通所介護,西区,3470208632,特定非営利活動法人もちもちの木,デイサービス古田のおうち,733-0873,広島市西区古江新町８番３２号,082-272-2701,082-299-0010,現存,○,,132.2437748,34.2303964
地域密着型通所介護,西区,3490201237,医療法人社団石田内科,おれんじ己斐上てらす,733-0815,広島市西区己斐上四丁目２６番１号,082-554-5725,082-554-5726,現存,○,,132.250603,34.24361691
地域密着型通所介護,西区,3470206859,医療法人社団石田内科,デイサービスおれんじ,733-0815,広島市西区己斐上二丁目１１番３号,082-272-2134,082-272-2335,現存,○,,132.250953,34.24185577
地域密着型通所介護,西区,3490201187,ＴＡＴ株式会社,わくわくハウス己斐,733-0813,広島市西区己斐中三丁目３９番２５号,082-554-5560,082-554-5561,現存,○,,132.2528935,34.24171754
地域密着型通所介護,西区,3490200924,丸子硝子株式会社,リハビリデイサービスnagomi西区己斐店,733-0812,広島市西区己斐本町二丁目１８番２８号,082-507-0753,082-507-1753,現存,○,,132.252808,34.23327509
地域密着型通所介護,西区,3470209549,ＴＡＴ株式会社,わくわくハウス庚午,733-0822,広島市西区庚午中四丁目１９番２６号,082-507-6166,082-507-6166,現存,○,,132.2446881,34.22538362
地域密着型通所介護,西区,3470211255,株式会社L.S.I.,通所介護事業所かがやき高須,733-0871,広島市西区高須四丁目１２番２２号,082-942-5953,082-942-5954,現存,○,,132.2452606,34.2343538
地域密着型通所介護,西区,3470209648,社会福祉法人グリーンコープ,デイサービスセンター夢＊グリーン,733-0871,広島市西区高須二丁目２番２８号,082-942-5821,082-942-5832,現存,○,,132.2453204,34.2327208
地域密着型通所介護,西区,3470210729,ＴＡＴ株式会社,わくわくハウス横川,733-0003,広島市西区三篠町三丁目１２番１５号,082-509-1101,082-509-1141,現存,○,,132.271208,34.24550356
地域密着型通所介護,西区,3470106539,株式会社サイプレス,デイサービスセンターやまぼうし,733-0006,広島市西区三篠北町１８番４－２０１号,082-238-2846,082-230-1936,現存,○,,132.2720637,34.250366
地域密着型通所介護,西区,3470210927,株式会社アイ・テック,ふれあいデイサービス・広島西,733-0834,広島市西区草津新町一丁目４番１３号吉田ビル１０１,082-275-4570,082-275-4571,現存,○,,132.2418711,34.22316113
地域密着型通所介護,西区,3490201807,アースサポート株式会社,アースサポート広島,733-0004,広島市西区打越町１２番２１号,082-239-6811,082-239-6722,現存,○,,132.2657832,34.24397826
地域密着型通所介護,西区,3470208871,株式会社ｙａｓａｓｈｉｏ,三ツ星デイサービスセンター,733-0004,広島市西区打越町１２番６号サンパレスマツモト２階,082-962-6297,082-962-6298,現存,○,,132.2658277,34.24386226
地域密着型通所介護,西区,3490201377,株式会社アクアルーセント,ポシブル広島西,733-0001,広島市西区大芝一丁目１９番２５号,082-238-8870,082-238-8871,現存,○,,132.2724969,34.25062184
地域密着型通所介護,西区,3470211883,ＴＡＴ株式会社,わくわくハウス天満町,733-0022,広島市西区天満町１９番７号,082-942-4955,082-942-4956,現存,○,,132.2629683,34.23425224
地域密着型通所介護,西区,3470210208,株式会社グランドジェネレーション,縁がわデイひなたぼっこ,733-0035,広島市西区南観音一丁目２番１６号,082-942-1930,082-942-1988,現存,○,,132.260706,34.23041903
地域密着型通所介護,西区,3470204961,有限会社大堀学園,でいさーびす・ちゅーりっぷ,733-0002,広島市西区楠木町三丁目１３番３６号,082-537-0511,082-537-0516,現存,○,,132.2732294,34.24403028
地域密着型通所介護,西区,3470214689,社会福祉法人ひろしま四季の会,デイサービスセンターこころ楠木,733-0002,広島市西区楠木町四丁目16番6号,082-237-1055,082-237-1066,現存,○,,132.2729204,34.24538485
地域密着型通所介護,西区,3470211644,社会福祉法人ともえ福祉会,デイサービスともの家,733-0852,広島市西区鈴が峰町４１番１８号,082-270-0145,082-270-0146,現存,○,,132.2334804,34.22482807
地域密着型通所介護,安佐南区,3470208590,合同会社ＦＩＮＥ,リハビリデイサービスＤｏ！たなか,731-0138,広島市安佐南区祇園一丁目１４番７号,082-871-5177,082-871-5177,現存,○,,132.2748104,34.26135918
地域密着型通所介護,安佐南区,3490201757,株式会社ドエル,デイサービス笑夢,731-0138,広島市安佐南区祇園二丁目５番１５号,082-846-1300,082-846-1313,現存,○,,132.2804441,34.26482919
地域密着型通所介護,安佐南区,3470210653,株式会社ウィズケアサービス,デイサービスつどい高取,731-0144,広島市安佐南区高取北四丁目４１番１７号,082-832-8070,082-832-8071,現存,○,,132.2550384,34.28456744
地域密着型通所介護,安佐南区,3470210398,ＶＯＬＯ株式会社,デイサービスほうじゃね上安,731-0154,広島市安佐南区上安五丁目３０番１２号,082-872-6316,082-962-6770,現存,○,,132.2704715,34.29155167
地域密着型通所介護,安佐南区,3470207717,株式会社地主クリニカルサポート,在宅介護支援センターデイサービスたまゆら,731-0113,広島市安佐南区西原一丁目１番８号,082-850-0016,082-850-0017,現存,○,,132.2757412,34.26159004
地域密着型通所介護,安佐南区,3490201716,株式会社ＥｎＳｏｕ,健康ストレッチデイサービスメディスポ,731-0113,広島市安佐南区西原五丁目７番８－１０１号,082-209-0803,082-209-0803,現存,○,,132.280825,34.26425387
地域密着型通所介護,安佐南区,3470211362,社会福祉法人グリーンコープ,デイサービスセンター楓＊グリーン,731-0102,広島市安佐南区川内六丁目２０番５号,082-555-8341,082-870-3020,現存,○,,132.2924675,34.28185534
地域密着型通所介護,安佐南区,3470203641,医療法人社団渓流会,デイサービスひまわり,731-0141,広島市安佐南区相田一丁目１０番８号,082-878-8096,082-878-8404,現存,○,,132.272179,34.28158322
地域密着型通所介護,安佐南区,3490201864,富士メディカル株式会社,元気が出るメリィデイサービス相田,731-0141,広島市安佐南区相田二丁目６番９号,082-832-8332,082-832-8333,現存,○,,132.2701815,34.28228428
地域密着型通所介護,安佐南区,3490200999,そらメディカルケア株式会社,機能訓練デイそらメディカルケア大町,731-0124,広島市安佐南区大町東三丁目２１番２２号,082-870-5505,082-870-5505,現存,○,,132.2802377,34.27565459
地域密着型通所介護,安佐南区,3470211354,株式会社KD.SEVEN,ゆめか大町,731-0124,広島市安佐南区大町東四丁目７番５号,082-554-0855,082-554-0866,現存,○,,132.2751323,34.28055213
地域密着型通所介護,安佐南区,3470206867,株式会社サルート,デイサービスセンターとまとおおまち,731-0124,広島市安佐南区大町東二丁目１番１２号,082-877-6300,082-877-9610,現存,○,,132.2815595,34.27477738
地域密着型通所介護,安佐南区,3490201286,株式会社ビッグサン,リハプライド・中筋,731-0122,広島市安佐南区中筋一丁目１６番８号,082-962-5886,082-962-5887,現存,○,,132.2831943,34.26552253
地域密着型通所介護,安佐南区,3470211420,有限会社あらき鍼灸整骨院,リハビリデイサービスあらき,731-0122,広島市安佐南区中筋三丁目６番２３号,082-209-8830,082-209-8830,現存,○,,132.284575,34.27166295
地域密着型通所介護,安佐南区,3470211388,有限会社みこころ,みこころデイサービスセンター,731-0135,広島市安佐南区長束六丁目４番１号,082-874-3556,082-874-3941,現存,○,,132.2726818,34.26049594
地域密着型通所介護,安佐南区,3470210968,株式会社ＳＯＣサポート,デイサービスセンター佐々木整形外科クリニック,731-3165,広島市安佐南区伴中央二丁目８番７号,082-962-8520,082-962-8547,現存,○,,132.2406874,34.27465299
地域密着型通所介護,安佐南区,3490201229,株式会社絆,リハプライド大原駅前,731-3164,広島市安佐南区伴東七丁目５５番９号,082-848-8817,082-848-8818,現存,○,,132.2445743,34.27463392
地域密着型通所介護,安佐南区,3490201336,社会福祉法人ぐくる,通所介護事業所若葉台,731-3163,広島市安佐南区伴北七丁目３２番２７号,082-849-0861,082-848-5078,現存,○,,132.2411924,34.29055682
地域密着型通所介護,安佐南区,3490201468,そらメディカルケア株式会社,日常生活リハそらメディカルケア毘沙門台,731-0152,広島市安佐南区毘沙門台四丁目１８番７号,082-879-1923,082-879-1923,現存,○,,132.27399,34.29033545
地域密着型通所介護,安佐南区,3490201476,株式会社トラスティサポート,リハビリサロンおひさま,731-0103,広島市安佐南区緑井一丁目１０番７号,082-836-6000,082-836-6002,現存,○,,132.2838073,34.27526449
地域密着型通所介護,安佐南区,3490201153,株式会社アテック,ほねつぎデイサービス緑井,731-0103,広島市安佐南区緑井三丁目１５番２７号,082-554-0058,082-554-0059,現存,○,,132.280106,34.28094273
地域密着型通所介護,安佐北区,3470106356,社会福祉法人ＩＧＬ学園福祉会,ＩＧＬデイサービスあさひが丘,731-3361,広島市安佐北区あさひが丘三丁目１８番１３－７号,082-810-4788,082-810-4766,現存,○,,132.261168,34.30224101
地域密着型通所介護,安佐北区,3490101437,富士メディカル株式会社,元気が出るメリィデイサービス可部,731-0221,広島市安佐北区可部一丁目１６番１５号,082-819-0280,082-819-0281,現存,○,,132.3027728,34.30470573
地域密着型通所介護,安佐北区,3470106364,ＶＯＬＯ株式会社,デイサービスほうじゃね可部,731-0221,広島市安佐北区可部一丁目６番１６号,082-847-3240,082-847-3241,現存,○,,132.3019037,34.30558099
地域密着型通所介護,安佐北区,3490101494,合同会社LUX,Fuu,731-0221,広島市安佐北区可部五丁目９番６号,080-3114-4832,,現存,○,,132.3031117,34.31148861
地域密着型通所介護,安佐北区,3490101411,株式会社アネッロ,ほねつぎデイサービス可部,731-0223,広島市安佐北区可部南二丁目２番２８号,082-562-2413,082-562-2414,現存,○,,132.3054113,34.30184167
地域密着型通所介護,安佐北区,3490101056,株式会社プレモ．ネット,デイサービスセンター可部きらり,731-0223,広島市安佐北区可部南二丁目４番２０号,082-909-2260,082-909-2261,現存,○,,132.3057379,34.30166905
地域密着型通所介護,安佐北区,3490101205,合同会社alfo,宅老所となりん家,731-0221,広島市安佐北区可部二丁目１番３号,090-8249-8684,,現存,○,,132.3050472,34.30549866
地域密着型通所介護,安佐北区,3470104179,広島医療生活協同組合,あすなろ生協診療所デイサービス,739-1734,広島市安佐北区口田一丁目１０番１号,082-841-2021,082-845-6073,現存,○,,132.2943175,34.27392768
地域密着型通所介護,安佐北区,3470103882,生活協同組合ひろしま,コープデイサービス高陽<自悠館>,739-1733,広島市安佐北区口田南七丁目３１番５号,082-845-2725,082-845-2767,現存,○,,132.3008806,34.2740781
地域密着型通所介護,安佐北区,3490100918,Ｂｅ　ｔｈｅ　ｌｉｇｈｔ　株式会社,デイサービスセンターくるみ,739-1733,広島市安佐北区口田南八丁目１７番１８号メロウリストビル１０２号室,082-554-6540,082-554-6535,現存,○,,132.3021886,34.27478508
地域密着型通所介護,安佐北区,3490101114,株式会社 希翼,希の実,731-0211,広島市安佐北区三入一丁目８番１９号,082-847-5885,082-847-5886,現存,○,,132.311521,34.32091543
地域密着型通所介護,安佐北区,3470106968,株式会社希翼,絵手がみ,731-0211,広島市安佐北区三入一丁目８番２号,082-847-6870,082-847-6872,現存,○,,132.3116772,34.32087247
地域密着型通所介護,安佐北区,3470101514,医療法人ひまわり会,デイサービスセンターあゆみ,731-0212,広島市安佐北区三入東一丁目３０番２１号,082-818-1162,082-818-1120,現存,○,,132.3230498,34.3205546
地域密着型通所介護,安佐北区,3490101122,有限会社しみず,デイサービスセンターたんぽぽ,739-1412,広島市安佐北区白木町小越３００番地,082-828-7930,082-828-7934,現存,○,,132.3951271,34.33112577
地域密着型通所介護,安佐北区,3490101379,株式会社リコプラス,リハ美リデイサービスリコ,739-1731,広島市安佐北区落合二丁目１９番６－１０５号,090-3638-6099,,現存,○,,132.3030251,34.28485515
地域密着型通所介護,安芸区,3470101738,医療法人社団長寿会,はたのリハビリデイサービスセンター,739-0321,広島市安芸区中野五丁目１３番２８号,082-892-3535,082-893-3737,現存,○,,132.3450054,34.24085142
地域密着型通所介護,安芸区,3470103502,有限会社島田,サービスステーション庵寿,736-0089,広島市安芸区畑賀町４０８２番地の１,082-827-0504,082-827-0595,現存,○,,132.3249239,34.23361378
地域密着型通所介護,佐伯区,3470210232,医療法人松村循環器・外科医院,まつむらデイサービスぽぴー,731-5136,広島市佐伯区楽々園四丁目6番10号,082-275-5002,082-275-5003,現存,○,,132.2110454,34.21481595
地域密着型通所介護,佐伯区,3490200908,株式会社シーズンモチベーション,デイサービス季楽五月,731-5101,広島市佐伯区五月が丘一丁目１２番１１号,082-942-5202,082-553-0310,現存,○,,132.2408331,34.25050284
地域密着型通所介護,佐伯区,3470211974,株式会社シーズンモチベーション,デイサービス季楽・リハ,731-5127,広島市佐伯区五日市一丁目４番１０号,082-942-5202,082-553-0310,現存,○,,132.2134384,34.21583893
地域密着型通所介護,佐伯区,3470205141,株式会社ウェル,デイサービスあおぞら,731-5127,広島市佐伯区五日市七丁目８番４１号,082-943-1165,082-923-8237,現存,○,,132.2136952,34.22393925
地域密着型通所介護,佐伯区,3470209598,株式会社シーズンモチベーション,デイサービス季楽・リハ五日市中央,731-5128,広島市佐伯区五日市中央一丁目３番２５号,082-942-5202,082-922-3730,現存,○,,132.2104963,34.22033296
地域密着型通所介護,佐伯区,3490201674,社会福祉法人三篠会,デイサービスセンター鈴が峰,731-5122,広島市佐伯区五日市町皆賀１０４番地２７,082-943-8888,082-924-9032,現存,○,,132.2220531,34.22524974
地域密着型通所介護,佐伯区,3470211412,株式会社つなぐ,デイサービスなかごう,731-5151,広島市佐伯区五日市町上河内７２１番１,082-208-3315,082-208-3321,現存,○,,132.2119084,34.24588526
地域密着型通所介護,佐伯区,3470210158,株式会社ラフラインズ,一期一縁広島,731-5142,広島市佐伯区坪井三丁目７１番１号,082-275-5440,082-275-5441,現存,○,,132.2020541,34.22474681
地域密着型通所介護,佐伯区,3490201666,株式会社シーズンモチベーション,デイサービス季楽・リハ八幡,731-5115,広島市佐伯区八幡東三丁目25番14ー1号,082-942-5202,,現存,○,,132.2151358,34.23055226
認知症対応型通所介護,東区,3490100355,社会福祉法人うすい会広島光明学園,デイサービス光明牛田新町,732-0068,広島市東区牛田新町三丁目２０番１５号,082-222-3223,082-222-3238,現存,○,○,132.2805699,34.25252722
認知症対応型通所介護,東区,3490100280,社会福祉法人うすい会広島光明学園,デイサービス光明早稲田,732-0062,広島市東区牛田早稲田二丁目４番１５号,082-222-7002,082-222-7002,現存,○,○,132.2836902,34.24535219
認知症対応型通所介護,南区,3490101486,有限会社まごころネット,和み庵,734-0026,広島市南区仁保二丁目５番３９号,082-207-0022,082-890-8026,現存,○,○,132.294821,34.22247148
認知症対応型通所介護,西区,3490200528,株式会社ニチイ学館,ニチイケアセンター南観音,733-0035,広島市西区南観音二丁目９番１９号,082-532-1801,082-532-1802,現存,○,○,132.2551698,34.22574803
認知症対応型通所介護,西区,3470214689,社会福祉法人ひろしま四季の会,デイサービスセンターこころ楠木,733-0002,広島市西区楠木町四丁目16番6号,082-237-1055,082-237-1066,現存,○,○,132.2729204,34.24538485
認知症対応型通所介護,安佐南区,3490200114,社会福祉法人慈光会,デイサービスセンターいついき上安慈光園,731-0154,広島市安佐南区上安二丁目２３番５号,082-878-8600,082-878-8711,現存,○,○,132.2643023,34.28306775
認知症対応型通所介護,安佐南区,3490200510,株式会社ニチイ学館,ニチイケアセンター広島川内,731-0102,広島市安佐南区川内五丁目１６番３号,082-831-3631,082-831-3632,現存,○,○,132.2901696,34.2808546
認知症対応型通所介護,安佐南区,3490200551,株式会社ニチイ学館,ニチイケアセンター広島長楽寺,731-0143,広島市安佐南区長楽寺一丁目２４番１７号,082-830-3731,082-830-3732,現存,○,○,132.2552044,34.28293365
認知症対応型通所介護,安佐南区,3490200387,社会福祉法人慈光会,デイサービスセンター東原慈光園そよかぜ,731-0112,広島市安佐南区東原三丁目１４番４号,082-850-1108,082-850-1107,現存,○,○,132.2850864,34.26522611
認知症対応型通所介護,安佐南区,3490200775,株式会社ニチイ学館,ニチイケアセンター広島東原,731-0112,広島市安佐南区東原二丁目８番１２号,082-832-3025,082-832-3026,現存,○,○,132.2853673,34.26354387
認知症対応型通所介護,安佐北区,3490101288,株式会社プレモ.ネット,デイサービスセンターゆめきらり,731-0223,広島市安佐北区可部南五丁目１５番１６号,090-9509-2003,082-815-3201,現存,○,○,132.3049871,34.3018815
認知症対応型通所介護,安佐北区,3490100553,社会福祉法人正仁会,デイサービスセンターなごみの郷亀山,731-0231,広島市安佐北区亀山三丁目４番１２号,082-819-3725,082-812-2183,現存,○,○,132.2958315,34.31254582
認知症対応型通所介護,安佐北区,3490100413,株式会社ニチイ学館,ニチイケアセンター可部,731-0231,広島市安佐北区亀山二丁目１５番３３号,082-819-3531,082-819-3532,現存,○,○,132.3005221,34.31092377
認知症対応型通所介護,安佐北区,3470102835,社会福祉法人正仁会,なごみの郷通所介護事業所,739-1732,広島市安佐北区落合南町１９６番１,082-841-1333,082-841-1336,現存,○,○,132.3050388,34.27419963
認知症対応型通所介護,安芸区,3470104500,有限会社もえぎ,デイサービスもえぎ,736-0082,広島市安芸区船越南二丁目２０番５号,082-821-2262,082-823-6010,現存,○,○,132.3127791,34.22195485
認知症対応型通所介護,安芸区,3490101007,社会福祉法人共助会,デイサービス畑賀時計台,736-0088,広島市安芸区畑賀二丁目２３番３３号,082-820-6190,082-820-6191,現存,○,○,132.3309018,34.23267562
認知症対応型通所介護,佐伯区,3490201369,株式会社エポカケアサービス,共用型デイサービス五日市・みどりの家,731-5128,広島市佐伯区五日市中央五丁目１番１８号,082-554-5701,082-922-7454,現存,○,○,132.2127301,34.22309519
認知症対応型通所介護,佐伯区,3470201298,社会福祉法人慈光会,デイサービスセンター石内慈光園,731-5102,広島市佐伯区五日市町石内６４０５番地の１,082-926-0066,082-929-0200,現存,○,○,132.2204865,34.24138589
小規模多機能型居宅介護,中区,3490201534,社会福祉法人福祉広医会,悠悠タウン基町小規模多機能型居宅介護事業所,730-0011,広島市中区基町１８番２－１号,082-511-3155,,現存,○,○,132.2719312,34.24109183
小規模多機能型居宅介護,中区,3490200668,サンキ・ウエルビィ株式会社,サンキ・ウエルビィ小規模多機能センター吉島,730-0825,広島市中区光南四丁目５番１号,082-259-3102,082-247-6021,現存,○,○,132.2646931,34.21588843
小規模多機能型居宅介護,中区,3490200619,サンキ・ウエルビィ株式会社,サンキ・ウエルビィ小規模多機能センター江波,730-0834,広島市中区江波二本松一丁目１０番３号,082-208-5232,082-503-5852,現存,○,○,132.2556887,34.22085381
小規模多機能型居宅介護,中区,3490200080,株式会社松広,小規模多機能ホーム舟入,730-0845,広島市中区舟入川口町１７番４号,082-292-5703,082-296-3042,現存,○,○,132.2630774,34.2249047
小規模多機能型居宅介護,東区,3490100074,社会福祉法人広島常光福祉会,総合ケアげんき,732-0031,広島市東区馬木四丁目２１２２番地の１,082-883-0338,082-883-0208,現存,○,○,132.3157246,34.2618705
小規模多機能型居宅介護,東区,3490101031,株式会社ニックス,ニックスマルチケア東,732-0046,広島市東区尾長東二丁目６番２２－１０１号,082-258-3330,082-209-1335,現存,○,○,132.2916921,34.23503376
小規模多機能型居宅介護,南区,3490100496,株式会社リアン,小規模多機能型ホームでしお,734-0001,広島市南区出汐一丁目４番１６号,082-250-1630,082-250-1631,現存,○,○,132.283593,34.22489214
小規模多機能型居宅介護,南区,3490100819,有限会社慈恵コーポレイション,小規模多機能型居宅介護憩,734-0005,広島市南区翠四丁目７番３８号,082-569-5087,082-255-2926,現存,○,○,132.2820483,34.22083123
小規模多機能型居宅介護,南区,3490100561,有限会社百樹,小規模多機能ホームなだの郷,734-0053,広島市南区青崎二丁目１５番２号,082-236-1523,082-581-6171,現存,○,○,132.3030816,34.22183914
小規模多機能型居宅介護,西区,3490201070,株式会社エポカケアサービス,小規模多機能ホーム鈴が台・みどりの家,733-0843,広島市西区井口鈴が台一丁目１１番１９号,082-961-5710,082-961-5750,現存,○,○,132.2256118,34.22226616
小規模多機能型居宅介護,西区,3490200981,合同会社ＳＯＡＲ,ワンズホーム,733-0813,広島市西区己斐中一丁目３番１８－４号,082-272-2250,082-272-2251,現存,○,○,132.2542864,34.23565409
小規模多機能型居宅介護,西区,3490201591,株式会社エポカケアサービス,小規模多機能ホーム庚午・みどりの家,733-0821,広島市西区庚午北二丁目５番５号,082-299-2729,082-271-1160,現存,○,○,132.2514921,34.23306535
小規模多機能型居宅介護,西区,3490200353,社会福祉法人燈心会,小規模多機能ホームあかり,733-0802,広島市西区三滝本町二丁目１番１－２７号,082-230-5288,082-237-8813,現存,○,○,132.2658506,34.2510163
小規模多機能型居宅介護,西区,3490201427,生活協同組合ひろしま,コープ小規模多機能・田方,733-0851,広島市西区田方一丁目２０番２１－２２号,082-275-6998,082-273-1455,現存,○,○,132.2354295,34.23048418
小規模多機能型居宅介護,西区,3490200056,生活協同組合ひろしま,コープ小規模多機能観音〈ねぎ畑〉,733-0035,広島市西区南観音五丁目１２番９号,082-532-0813,082-296-8001,現存,○,○,132.2525761,34.22529852
小規模多機能型居宅介護,安佐南区,3490200262,株式会社松広,小規模多機能ホームなのか,731-0123,広島市安佐南区古市三丁目４番５号,082-831-1620,082-876-5681,現存,○,○,132.2809757,34.27072665
小規模多機能型居宅介護,安佐南区,3490200932,株式会社サルート,小規模多機能ホームとまとやすにし,731-0142,広島市安佐南区高取南一丁目２６番２１号,082-555-2580,082-555-0630,現存,○,○,132.2616542,34.28168112
小規模多機能型居宅介護,安佐南区,3490200411,サンキ・ウエルビィ株式会社,サンキ・ウエルビィ　小規模多機能センター祇園,731-0137,広島市安佐南区山本四丁目11番24号,082-962-2662,082-875-5700,現存,○,○,132.2655613,34.26151414
小規模多機能型居宅介護,安佐南区,3490200973,広島医療生活協同組合,小規模多機能ふれあい協同,731-0113,広島市安佐南区西原九丁目８番２２号,082-555-5188,082-555-4133,現存,○,○,132.2818936,34.26491555
小規模多機能型居宅介護,安佐南区,3490200882,特定非営利活動法人地域の絆,小規模多機能型居宅介護事業所川内,731-0102,広島市安佐南区川内五丁目１番４９号,082-846-6674,082-876-3120,現存,○,○,132.2919605,34.28026839
小規模多機能型居宅介護,安佐南区,3490201120,株式会社松広,小規模多機能ホームおおまち,731-0124,広島市安佐南区大町東二丁目１１番４－２号,082-554-0551,082-879-0508,現存,○,○,132.2807592,34.27367631
小規模多機能型居宅介護,安佐南区,3490200569,医療法人信愛会,高齢者用福祉施設めぞん大塚,731-3167,広島市安佐南区大塚西三丁目３番２５号,082-848-7800,082-848-7866,現存,○,○,132.2345725,34.26335029
小規模多機能型居宅介護,安佐南区,3490200346,社会福祉法人ＩＧＬ学園福祉会,ＩＧＬ小規模多機能型居宅介護西風新都,731-3167,広島市安佐南区大塚西二丁目５番８号,082-848-3363,082-848-3314,現存,○,○,132.2403927,34.26388309
小規模多機能型居宅介護,安佐南区,3490200437,株式会社ニチイ学館,ニチイケアセンター広島東原,731-0112,広島市安佐南区東原二丁目８番１２号,082-832-3020,082-874-5156,現存,○,○,132.2853673,34.26354387
小規模多機能型居宅介護,安佐南区,3490200874,有限会社サカコーポレーション,小規模多機能センター緑井,731-0103,広島市安佐南区緑井七丁目５番１１号,082-962-6541,082-962-7789,現存,○,○,132.2852146,34.28219076
小規模多機能型居宅介護,安佐南区,3490200098,医療法人あすか,小規模多機能型居宅介護事業所つどいの家,731-0103,広島市安佐南区緑井二丁目１２番２５号,082-870-6704,082-879-3190,現存,○,○,132.2813087,34.28035297
小規模多機能型居宅介護,安佐北区,3490100231,医療法人秀仁会,小規模多機能施設菜の花,731-0215,広島市安佐北区可部町南原３４０番地１,082-818-6006,082-562-2127,現存,○,○,132.3055824,34.32428961
小規模多機能型居宅介護,安佐北区,3490100728,社会福祉法人可部大文字会,小規模多機能センター山まゆ,731-0223,広島市安佐北区可部南三丁目１０番１９号,082-819-0024,082-815-3778,現存,○,○,132.3056941,34.30059417
小規模多機能型居宅介護,安佐北区,3490100777,特定非営利活動法人かべ工房村,縁が和,731-0232,広島市安佐北区亀山南二丁目３番２７号,082-819-1750,082-819-1751,現存,○,○,132.2948465,34.31047065
小規模多機能型居宅介護,安佐北区,3490100645,株式会社サルート,小規模多機能ホームとまとあきやぐち,739-1734,広島市安佐北区口田一丁目１６番３８号,082-516-6701,082-845-5595,現存,○,○,132.2945569,34.27503694
小規模多機能型居宅介護,安佐北区,3490101262,社会福祉法人　三篠会,小規模多機能型居宅介護事業所SHIRAKI梯,739-1412,広島市安佐北区白木町小越2番,082-516-5514,,現存,○,○,132.3945771,34.32593294
小規模多機能型居宅介護,安佐北区,3490100884,有限会社サカコーポレーション,小規模多機能センター落合南,739-1732,広島市安佐北区落合南九丁目５番２０号,082-843-4165,082-843-4168,現存,○,○,132.3130743,34.28345776
小規模多機能型居宅介護,安芸区,3490100991,社会福祉法人香南会,小規模多機能型居宅介護響,736-0085,広島市安芸区矢野西三丁目１番１１号,082-516-5791,082-516-5792,現存,○,○,132.3130028,34.20547429
小規模多機能型居宅介護,佐伯区,3490201112,有限会社咲楽,小規模多機能型居宅介護施設佐伯・楽々苑,731-5136,広島市佐伯区楽々園二丁目１番３４号,082-921-7767,082-924-1220,現存,○,○,132.2109517,34.21507998
小規模多機能型居宅介護,佐伯区,3490201328,株式会社エポカケアサービス,小規模多機能ホーム五日市・みどりの家,731-5128,広島市佐伯区五日市中央五丁目１番１８号,082-554-5702,082-922-7454,現存,○,○,132.2127301,34.22309519
小規模多機能型居宅介護,佐伯区,3490201500,シューペルブリアン株式会社,小規模多機能型居宅介護施設輝きゆきの家,738-0512,広島市佐伯区湯来町白砂４２３番地２,0829-40-5353,0829-40-5355,休止,○,○,132.1655218,34.24574181
小規模多機能型居宅介護,佐伯区,3490200122,株式会社アイリーフ,小規模多機能アイリーフ八幡の里,731-5116,広島市佐伯区八幡二丁目２３番１５号,082-926-2757,082-926-2758,現存,○,○,132.2119397,34.23228596
小規模多機能型居宅介護,佐伯区,3490201815,株式会社Ｓａｎｓｕｉ,介護の助さん薬師が丘,731-5154,広島市佐伯区薬師が丘三丁目５番３１号,082-942-1526,082-942-1537,現存,○,○,132.205522,34.23488636
認知症対応型共同生活介護,中区,3470205588,株式会社広島厚生会,グループホーム広島萬象園,730-0814,広島市中区羽衣町１番２６号,082-246-3260,082-246-3263,現存,○,○,132.2656226,34.22539999
認知症対応型共同生活介護,中区,3490200676,サンキ・ウエルビィ株式会社,サンキ・ウエルビィグループホーム吉島,730-0825,広島市中区光南四丁目５番１号,082-259-3103,082-247-6022,現存,○,○,132.2646931,34.21588843
認知症対応型共同生活介護,中区,3490200809,株式会社冨山学園,グループホームほのぼの苑光南,730-0825,広島市中区光南二丁目２０番１５号,082-247-2080,082-247-2081,現存,○,○,132.2634744,34.2205633
認知症対応型共同生活介護,中区,3490201583,フライングスタート合同会社,グループホーム光南あおぞら,730-0825,広島市中区光南二丁目３番４６号,082-249-6602,082-249-7580,休止,○,○,132.2642013,34.22103046
認知症対応型共同生活介護,中区,3490200965,株式会社サルート,グループホームとまとえばにし,730-0831,広島市中区江波西二丁目８番６号,082-208-1277,082-208-1288,現存,○,○,132.2545477,34.22097336
認知症対応型共同生活介護,中区,3490200601,サンキ・ウエルビィ株式会社,サンキ・ウエルビィグループホーム江波,730-0834,広島市中区江波二本松一丁目１０番３号,082-208-5237,082-203-6470,現存,○,○,132.2556887,34.22085381
認知症対応型共同生活介護,中区,3490200635,株式会社冨山学園,グループホームほのぼの苑江波気象台入口,730-0834,広島市中区江波二本松二丁目１０番２２号,082-295-5575,082-295-5574,現存,○,○,132.255218,34.21561843
認知症対応型共同生活介護,中区,3470202569,株式会社松広,グループホーム舟入,730-0845,広島市中区舟入川口町１７番４号,082-296-6633,082-296-3042,現存,○,○,132.2630774,34.2249047
認知症対応型共同生活介護,中区,3490200189,株式会社エポカケアサービス,グループホーム舟入・みどりの家,730-0842,広島市中区舟入中町９番１６号三和ビル３・４階,082-295-4910,082-295-4910,現存,○,○,132.2637242,34.23121778
認知症対応型共同生活介護,中区,3490201849,ほほえみ株式会社,ほほえみグループホームエクセレント,730-0024,広島市中区西平塚町７番１号,082-541-2525,082-541-2526,現存,○,○,132.280233,34.23212606
認知症対応型共同生活介護,中区,3490201856,株式会社リアン,グループホームきらら,730-0052,広島市中区千田町二丁目８番２２号,082-545-5255,082-545-5256,現存,○,,132.2718991,34.22422127
認知症対応型共同生活介護,中区,3470203005,特定非営利活動法人もちもちの木,グループホーム土橋のおうち,730-0854,広島市中区土橋町５番３５号,082-294-9324,082-294-9328,現存,○,○,132.2654178,34.23344801
認知症対応型共同生活介護,中区,3490200684,株式会社エポカケアサービス,グループホーム千田・みどりの家,730-0054,広島市中区南千田東町４番３２号,082-236-7270,082-236-7570,現存,○,○,132.2727924,34.22270584
認知症対応型共同生活介護,中区,3490200205,医療法人社団絆,グループホームきぼうの杜,730-0049,広島市中区南竹屋町５番８号,082-244-4116,082-543-6025,現存,○,○,132.2739212,34.22538019
認知症対応型共同生活介護,中区,3493200087,株式会社ウェルケア,グループホームやすらぎ白島,730-0003,広島市中区白島九軒町１６番６号,082-222-3444,082-222-3455,現存,○,○,132.2806616,34.24221061
認知症対応型共同生活介護,中区,3490200593,森信建設株式会社,グループホームなでしこ富士見町,730-0043,広島市中区富士見町１５番２３号,082-244-3599,082-247-3631,現存,○,○,132.273645,34.23092767
認知症対応型共同生活介護,東区,3490100603,森信建設株式会社,グループホームなでしこ温品,732-0033,広島市東区温品五丁目７番１号,082-280-3596,082-280-3593,現存,○,○,132.3016523,34.24449822
認知症対応型共同生活介護,東区,3490100017,株式会社ウェルケア,グループホームやすらぎ温品,732-0033,広島市東区温品七丁目１３番２３号,082-508-6188,082-508-6250,現存,○,○,132.3036482,34.24506775
認知症対応型共同生活介護,東区,3490101221,メディカル・ケア・サービス関西株式会社,愛の家グループホーム広島温品,732-0033,広島市東区温品二丁目１番９号,082-847-3340,082-847-3342,現存,○,○,132.3035522,34.24276445
認知症対応型共同生活介護,東区,3490101387,メディカル・ケア・サービス関西株式会社,愛の家グループホーム広島牛田新町,732-0068,広島市東区牛田新町三丁目１４番２５号,082-511-3281,082-222-0707,現存,○,○,132.2812804,34.25357012
認知症対応型共同生活介護,東区,3490100116,社会福祉法人うすい会広島光明学園,グループホーム光明牛田新町,732-0068,広島市東区牛田新町三丁目２０番１５号,082-222-3223,082-222-3238,現存,○,○,132.2805699,34.25252722
認知症対応型共同生活介護,東区,3470105184,社会福祉法人うすい会広島光明学園,グループホーム光明早稲田,732-0062,広島市東区牛田早稲田二丁目４番１５号,082-222-7002,082-222-7002,現存,○,○,132.2836902,34.24535219
認知症対応型共同生活介護,東区,3470104369,社会福祉法人うすい会広島光明学園,グループホーム光明牛田,732-0066,広島市東区牛田本町六丁目１番１号,082-207-4172,082-554-1763,現存,○,○,132.2805896,34.24513456
認知症対応型共同生活介護,東区,3490100397,医療法人好縁会,グループホームふれあい戸坂山根,732-0002,広島市東区戸坂山根一丁目１番１９号,082-220-2050,082-220-2051,現存,○,○,132.2918727,34.26127381
認知症対応型共同生活介護,東区,3490100843,医療法人好縁会,グループホームふれあい戸坂東,732-0009,広島市東区戸坂千足一丁目１２番４６号,082-220-3000,082-220-3007,現存,○,○,132.2847303,34.26084099
認知症対応型共同生活介護,東区,3490100256,医療法人好縁会,グループホームふれあい戸坂,732-0014,広島市東区戸坂大上三丁目２番３０号,082-229-2822,082-229-2844,現存,○,○,132.2935836,34.25379409
認知症対応型共同生活介護,東区,3490101064,株式会社ニックス,グループホーム金太郎,732-0045,広島市東区曙一丁目１番２０号,082-506-0294,082-506-0202,現存,○,○,132.2918827,34.23453733
認知症対応型共同生活介護,東区,3470104310,社会福祉法人広島常光福祉会,グループホームげんき中山,732-0021,広島市東区中山新町三丁目１８番６号,082-508-4188,082-289-1398,現存,○,○,132.3013404,34.25268334
認知症対応型共同生活介護,東区,3470103650,社会福祉法人広島常光福祉会,グループホームげんき馬木,732-0031,広島市東区馬木四丁目２１２２番地の１,082-883-0238,082-883-0208,現存,○,○,132.3157246,34.2618705
認知症対応型共同生活介護,東区,3490100348,株式会社ニックス,グループホーム花咲楼,732-0046,広島市東区尾長東二丁目６番３４号,082-568-7007,082-568-6866,現存,○,○,132.2916995,34.2351939
認知症対応型共同生活介護,東区,3470104849,株式会社ニックス,グループホームかぐや姫,732-0046,広島市東区尾長東二丁目６番６号,082-209-1158,082-568-6866,現存,○,○,132.2917733,34.23513102
認知症対応型共同生活介護,東区,3470103189,社会福祉法人広島常光福祉会,グループホームげんき福田,732-0029,広島市東区福田五丁目１１６８番地１,082-899-7588,082-899-7688,現存,○,○,132.3233475,34.27150791
認知症対応型共同生活介護,東区,3470103452,有限会社美泉,グループホームよってきんさい矢賀,732-0042,広島市東区矢賀六丁目４番３４号,082-510-5088,082-510-5087,現存,○,○,132.3007439,34.24168712
認知症対応型共同生活介護,南区,3470104484,医療法人社団江島医院,グループホームもみじの里,734-0015,広島市南区宇品御幸一丁目１１番９号,082-253-0067,082-255-6750,現存,○,○,132.2745955,34.22063074
認知症対応型共同生活介護,南区,3470103007,株式会社ビー・スマイル,グループホームケアセンター宇品,734-0004,広島市南区宇品神田二丁目９番４号,082-250-8351,082-250-8352,現存,○,○,132.2758587,34.2154899
認知症対応型共同生活介護,南区,3470101977,有限会社美泉,グループホームうぐいすの家,734-0041,広島市南区黄金山町６番５号,082-510-2555,082-510-2556,現存,○,○,132.2914378,34.2214696
認知症対応型共同生活介護,南区,3470103726,有限会社あけぼの会,グループホームあけぼの,734-0007,広島市南区皆実町一丁目１３番２号,082-250-6923,082-250-1712,現存,○,○,132.2800402,34.22416242
認知症対応型共同生活介護,南区,3470105093,医療法人和同会,グループホーム元宇品,734-0012,広島市南区元宇品町２６番２０号,082-255-1239,082-255-6826,現存,○,○,132.2732707,34.20548621
認知症対応型共同生活介護,南区,3490100488,株式会社リアン,グループホームでしお,734-0001,広島市南区出汐一丁目４番１６号,082-250-1620,082-250-1621,現存,○,○,132.283593,34.22489214
認知症対応型共同生活介護,南区,3490101312,社会福祉法人広島厚生会,グループホーム広島八景園,734-0026,広島市南区仁保一丁目２番１７号,082-286-8880,082-286-8881,現存,○,○,132.2935286,34.22247185
認知症対応型共同生活介護,南区,3490100611,有限会社慈恵コーポレイション,グループホーム憩,734-0005,広島市南区翠四丁目７番３８号,082-569-5058,082-255-2926,現存,○,○,132.2820483,34.22083123
認知症対応型共同生活介護,南区,3490100579,有限会社百樹,グループホーム百樹,734-0053,広島市南区青崎二丁目１５番２号,082-236-1527,082-581-6171,現存,○,○,132.3030816,34.22183914
認知症対応型共同生活介護,南区,3470110390,有限会社百樹,グループホームなだの郷,734-0053,広島市南区青崎二丁目１６番１５号,082-285-2787,082-581-6171,現存,○,○,132.3031698,34.22184695
認知症対応型共同生活介護,南区,3490100454,株式会社エポカケアサービス,グループホーム青崎・みどりの家,734-0053,広島市南区青崎二丁目９番１６号,082-890-6377,082-890-6388,現存,○,○,132.3026386,34.22229456
認知症対応型共同生活介護,南区,3490100298,有限会社バースト,グループホーム丹那の杜,734-0034,広島市南区丹那町２２番１０－１０号,082-254-0708,082-259-3370,現存,○,○,132.2841346,34.21584587
認知症対応型共同生活介護,南区,3490100140,有限会社バースト,グループホーム丹那,734-0034,広島市南区丹那町２２番１１－１１号,082-253-3456,082-259-3370,現存,○,○,132.28386,34.21572712
認知症対応型共同生活介護,南区,3490100165,医療法人好縁会,グループホームふれあい段原,732-0819,広島市南区段原山崎三丁目６番１号,082-510-5588,082-286-8866,現存,○,○,132.2856002,34.23040687
認知症対応型共同生活介護,南区,3490100686,医療法人好縁会,グループホームふれあい段原山崎,732-0819,広島市南区段原山崎二丁目３番８号,082-282-1077,082-282-1066,現存,○,○,132.2854229,34.23047678
認知症対応型共同生活介護,南区,3490100702,株式会社サルート,グループホームとまとだんばら,732-0819,広島市南区段原山崎二丁目９番１８号,082-236-1221,082-236-1222,現存,○,○,132.284823,34.23036232
認知症対応型共同生活介護,南区,3470104401,テルウェル西日本株式会社,ＮＴＴグループケアポート広島認知症対応型共同生活介護事業所,732-0816,広島市南区比治山本町１１番１号,082-250-1280,082-250-1160,現存,○,○,132.2820705,34.22494444
認知症対応型共同生活介護,南区,3470103676,有限会社美泉,グループホームよってきんさい本浦,734-0047,広島市南区本浦町２７番１８号,082-508-2626,082-508-2627,現存,○,○,132.2912225,34.2221453
認知症対応型共同生活介護,西区,3490200361,医療法人社団ひがしの会,グループホームえんじゅ井口,733-0842,広島市西区井口五丁目６番２号,082-278-0151,082-278-0155,現存,○,○,132.2246002,34.2206878
認知症対応型共同生活介護,西区,3490200791,有限会社咲楽,グループホーム井口・楽々苑,733-0842,広島市西区井口四丁目１５番２号,082-276-2020,082-276-0662,現存,○,○,132.2225475,34.22227274
認知症対応型共同生活介護,西区,3490200254,株式会社エポカケアサービス,グループホーム井口台・みどりの家,733-0844,広島市西区井口台一丁目２３番１１号,082-276-2240,082-276-2240,現存,○,○,132.2254795,34.22444443
認知症対応型共同生活介護,西区,3490201344,株式会社Ｇトラスト,グループホーム令和の杜,733-0843,広島市西区井口鈴が台三丁目１６番２６号,082-942-1600,082-942-5353,現存,○,○,132.2230342,34.22179273
認知症対応型共同生活介護,西区,3470206032,医療法人厚生堂,あいあいホームながさき,733-0011,広島市西区横川町三丁目６番１７号,082-532-6636,082-296-2262,現存,○,○,132.2711534,34.24360059
認知症対応型共同生活介護,西区,3490200312,特定非営利活動法人もちもちの木,グループホーム古田のおうち,733-0873,広島市西区古江新町８番３２号,082-272-2701,082-299-0010,現存,○,○,132.2437748,34.2303964
認知症対応型共同生活介護,西区,3470203583,株式会社エポカケアサービス,グループホーム己斐・みどりの家,733-0815,広島市西区己斐上四丁目２９番１６号,082-275-0010,082-275-0010,現存,○,○,132.2512963,34.24389151
認知症対応型共同生活介護,西区,3490200759,株式会社ニチイ学館,ニチイケアセンター己斐,733-0816,広島市西区己斐大迫二丁目４１番３号,082-507-9577,082-507-9578,現存,○,○,132.2532496,34.24449343
認知症対応型共同生活介護,西区,3490200015,医療法人社団林医院,グループホーム若紫の家,733-0813,広島市西区己斐中三丁目５３番１４号,082-272-2111,082-272-2110,現存,○,○,132.2532408,34.24068054
認知症対応型共同生活介護,西区,3470204201,医療法人社団林医院,グループホーム桐壺の家,733-0813,広島市西区己斐中二丁目１２番２１号,082-271-8885,082-271-8838,現存,○,○,132.2533767,34.24067781
認知症対応型共同生活介護,西区,3490200379,株式会社松広,グループホームこうご,733-0822,広島市西区庚午中三丁目６番６号,082-942-6614,082-942-6618,現存,○,○,132.2443291,34.22587771
認知症対応型共同生活介護,西区,3470202239,医療法人光臨会,あんしんホーム,733-0821,広島市西区庚午北一丁目５番１５号,082-507-6600,082-275-3233,現存,○,○,132.2522346,34.23272283
認知症対応型共同生活介護,西区,3490201575,株式会社エポカケアサービス,グループホーム庚午・みどりの家,733-0821,広島市西区庚午北二丁目５番５号,082-271-1165,082-271-1160,現存,○,○,132.2514921,34.23306535
認知症対応型共同生活介護,西区,3470203310,有限会社メディカルサービス廿日市,グループホーム三滝ひまわり,733-0802,広島市西区三滝本町二丁目２５番１０号,082-230-0888,082-230-8444,現存,○,○,132.2648502,34.25152679
認知症対応型共同生活介護,西区,3470205646,社会福祉法人藤愛会,グループホームハレ・クプナ,733-0804,広島市西区山手町１９番３号,082-503-0081,082-503-0082,現存,○,○,132.2615998,34.24292172
認知症対応型共同生活介護,西区,3490201195,株式会社ニックス,グループホーム桃太郎,733-0025,広島市西区小河内町一丁目８番１号,082-235-2940,082-235-2945,現存,○,○,132.260982,34.23582046
認知症対応型共同生活介護,西区,3470203245,有限会社美泉,グループホームよってきんさい草津,733-0863,広島市西区草津南一丁目６番１２号,082-501-4622,082-501-4623,現存,○,○,132.2405669,34.22399189
認知症対応型共同生活介護,西区,3490201435,生活協同組合ひろしま,コープグループホーム・田方,733-0851,広島市西区田方一丁目20番21-22号,082-275-6997,082-273-1455,現存,○,○,132.2354295,34.23048418
認知症対応型共同生活介護,西区,3470203625,医療法人和同会,西広島グループホーム,733-0851,広島市西区田方二丁目１６番４５号,082-274-1600,082-274-1322,現存,○,○,132.2346084,34.23304052
認知症対応型共同生活介護,西区,3490201039,生活協同組合ひろしま,コープグループホーム・観音,733-0035,広島市西区南観音五丁目１０番２５号,082-208-5580,082-233-6313,現存,○,○,132.2529206,34.22547467
認知症対応型共同生活介護,西区,3490200270,株式会社ニチイ学館,ニチイケアセンター南観音,733-0035,広島市西区南観音二丁目９番１９号,082-532-1801,082-532-1802,現存,○,○,132.2551698,34.22574803
認知症対応型共同生活介護,西区,3490200320,有限会社メディカルサービス廿日市,グループホーム南観音ひまわり,733-0035,広島市西区南観音六丁目３番３１号,082-295-3717,082-295-3787,現存,○,○,132.2539593,34.22599492
認知症対応型共同生活介護,西区,3490200726,有限会社ナックユノ,グループホームありらん,733-0024,広島市西区福島町二丁目４番９号,082-208-5880,082-234-9230,現存,○,○,132.2557993,34.2340441
認知症対応型共同生活介護,安佐南区,3470205885,有限会社エーケン企画,グループホームヴィーヴル祇園,731-0138,広島市安佐南区祇園四丁目８番５号,082-874-2707,082-874-2507,現存,○,○,132.2720969,34.26260002
認知症対応型共同生活介護,安佐南区,3490201526,株式会社ケア２１,グループホームたのしい家安佐南,731-0138,広島市安佐南区祇園六丁目１２番３１号,082-850-2221,082-871-1221,現存,○,○,132.274913,34.26465612
認知症対応型共同生活介護,安佐南区,3490201625,株式会社ダイキ,グループホーム古の市,731-0123,広島市安佐南区古市三丁目５番３号広島畳材Ｖビル３階・４階,082-877-1413,082-299-0300,現存,○,○,132.2811483,34.27051965
認知症対応型共同生活介護,安佐南区,3470204268,株式会社サルート,グループホームとまとたかとり,731-0142,広島市安佐南区高取南一丁目１１番４３号,082-847-0304,082-847-0290,現存,○,○,132.261719,34.28191859
認知症対応型共同生活介護,安佐南区,3490201658,株式会社サルート,グループホームとまとやす,731-0142,広島市安佐南区高取南一丁目26番20号,082-209-5337,082-209-5338,現存,○,○,132.2616105,34.28161237
認知症対応型共同生活介護,安佐南区,3490200858,株式会社サルート,グループホームとまとやすにし,731-0142,広島市安佐南区高取南一丁目２６番２１号,082-555-1339,082-555-0630,現存,○,○,132.2616542,34.28168112
認知症対応型共同生活介護,安佐南区,3490200049,社会福祉法人慈光会,グループホームじこう,731-0144,広島市安佐南区高取北一丁目１７番４１号,082-878-8005,082-878-8037,現存,○,○,132.2628638,34.2838481
認知症対応型共同生活介護,安佐南区,3490200403,サンキ・ウエルビィ株式会社,サンキ・ウエルビィ　グループホーム祇園,731-0137,広島市安佐南区山本四丁目11番24号,082-962-2675,082-875-5700,現存,○,○,132.2655613,34.26151414
認知症対応型共同生活介護,安佐南区,3490200734,株式会社ケア２１,グループホームたのしい家祇園山本,731-0137,広島市安佐南区山本四丁目１２番５６－３号,082-832-3221,082-875-0821,現存,○,○,132.2654343,34.26185278
認知症対応型共同生活介護,安佐南区,3470205133,有限会社ホットファミリー,グループホーム阿戸福香の家,731-3271,広島市安佐南区沼田町阿戸３８２５番地,082-830-4055,082-830-4522,現存,○,○,132.2106551,34.29285545
認知症対応型共同生活介護,安佐南区,3490200221,ウェルフェアー株式会社,みのりグループホーム川内,731-0102,広島市安佐南区川内一丁目２２番５５号,082-830-0005,082-870-8770,現存,○,○,132.2902557,34.2727656
認知症対応型共同生活介護,安佐南区,3490200288,株式会社ニチイ学館,ニチイケアセンター広島川内,731-0102,広島市安佐南区川内五丁目１６番３号,082-831-3631,082-831-3632,現存,○,○,132.2901696,34.2808546
認知症対応型共同生活介護,安佐南区,3490201161,有限会社サカコーポレーション,グループホームガーデンの家川内,731-0102,広島市安佐南区川内五丁目１番９号,082-831-4165,082-831-4166,現存,○,○,132.2921695,34.28008326
認知症対応型共同生活介護,安佐南区,3470204409,有限会社ピースフル,グループホームすまいる,731-0141,広島市安佐南区相田五丁目５番９－８号,082-872-3014,082-872-3014,現存,○,○,132.2645785,34.28125037
認知症対応型共同生活介護,安佐南区,3470202585,有限会社再輝堂,グループホーム福寿草,731-0141,広島市安佐南区相田二丁目１５番１９号,082-832-7110,082-832-7150,現存,○,○,132.2708291,34.28171209
認知症対応型共同生活介護,安佐南区,3490201781,メディカル・ケア・サービス関西株式会社,愛の家グループホーム広島大町,731-0124,広島市安佐南区大町東三丁目１番１８号ハートランド大町１階,082-831-8885,082-831-8886,現存,○,○,132.2807431,34.27522731
認知症対応型共同生活介護,安佐南区,3490200395,株式会社サルート,グループホームとまとおおまち,731-0124,広島市安佐南区大町東二丁目１番１２号,082-962-3115,082-877-9610,現存,○,○,132.2815595,34.27477738
認知症対応型共同生活介護,安佐南区,3490200023,社会福祉法人広島良城会,グループホームさくら,731-3167,広島市安佐南区大塚西三丁目１１番１４号,082-848-9100,082-849-6742,現存,○,○,132.2401857,34.26349954
認知症対応型共同生活介護,安佐南区,3490200338,社会福祉法人ＩＧＬ学園福祉会,ＩＧＬグループホーム西風新都,731-3167,広島市安佐南区大塚西二丁目５番８号,082-848-3373,082-848-3314,現存,○,○,132.2403927,34.26388309
認知症対応型共同生活介護,安佐南区,3490200296,株式会社ニチイ学館,ニチイケアセンター広島長楽寺,731-0143,広島市安佐南区長楽寺一丁目２４番１７号,082-830-3731,082-830-3732,現存,○,○,132.2552044,34.28293365
認知症対応型共同生活介護,安佐南区,3490201542,医療法人社団生仁会,グループホームすこやかすこやか,731-0143,広島市安佐南区長楽寺二丁目１３番２６号,082-832-6116,082-832-6227,現存,○,○,132.2537964,34.28102171
認知症対応型共同生活介護,安佐南区,3490200213,株式会社冨山学園,グループホームほのぼの苑長束,731-0136,広島市安佐南区長束西三丁目１番５号,082-230-3030,082-230-3040,現存,○,○,132.2701719,34.25492885
認知症対応型共同生活介護,安佐南区,3490200429,株式会社ニチイ学館,ニチイケアセンター広島東原,731-0112,広島市安佐南区東原二丁目８番１２号,082-832-3025,082-832-3026,現存,○,○,132.2853673,34.26354387
認知症対応型共同生活介護,安佐南区,3490201773,メディカル・ケア・サービス関西株式会社,愛の家グループホーム広島東原,731-0112,広島市安佐南区東原二丁目９番４号,082-850-0802,082-850-0805,現存,○,○,132.2900649,34.26376222
認知症対応型共同生活介護,安佐南区,3490200825,医療法人好縁会,グループホームふれあい東野,731-0111,広島市安佐南区東野三丁目３０番２１号,082-876-3122,082-876-3121,現存,○,○,132.2903948,34.27046351
認知症対応型共同生活介護,安佐南区,3490201799,メディカル・ケア・サービス関西株式会社,愛の家グループホーム広島八木,731-0101,広島市安佐南区八木一丁目１０番１０号,082-830-2588,082-873-7272,現存,○,○,132.29377,34.28382585
認知症対応型共同生活介護,安佐南区,3470204748,医療法人社団林医院,グループホーム夕顔の家,731-0101,広島市安佐南区八木八丁目９番２３号,082-832-0355,082-832-0356,現存,○,○,132.3022465,34.29321713
認知症対応型共同生活介護,安佐南区,3490201450,株式会社ＳＯＣサポート,グループホームシェアーハッピネス,731-3165,広島市安佐南区伴中央二丁目８番１０号,082-962-7597,082-962-7596,現存,○,○,132.240732,34.27460847
認知症対応型共同生活介護,安佐南区,3490201047,株式会社ケア２１,グループホームたのしい家大原,731-3164,広島市安佐南区伴東七丁目５９番１１号,082-849-4421,082-848-2521,現存,○,○,132.2445661,34.27474563
認知症対応型共同生活介護,安佐南区,3490200866,有限会社サカコーポレーション,グループホームガーデンの家,731-0103,広島市安佐南区緑井七丁目５番１１号,082-962-6541,082-962-7789,現存,○,○,132.2852146,34.28219076
認知症対応型共同生活介護,安佐北区,3470103742,有限会社平野,グループホームファミリーホーム,731-3361,広島市安佐北区あさひが丘一丁目１番１０号,082-838-4165,082-838-2600,現存,○,○,132.2631807,34.30028503
認知症対応型共同生活介護,安佐北区,3470103569,社会福祉法人ＩＧＬ学園福祉会,グループホームゆうゆう,731-3352,広島市安佐北区安佐町後山１０４７番地,082-838-3434,082-838-0833,現存,○,○,132.263865,34.30010773
認知症対応型共同生活介護,安佐北区,3490101163,株式会社Ｇトラスト,グループホームASA楽々苑,731-1142,広島市安佐北区安佐町飯室１５５９番地２,082-573-5050,082-573-1818,現存,○,○,132.2647916,34.33032247
認知症対応型共同生活介護,安佐北区,3470104559,株式会社縁,グループホーム楽々苑,731-1142,広島市安佐北区安佐町飯室１５６３番地２,082-835-3222,082-835-3331,現存,○,○,132.2646096,34.3302756
認知症対応型共同生活介護,安佐北区,3490100546,グリーンライフ株式会社,はぴね広島安佐,731-1142,広島市安佐北区安佐町飯室字中布６４８６,082-810-3730,082-810-3731,現存,○,○,132.2623805,34.33120828
認知症対応型共同生活介護,安佐北区,3490100785,株式会社クローバー,グループホームこころ,731-1141,広島市安佐北区安佐町鈴張２６８７番地,082-810-2280,082-810-2282,現存,○,○,132.2716989,34.34456361
認知症対応型共同生活介護,安佐北区,3490100975,社会福祉法人正仁会,グループホームなごみの郷可部,731-0221,広島市安佐北区可部三丁目９番２１号,082-819-0505,082-815-6666,現存,○,○,132.3051428,34.31157966
認知症対応型共同生活介護,安佐北区,3490100942,社会福祉法人フェニックス,グループホームかんべの里,731-0221,広島市安佐北区可部七丁目１３番１５－１－９号,082-554-8800,082-554-6002,現存,○,○,132.3039456,34.31277285
認知症対応型共同生活介護,安佐北区,3490100272,社会福祉法人可部大文字会,グループホームHanamizuki,731-0223,広島市安佐北区可部南三丁目１０番２２号,082-815-2199,082-815-2199,現存,○,○,132.305593,34.30051137
認知症対応型共同生活介護,安佐北区,3470110317,医療法人秀仁会,グループホーム菜の花,731-0221,広島市安佐北区可部八丁目１４番２１号,082-562-2877,082-562-2878,現存,○,○,132.3050486,34.31391961
認知症対応型共同生活介護,安佐北区,3490101395,メディカル・ケア・サービス関西株式会社,愛の家グループホーム広島亀山,731-0231,広島市安佐北区亀山五丁目９番１３号,082-819-3255,082-819-3277,現存,○,○,132.2946445,34.31334022
認知症対応型共同生活介護,安佐北区,3490100090,社会福祉法人正仁会,グループホームなごみの郷亀山,731-0231,広島市安佐北区亀山三丁目４番１２号,082-819-3725,082-812-2183,現存,○,○,132.2958315,34.31254582
認知症対応型共同生活介護,安佐北区,3490101338,有限会社ＭＹ・ＤＯ,グループホーム安佐物語,731-0232,広島市安佐北区亀山南一丁目１２番１２号,082-847-5757,082-815-0077,現存,○,○,132.2936748,34.30572305
認知症対応型共同生活介護,安佐北区,3470101654,有限会社かざぐるま,グループホームはるかぜ,731-0232,広島市安佐北区亀山南二丁目８番２０号,082-819-1107,082-819-1108,現存,○,○,132.2942786,34.31038705
認知症対応型共同生活介護,安佐北区,3490100223,株式会社ニチイ学館,ニチイケアセンター可部,731-0231,広島市安佐北区亀山二丁目１５番３３号,082-819-3531,082-819-3532,現存,○,○,132.3005221,34.31092377
認知症対応型共同生活介護,安佐北区,3470104138,医療法人社団博寿会,グループホーム博寿会ほほえみ,739-1734,広島市安佐北区口田一丁目１４番１０号,082-843-1011,082-843-1237,現存,○,○,132.2942245,34.2743913
認知症対応型共同生活介護,安佐北区,3490100595,株式会社サルート,グループホームとまとあきやぐち,739-1734,広島市安佐北区口田一丁目１６番３８号,082-516-6700,082-845-5595,現存,○,○,132.2945569,34.27503694
認知症対応型共同生活介護,安佐北区,3470102256,有限会社安寿,グループホームやまびこ,731-0211,広島市安佐北区三入六丁目２２番１１号,082-810-1157,082-810-1158,現存,○,○,132.3149918,34.32369214
認知症対応型共同生活介護,安佐北区,3490100421,ＪＴＳ株式会社,グループホーム樹,739-1751,広島市安佐北区深川一丁目４２番２３号,082-554-8134,082-554-8734,現存,○,○,132.3110844,34.29223298
認知症対応型共同生活介護,安佐北区,3490101247,株式会社シーフォークリエイツ,グループホーム深川山ぼうし,739-1751,広島市安佐北区深川五丁目３９番２０号,082-841-5288,082-842-5770,現存,○,○,132.3143523,34.28485997
認知症対応型共同生活介護,安佐北区,3490100447,社会福祉法人うすい会広島光明学園,グループホーム高陽荘,739-1751,広島市安佐北区深川八丁目３６番７号,082-841-0511,082-841-0512,現存,○,○,132.3224002,34.28096511
認知症対応型共同生活介護,安佐北区,3490101353,メディカル・ケア・サービス関西株式会社,愛の家グループホーム広島大林,731-0201,広島市安佐北区大林一丁目８番１５号,082-516-5195,082-516-5196,現存,○,○,132.3220494,34.33015403
認知症対応型共同生活介護,安佐北区,3470102884,社会福祉法人可部大文字会,グループホーム（山まゆ）フルーツハウス,731-0201,広島市安佐北区大林四丁目１０番２６号,082-810-5585,082-810-5585,現存,○,○,132.3250313,34.33150352
認知症対応型共同生活介護,安佐北区,3490101478,株式会社ビジュアルビジョン,けあビジョンホーム広島,739-1301,広島市安佐北区白木町井原８２３－１,082-516-8866,082-516-8860,現存,○,○,132.4035494,34.35074848
認知症対応型共同生活介護,安佐北区,3490100330,株式会社シーフォークリエイツ,グループホーム山ぼうし,739-1414,広島市安佐北区白木町秋山字原８９０番地１,082-828-7636,082-828-0300,現存,○,○,132.3928114,34.32290792
認知症対応型共同生活介護,安佐北区,3490100249,社会福祉法人三篠会,グループホーム白木の郷,739-1412,広島市安佐北区白木町小越１０２３０番地,082-828-0123,082-828-3456,現存,○,○,132.3958528,34.33197527
認知症対応型共同生活介護,安佐北区,3490100850,有限会社サカコーポレーション,グループホームガーデンの家落合南,739-1732,広島市安佐北区落合南九丁目５番２０号,082-843-4165,082-843-4168,現存,○,○,132.3130743,34.28345776
認知症対応型共同生活介護,安佐北区,3490101080,フライングスタート合同会社,グループホームひだまり,739-1732,広島市安佐北区落合南四丁目４１番２１号,082-845-3070,082-299-1810,現存,○,○,132.3105785,34.28038615
認知症対応型共同生活介護,安佐北区,3490101403,メディカル・ケア・サービス関西株式会社,愛の家グループホーム広島高陽,739-1732,広島市安佐北区落合南七丁目１０番２０号,082-841-5670,082-841-5677,現存,○,○,132.3117014,34.28294177
認知症対応型共同生活介護,安芸区,3470101829,社会福祉法人あと会,グループホームくにくさの家,731-4231,広島市安芸区阿戸町２９４１番地の１,082-820-8088,082-820-8088,現存,○,○,132.3728697,34.23116788
認知症対応型共同生活介護,安芸区,3490101197,社会福祉法人慈楽福祉会,グループホーム瀬野じらく房,739-0311,広島市安芸区瀬野一丁目３番１号,082-894-2255,082-894-2266,現存,○,○,132.3557116,34.25175595
認知症対応型共同生活介護,安芸区,3490100462,株式会社不二ビルサービス,グループホームふじの家瀬野,739-0311,広島市安芸区瀬野五丁目３番７号,082-824-8020,082-824-8021,現存,○,○,132.3602651,34.25226333
認知症対応型共同生活介護,安芸区,3490100264,有限会社もえぎ,グループホームもえぎ野,736-0082,広島市安芸区船越南三丁目２３番６号,082-822-8181,082-822-8182,現存,○,○,132.3129646,34.22122486
認知症対応型共同生活介護,安芸区,3470104476,医療法人社団恵宣会,グループホームあき・なごみの家,736-0082,広島市安芸区船越南三丁目７番２４号,082-821-2873,082-824-0077,現存,○,○,132.312326,34.22117525
認知症対応型共同生活介護,安芸区,3470103957,有限会社もえぎ,グループホームもえぎ,736-0082,広島市安芸区船越南二丁目２０番１６号,082-821-2261,082-823-6010,現存,○,○,132.3127103,34.222015
認知症対応型共同生活介護,安芸区,3470103593,有限会社ふじなか,グループホーム白光の家,739-0321,広島市安芸区中野四丁目４９番１１－１５号,082-893-6610,082-892-3560,現存,○,○,132.343813,34.24124548
認知症対応型共同生活介護,安芸区,3470103585,医療法人社団長寿会,グループホームはたのリハビリ,739-0321,広島市安芸区中野六丁目１４番２号,082-820-2112,082-820-2114,現存,○,○,132.3457904,34.24402728
認知症対応型共同生活介護,安芸区,3490100660,社会福祉法人共助会,グループホーム畑賀時計台,736-0088,広島市安芸区畑賀二丁目２３番３３号,082-820-6190,082-820-6191,現存,○,○,132.3309018,34.23267562
認知症対応型共同生活介護,安芸区,3490101148,メディカル・ケア・サービス関西株式会社,愛の家グループホーム広島矢野西,736-0085,広島市安芸区矢野西一丁目３番２０号,082-889-5350,082-889-5351,現存,○,○,132.3158047,34.21152409
認知症対応型共同生活介護,安芸区,3470102769,有限会社美泉,グループホームよってきんさい矢野,736-0085,広島市安芸区矢野西五丁目１８番３０号,082-889-6400,082-889-6401,現存,○,○,132.3208086,34.20595166
認知症対応型共同生活介護,安芸区,3490100967,株式会社不二ビルサービス,グループホームふじの家矢野,736-0085,広島市安芸区矢野西五丁目１８番４０号,082-554-8080,082-554-8081,現存,○,○,132.3208785,34.21009031
認知症対応型共同生活介護,安芸区,3470102694,医療法人好縁会,グループホームふれあい矢野,736-0083,広島市安芸区矢野東四丁目２４番１４号,082-889-5551,082-889-5550,現存,○,○,132.3223779,34.2109836
認知症対応型共同生活介護,安芸区,3470103122,社会福祉法人あと会,グループホームダーラナやの・くにくさ,736-0083,広島市安芸区矢野東六丁目９番２８号,082-889-6668,082-889-5511,現存,○,○,132.3217253,34.20490728
認知症対応型共同生活介護,佐伯区,3470205992,有限会社ピースフル,グループホーム海老園はなみずき,731-5135,広島市佐伯区海老園一丁目７番２１号,082-924-7766,082-924-7766,現存,○,○,132.2128326,34.21467577
認知症対応型共同生活介護,佐伯区,3490201054,有限会社咲楽,グループホーム佐伯・楽々苑,731-5136,広島市佐伯区楽々園二丁目１番３４号,082-921-7700,082-924-1220,現存,○,○,132.2109517,34.21507998
認知症対応型共同生活介護,佐伯区,3490201880,森信建設株式会社,グループホームなでしこ隅の浜,731-5145,広島市佐伯区隅の浜三丁目６番８号,082-924-3596,082-924-3593,現存,○,○,132.2054855,34.2140742
認知症対応型共同生活介護,佐伯区,3470204649,社会福祉法人平和会,グループホームさつき,731-5101,広島市佐伯区五月が丘五丁目２番３号,082-941-7088,082-941-3191,現存,○,○,132.2403284,34.25288307
認知症対応型共同生活介護,佐伯区,3470204466,有限会社メディカルサービス廿日市,グループホーム五日市ひまわり,731-5125,広島市佐伯区五日市駅前一丁目４番３１号,082-943-7210,082-943-7105,現存,○,○,132.2159086,34.22044985
認知症対応型共同生活介護,佐伯区,3470204680,株式会社ウェル,グループホームこもれび,731-5127,広島市佐伯区五日市七丁目８番４３号,082-923-8223,082-923-8237,現存,○,○,132.2138155,34.2238752
認知症対応型共同生活介護,佐伯区,3490200197,株式会社エポカケアサービス,グループホーム五日市・みどりの家,731-5128,広島市佐伯区五日市中央五丁目１番１８号,082-554-5701,082-922-7454,現存,○,○,132.2127301,34.22309519
認知症対応型共同生活介護,佐伯区,3470203906,医療法人和同会,グループホーム五日市,731-5152,広島市佐伯区五日市町下河内１８８番地の６,082-927-2511,082-927-2225,現存,○,○,132.2112163,34.24277854
認知症対応型共同生活介護,佐伯区,3470205323,社会福祉法人三篠会,グループホーム鈴が峰,731-5122,広島市佐伯区五日市町皆賀１０４番２７,082-943-8888,082-924-9032,現存,○,○,132.2220531,34.22524974
認知症対応型共同生活介護,佐伯区,3490201641,株式会社ニックス,グループホーム住マイル三筋,731-5144,広島市佐伯区三筋二丁目５番１７号,082-299-2904,082-943-5070,現存,○,○,132.2048478,34.22008686
認知症対応型共同生活介護,佐伯区,3490201401,森信建設株式会社,グループホームなでしこ五日市,731-5141,広島市佐伯区千同一丁目３０番２５号,082-208-3596,082-922-3593,現存,○,○,132.2108659,34.22304281
認知症対応型共同生活介護,佐伯区,3490200577,有限会社メディカルサービス廿日市,グループホーム千同ひまわり,731-5141,広島市佐伯区千同二丁目６番２９号,082-924-2567,082-924-2566,現存,○,○,132.210614,34.22514568
認知症対応型共同生活介護,佐伯区,3470202684,医療法人ピーアイエー,グループホームつぼい,731-5142,広島市佐伯区坪井三丁目８１８番地の１,082-923-8387,082-923-7179,現存,○,○,132.200475,34.22561815
認知症対応型共同生活介護,佐伯区,3470214408,シューペルブリアン株式会社,グループホーム輝き　ゆきの家,738-0512,広島市佐伯区湯来町白砂４２３番地２,0829-40-5353,0829-40-5355,現存,○,○,132.1655218,34.24574181
認知症対応型共同生活介護,佐伯区,3470206115,株式会社ヤシロ,グループホームふじの里,731-5103,広島市佐伯区藤の木二丁目２７番５号,082-927-3052,082-215-2587,現存,○,○,132.214796,34.25172304
認知症対応型共同生活介護,佐伯区,3490200445,株式会社冨山学園,グループホームほのぼの苑五日市八幡,731-5116,広島市佐伯区八幡五丁目１６番１０号,082-927-8400,082-927-8401,現存,○,○,132.2135337,34.23514661
認知症対応型共同生活介護,佐伯区,3490201740,株式会社サルート,グループホームとまとやはた,731-5115,広島市佐伯区八幡東四丁目２３番１７号,082-961-6140,082-961-6141,現存,○,○,132.2158206,34.23444128
認知症対応型共同生活介護,佐伯区,3470204763,ほほえみ株式会社,ほほえみグループホーム広島西,731-5115,広島市佐伯区八幡東四丁目２６番１１号,082-926-4688,082-929-2090,現存,○,○,132.2155116,34.23399757
認知症対応型共同生活介護,佐伯区,3470204185,株式会社アイリーフ,グループホームアイリーフ五日市,731-5116,広島市佐伯区八幡二丁目２３番１５号,082-926-2736,082-928-7830,現存,○,○,132.2119397,34.23228596
認知症対応型共同生活介護,佐伯区,3490200502,特定非営利活動法人悠々自在,グループホーム悠,731-5111,広島市佐伯区美鈴が丘東三丁目６番１０号,082-927-0831,082-927-0838,現存,○,○,132.2313368,34.23492734
認知症対応型共同生活介護,佐伯区,3470203492,アイエルエス株式会社,グループホーム太陽,731-5106,広島市佐伯区利松三丁目２５番４２号,082-929-5533,082-929-5534,現存,○,○,132.2142008,34.23562977
地域密着型介護老人福祉施設入所者生活介護,西区,3490200767,社会福祉法人藤愛会,地域密着型特別養護老人ホームリバーサイド中広,733-0012,広島市西区中広町二丁目１５番１５号,082-235-0788,082-235-2341,現存,○,,132.2621245,34.24133005
地域密着型介護老人福祉施設入所者生活介護,安佐南区,3490200650,社会福祉法人慈光会,特別養護老人ホーム高取慈光園,731-0144,広島市安佐南区高取北一丁目１７番４１号,082-878-8005,082-878-8037,現存,○,,132.2628638,34.2838481
地域密着型介護老人福祉施設入所者生活介護,安佐北区,3490100439,社会福祉法人うすい会広島光明学園,特別養護老人ホーム第二高陽荘,739-1751,広島市安佐北区深川八丁目３６番７号,082-841-0322,082-841-0323,現存,○,,132.3224002,34.28096511
地域密着型介護老人福祉施設入所者生活介護,安佐北区,3490100694,社会福祉法人可部大文字会,特別養護老人ホーム山まゆ２号館（ﾕﾆｯﾄ型）,731-0202,広島市安佐北区大林町字根谷１６２番地の２,082-818-6011,082-818-6066,現存,○,,132.3345057,34.3416313
地域密着型介護老人福祉施設入所者生活介護,佐伯区,3490200643,社会福祉法人広島博愛会,特別養護老人ホーム五日市あかり園　（ユニット型）,731-5152,広島市佐伯区五日市町下河内５９１番地の１,082-926-1101,082-927-6000,現存,○,,132.2109238,34.24303866
複合型サービス（看護小規模多機能型居宅介護）,中区,3490201203,社会福祉法人福祉広医会,悠悠タウン江波看護小規模多機能型居宅介護事業所,730-0834,広島市中区江波二本松二丁目６番２７号,082-554-5506,082-533-7100,現存,○,,132.2552243,34.22030507
複合型サービス（看護小規模多機能型居宅介護）,西区,3490200742,医療法人社団林医院,看護小規模多機能型居宅介護葵の家,733-0815,広島市西区己斐上四丁目３１番７－１５号,082-273-5501,082-273-5508,現存,○,,132.2515751,34.24374388
複合型サービス（看護小規模多機能型居宅介護）,安佐南区,3490201179,有限会社サカコーポレーション,看護小規模多機能センター川内,731-0102,広島市安佐南区川内五丁目１番９号,082-831-4165,082-831-4166,現存,○,,132.2921695,34.28008326
複合型サービス（看護小規模多機能型居宅介護）,安佐北区,3490101106,医療法人社団恵正会,看護小規模多機能ホームやすらぎ,731-0221,広島市安佐北区可部五丁目９番３号,082-810-0188,,現存,○,,132.3030391,34.31166437
複合型サービス（看護小規模多機能型居宅介護）,安佐北区,3490101098,特定非営利活動法人リハケアリングネットワーク,看護小規模多機能ゆたかな家,739-1754,広島市安佐北区小河原町１２８１番地,082-840-1233,082-840-1255,現存,○,,132.3319873,34.27325039
複合型サービス（看護小規模多機能型居宅介護）,安佐北区,3490100678,ＪＴＳ株式会社,看護小規模多機能型居宅介護ふくろう,739-1751,広島市安佐北区深川七丁目６番３７号,082-554-8133,082-554-8733,現存,○,,132.3247166,34.28429529
複合型サービス（看護小規模多機能型居宅介護）,安佐北区,3490101346,社会福祉法人正仁会,看護小規模多機能ホームなごみの郷,739-1731,広島市安佐北区落合五丁目２５番８号,082-841-5077,082-841-5088,現存,○,,132.3110123,34.28358544
複合型サービス（看護小規模多機能型居宅介護）,安芸区,3490101254,医療法人社団長寿会,看護小規模多機能型ふるさとサテライト,739-0311,広島市安芸区瀬野二丁目16番15号,082-894-0777,082-894-0070,現存,○,,132.3535677,34.25204688
複合型サービス（看護小規模多機能型居宅介護）,安芸区,3490100637,医療法人社団長寿会,看護小規模多機能型ふるさと,739-0321,広島市安芸区中野七丁目２２番６号,082-894-0077,082-894-0070,現存,○,,132.3534556,34.25215976
複合型サービス（看護小規模多機能型居宅介護）,佐伯区,3490201732,広島中央保健生活協同組合,看護小規模多機能コープ五日市,731-5141,広島市佐伯区千同一丁目２１番１６号,082-943-6511,082-943-6510,現存,○,,132.2107061,34.22369625
複合型サービス（看護小規模多機能型居宅介護）,佐伯区,3490201708,ぶどうの木株式会社,あめんどうの花,731-5115,広島市佐伯区八幡東二丁目３０番９号,082-533-8661,,現存,○,,132.2138718,34.22586403
介護老人福祉施設,中区,3470205083,社会福祉法人清恵会,特別養護老人ホームおりーぶえん,730-0822,広島市中区吉島東二丁目１７番５号,082-245-8880,082-545-8830,現存,○,,132.2658805,34.22111567
介護老人福祉施設,中区,3470201389,社会福祉法人福祉広医会,特別養護老人ホーム悠悠タウン江波,730-0831,広島市中区江波西二丁目１４番８号,082-296-4880,082-296-4818,現存,○,,132.2544231,34.22049335
介護老人福祉施設,東区,3470101837,社会福祉法人安芸会,特別養護老人ホーム温品荘,732-0033,広島市東区温品七丁目１２番３５号,082-280-2277,082-280-1302,現存,○,,132.3034705,34.24504899
介護老人福祉施設,東区,3470101761,社会福祉法人藤田長生会,特別養護老人ホーム神田山長生園,732-0068,広島市東区牛田新町一丁目１８番１号,082-228-9231,082-228-9232,現存,○,,132.2824472,34.2510645
介護老人福祉施設,東区,3470109384,社会福祉法人うすい会広島光明学園,特別養護老人ホーム第二光明,732-0066,広島市東区牛田本町六丁目１番１号,082-207-4611,082-554-1761,現存,○,,132.2805896,34.24513456
介護老人福祉施設,東区,3470105226,社会福祉法人かきつばた福祉会,特別養護老人ホームへさか福寿苑,732-0014,広島市東区戸坂大上一丁目５番１－８号,082-220-2110,082-220-2128,現存,○,,132.2923161,34.25396671
介護老人福祉施設,東区,3470101407,社会福祉法人寿老園老人ホーム,介護老人福祉施設寿老園,732-0048,広島市東区山根町３８番２３号,082-263-3841,082-263-3849,現存,○,,132.2902749,34.24212442
介護老人福祉施設,東区,3470109152,社会福祉法人寿老園老人ホーム,特別養護老人ホームあけぼの寿老園,732-0045,広島市東区曙一丁目１番２８号,082-568-6541,082-568-6542,現存,○,,132.2917452,34.23473848
介護老人福祉施設,東区,3470107081,社会福祉法人広島常光福祉会,介護老人福祉施設サンヒルズ広島,732-0027,広島市東区中山上１丁目２４番１号,082-289-8688,082-289-8815,現存,○,,132.2941099,34.25023077
介護老人福祉施設,東区,3470101811,社会福祉法人古家真会,特別養護老人ホーム蓬莱園,732-0043,広島市東区東山町１番９号,082-264-0808,082-264-1670,現存,○,,132.2929057,34.23548178
介護老人福祉施設,東区,3470108048,社会福祉法人広島東福祉会,虹の里第２特別養護老人ホーム,732-0031,広島市東区馬木三丁目２６番２－４号,082-516-5225,082-899-8008,現存,○,,132.3150977,34.26077724
介護老人福祉施設,東区,3470101845,社会福祉法人広島東福祉会,特別養護老人ホーム虹の里,732-0031,広島市東区馬木二丁目１３９８番地の１,082-508-5551,082-508-5550,現存,○,,132.314154,34.26169549
介護老人福祉施設,東区,3470100946,社会福祉法人広島常光福祉会,特別養護老人ホームふくだの里,732-0029,広島市東区福田五丁目１１６５番地の３,082-899-5088,082-899-5285,現存,○,,132.3232765,34.27138331
介護老人福祉施設,南区,3470101035,社会福祉法人広島和光園,特別養護老人ホーム広島和光園,734-0003,広島市南区宇品東三丁目６番２６号,082-252-8070,082-252-8071,現存,○,,132.2822554,34.21513612
介護老人福祉施設,南区,3470101878,社会福祉法人広島平和養老館,特別養護老人ホーム広島平和養老館,734-0017,広島市南区似島町字東大谷３０７３番地の５,082-259-2709,082-259-2286,現存,○,,132.2635908,34.18276793
介護老人福祉施設,南区,3470101472,社会福祉法人光清学園,特別養護老人ホーム光清苑,734-0001,広島市南区出汐二丁目３番４６号,082-505-0250,082-505-0251,現存,○,,132.2832939,34.22320366
介護老人福祉施設,南区,3470107099,社会福祉法人あと会,特別養護老人ホームでじま・くにくさ,734-0013,広島市南区出島一丁目１８番１７号,082-256-9293,082-251-8787,現存,○,,132.271741,34.21399813
介護老人福祉施設,南区,3470106737,社会福祉法人広島厚生会,特別養護老人ホーム広島八景園,734-0026,広島市南区仁保一丁目１番２０号,082-581-8882,082-581-8883,現存,○,,132.2939855,34.22250232
介護老人福祉施設,南区,3470104286,社会福祉法人サンシャイン,特別養護老人ホームサンシャイン南蟹屋,732-0803,広島市南区南蟹屋一丁目８番１２号,082-508-1321,082-508-1325,現存,○,,132.2901142,34.23226683
介護老人福祉施設,南区,3470101852,社会福祉法人三篠会,特別養護老人ホームひうな荘,734-0031,広島市南区日宇那町３０番１号,082-256-1001,082-256-1008,現存,○,,132.2934162,34.21568194
介護老人福祉施設,南区,3470101860,社会福祉法人輝き奉仕会,特別養護老人ホーム輝き,734-0042,広島市南区北大河町３９番１号,082-285-6005,082-288-9181,現存,○,,132.2856137,34.22172968
介護老人福祉施設,南区,3470110275,社会福祉法人ＩＧＬ学園福祉会,ＩＧＬナーシングホーム信愛の郷,734-0047,広島市南区本浦町８番３９号,082-510-3365,082-510-3373,現存,○,,132.2915361,34.22278273
介護老人福祉施設,西区,3470201660,社会福祉法人はばたきの里,特別養護老人ホーム第二いこいの園,733-0815,広島市西区己斐上五丁目８４７番地１,082-271-6060,082-271-7511,現存,○,,132.2531312,34.25282856
介護老人福祉施設,西区,3470209721,社会福祉法人はばたきの里,特別養護老人ホーム第三いこいの園,733-0815,広島市西区己斐上六丁目９３９番地１,082-275-0066,082-275-0093,現存,○,,132.252525,34.25174194
介護老人福祉施設,西区,3470201207,社会福祉法人燈心会,特別養護老人ホーム三滝苑,733-0802,広島市西区三滝本町二丁目１番１－２７号,082-237-8811,082-237-8813,現存,○,,132.2658506,34.2510163
介護老人福祉施設,西区,3470201769,社会福祉法人広島県同胞援護財団,特別養護老人ホーム千歳園,733-0853,広島市西区山田新町二丁目７番２号,082-272-5181,082-273-8795,現存,○,,132.2312985,34.23574873
介護老人福祉施設,西区,3470202148,社会福祉法人藤愛会,特別養護老人ホームリバーサイド中広,733-0012,広島市西区中広町二丁目１５番１５号,082-235-0788,082-235-2341,現存,○,,132.2621245,34.24133005
介護老人福祉施設,西区,3470214663,社会福祉法人ひろしま四季の会,特別養護老人ホームこころ楠木,733-0002,広島市西区楠木町四丁目16番6号,082-237-1055,082-237-1066,現存,○,,132.2729204,34.24538485
介護老人福祉施設,西区,3470201116,社会福祉法人くすの木の会,特別養護老人ホームくすの木苑,733-0024,広島市西区福島町二丁目３３番３０号,082-291-2734,082-291-2798,現存,○,,132.2549173,34.23305203
介護老人福祉施設,西区,3470211610,社会福祉法人ともえ福祉会,特別養護老人ホームともの家,733-0852,広島市西区鈴が峰町４１番１８号,082-270-0145,082-270-0146,現存,○,,132.2334804,34.22482807
介護老人福祉施設,安佐南区,3470201561,社会福祉法人慈光会,特別養護老人ホーム慈光園,731-0144,広島市安佐南区高取北一丁目１７番４１号,082-878-8005,082-878-8037,現存,○,,132.2628638,34.2838481
介護老人福祉施設,安佐南区,3470213152,社会福祉法人メインストリーム,特別養護老人ホーム和,731-0139,広島市安佐南区山本新町四丁目３番１１号,082-850-1008,082-850-1009,現存,○,,132.2612244,34.26513164
介護老人福祉施設,安佐南区,3470207907,社会福祉法人信々会,特別養護老人ホーム春日野園,731-0139,広島市安佐南区山本新町二丁目１８番９－１４号,082-832-4165,082-871-4166,現存,○,,132.2604277,34.26260459
介護老人福祉施設,安佐南区,3470212170,社会福祉法人ＩＧＬ学園福祉会,IGLナーシングホームシャレー,731-0154,広島市安佐南区上安六丁目３１番２号,082-830-3321,082-830-3327,現存,○,,132.2641112,34.28595493
介護老人福祉施設,安佐南区,3470201496,社会福祉法人成城会,特別養護老人ホーム菜の華,731-0113,広島市安佐南区西原一丁目１８番５号,082-850-0023,082-850-0112,現存,○,,132.2752257,34.2606077
介護老人福祉施設,安佐南区,3470203575,社会福祉法人楽友会,特別養護老人ホーム川内の里,731-0102,広島市安佐南区川内一丁目２１番２９号,082-831-1124,082-876-1094,現存,○,,132.2906025,34.27233284
介護老人福祉施設,安佐南区,3470208913,社会福祉法人平和会,特別養護老人ホームやすらぎの里広域公園,731-3167,広島市安佐南区大塚西四丁目２番２０号,082-848-3600,082-848-2105,現存,○,,132.2354971,34.26093809
介護老人福祉施設,安佐南区,3470209846,社会福祉法人松風会,特別養護老人ホーム新都西風苑,731-3166,広島市安佐南区大塚東三丁目３番９号,082-811-8185,082-811-8186,現存,○,,132.2448936,34.26063827
介護老人福祉施設,安佐南区,3470201470,社会福祉法人和楽会,特別養護老人ホーム和楽荘,731-3169,広島市安佐南区伴西五丁目１４３２番地１,082-848-5000,082-848-4579,現存,○,,132.2233007,34.27343606
介護老人福祉施設,安佐南区,3470202080,社会福祉法人広島良城会,特別養護老人ホーム友愛園,731-3164,広島市安佐南区伴東二丁目３０番１１号,082-848-2626,082-848-7333,現存,○,,132.2455878,34.28299559
介護老人福祉施設,安佐北区,3470101118,社会福祉法人あさ,特別養護老人ホームみくに,731-3362,広島市安佐北区安佐町久地字日ノ浦３２４０番地６５,082-837-0767,082-837-0771,現存,○,,132.2423424,34.31207462
介護老人福祉施設,安佐北区,3470101456,社会福祉法人ＩＧＬ学園福祉会,特別養護老人ホーム第二ナーシングホームゆうゆう,731-3352,広島市安佐北区安佐町後山１２４１５番地１,082-838-3334,082-838-3678,現存,○,,132.2649438,34.30321792
介護老人福祉施設,安佐北区,3470101449,社会福祉法人ＩＧＬ学園福祉会,特別養護老人ホームナーシングホームゆうゆう,731-3352,広島市安佐北区安佐町後山１２４１５番地５,082-838-3333,082-838-3444,現存,○,,132.2649438,34.30321792
介護老人福祉施設,安佐北区,3470109319,社会福祉法人ひろしま四季の会,特別養護老人ホームこころ,731-1141,広島市安佐北区安佐町鈴張２６８８番地,082-554-8600,082-554-8601,現存,○,,132.2716989,34.34456361
介護老人福祉施設,安佐北区,3470101902,社会福祉法人かつぎ会,特別養護老人ホーム谷和の里,731-0236,広島市安佐北区可部町綾ケ谷字谷和２１７５,082-812-2111,082-812-2112,現存,○,,132.3033198,34.32387045
介護老人福祉施設,安佐北区,3470101779,社会福祉法人広島県同胞援護財団,特別養護老人ホーム可部南静養園アシステ,731-0223,広島市安佐北区可部南二丁目１９番３３号,082-812-2411,082-812-3637,現存,○,,132.3108831,34.30036024
介護老人福祉施設,安佐北区,3470107990,社会福祉法人広島県同胞援護財団,特別養護老人ホーム可部南静養園カルム,731-0223,広島市安佐北区可部南二丁目１９番３３号,082-562-2503,082-819-2155,現存,○,,132.3108831,34.30036024
介護老人福祉施設,安佐北区,3470109277,社会福祉法人かつぎ会,特別養護老人ホーム亀山の里,731-0231,広島市安佐北区亀山九丁目１０番２５号,082-819-3355,082-819-3356,現存,○,,132.2849884,34.3206104
介護老人福祉施設,安佐北区,3470108345,社会福祉法人信々会,特別養護老人ホームくちた園,739-1733,広島市安佐北区口田南一丁目９番８号,082-516-4165,082-516-6541,現存,○,,132.2930301,34.27163101
介護老人福祉施設,安佐北区,3470109657,社会福祉法人三篠会,特別養護老人ホーム高陽荘,739-1751,広島市安佐北区深川八丁目３６番７号,082-842-2266,082-845-5090,現存,○,,132.3224002,34.28096511
介護老人福祉施設,安佐北区,3470101894,社会福祉法人三篠会,従来型特別養護老人ホームリアライヴ高陽,739-1741,広島市安佐北区真亀一丁目１番８号,082-843-3223,082-516-7600,現存,○,,132.3112283,34.28537353
介護老人福祉施設,安佐北区,3470109368,社会福祉法人三篠会,特別養護老人ホームリアライヴ高陽,739-1741,広島市安佐北区真亀一丁目１番８号,082-843-3223,082-516-7600,現存,○,,132.3112283,34.28537353
介護老人福祉施設,安佐北区,3470102918,社会福祉法人可部大文字会,特別養護老人ホーム山まゆ,731-0202,広島市安佐北区大林町字根谷１６２番地の２,082-818-6011,082-818-6066,現存,○,,132.3345057,34.3416313
介護老人福祉施設,安佐北区,3470109020,社会福祉法人三篠会,ユニット型特別養護老人ホーム三篠園,739-1301,広島市安佐北区白木町井原１２４４番地,082-828-3330,082-828-1403,現存,○,,132.4049523,34.35406205
介護老人福祉施設,安佐北区,3470101886,社会福祉法人三篠会,特別養護老人ホーム白木の郷,739-1412,広島市安佐北区白木町小越１０２３０,082-828-0123,082-828-3456,現存,○,,132.3958528,34.33197527
介護老人福祉施設,安佐北区,3470110184,社会福祉法人三篠会,特別養護老人ホーム白木ツジマチ,739-1412,広島市安佐北区白木町小越218番2,082-828-1305,082-828-3210,現存,○,,132.4015695,34.32156158
介護老人福祉施設,安佐北区,3470102538,社会福祉法人正仁会,特別養護老人ホームなごみの郷,739-1732,広島市安佐北区落合南町１９６番１,082-841-1331,082-841-1336,現存,○,,132.3050388,34.27419963
介護老人福祉施設,安芸区,3470101910,社会福祉法人あと会,特別養護老人ホームくにくさ苑,731-4231,広島市安芸区阿戸町４１８番地の１,082-856-0222,082-856-0115,現存,○,,132.3726793,34.22249147
介護老人福祉施設,安芸区,3470107172,社会福祉法人慈楽福祉会,特別養護老人ホームあきなかの,739-0321,広島市安芸区中野三丁目９番５号,082-893-3360,082-893-6608,現存,○,,132.3352401,34.23342849
介護老人福祉施設,安芸区,3470101670,社会福祉法人慈楽福祉会,特別養護老人ホーム瀬野川ホーム,739-0323,広島市安芸区中野東二丁目３４番１号,082-893-1888,082-893-1887,現存,○,,132.3414844,34.23159085
介護老人福祉施設,安芸区,3470109343,社会福祉法人香南会,特別養護老人ホーム矢野,736-0085,広島市安芸区矢野西三丁目１番１１号,082-554-8950,082-554-8951,現存,○,,132.3130028,34.20547429
介護老人福祉施設,佐伯区,3470214457,社会福祉法人三篠会,ユニット型特別養護老人ホーム楽々園kisui,731-5136,広島市佐伯区楽々園五丁目１５番２２号,082-922-2555,082-922-2565,現存,○,,132.2106502,34.21337664
介護老人福祉施設,佐伯区,3470214465,社会福祉法人三篠会,従来型特別養護老人ホーム楽々園kisui,731-5136,広島市佐伯区楽々園五丁目１５番２２号,082-922-2555,082-922-2565,現存,○,,132.2106502,34.21337664
介護老人福祉施設,佐伯区,3470201587,社会福祉法人平和会,特別養護老人ホームやすらぎの里,731-5101,広島市佐伯区五月が丘四丁目１５番６号,082-941-2900,082-941-2906,現存,○,,132.2412923,34.25525941
介護老人福祉施設,佐伯区,3470203864,社会福祉法人広島博愛会,特別養護老人ホーム五日市あかり園,731-5152,広島市佐伯区五日市町下河内５９１番地の１,082-926-1101,082-927-6000,現存,○,,132.2109238,34.24303866
介護老人福祉施設,佐伯区,3470202742,社会福祉法人三篠会,特別養護老人ホーム鈴が峰,731-5122,広島市佐伯区五日市町皆賀１０４番地２７,082-943-8888,082-943-7788,現存,○,,132.2220531,34.22524974
介護老人福祉施設,佐伯区,3470201579,社会福祉法人慈光会,特別養護老人ホーム石内慈光園,731-5102,広島市佐伯区五日市町石内６４０５番地の１,082-926-0066,082-929-0200,現存,○,,132.2204865,34.24138589
介護老人福祉施設,佐伯区,3470201264,社会福祉法人双樹会,特別養護老人ホーム陽光の家,731-5143,広島市佐伯区三宅六丁目１０５番地,082-921-8211,082-921-6651,現存,○,,132.2009902,34.2248128
介護老人福祉施設,佐伯区,3470210976,社会福祉法人経山会,特別養護老人ホームこころ三清荘,731-5109,広島市佐伯区石内北一丁目１番１１号,082-962-9880,082-962-9883,現存,○,,132.2232286,34.26426833
介護老人福祉施設,佐伯区,3470213186,社会福祉法人かきつばた福祉会,特別養護老人ホームいつかいち福寿苑,731-5142,広島市佐伯区坪井一丁目３１番７号,082-943-2110,082-943-2115,現存,○,,132.2103679,34.22303148
介護老人福祉施設,佐伯区,3473300436,社会福祉法人芸南福祉会,特別養護老人ホーム湯来保養園,738-0512,広島市佐伯区湯来町白砂８２番地の４,0829-86-2714,0829-86-2716,現存,○,,132.170121,34.24513723
介護老人福祉施設,佐伯区,3470214473,社会福祉法人　白砂福祉会,特別養護老人ホーム　令和の郷,738-0512,広島市佐伯区湯来町白砂字棡市場１５１番地,0829-40-5553,0829-40-5554,現存,○,,132.1723524,34.25081557
介護老人保健施設,中区,3450180066,医療法人社団桃李会,老人保健施設平和の里,730-0812,広島市中区加古町６番１号,082-248-8828,082-248-8803,現存,○,,132.2658659,34.23153924
介護老人保健施設,中区,3450180181,医療法人社団生和会,介護老人保健施設陽だまり,730-0042,広島市中区国泰寺町二丁目４番１８号,082-544-1616,082-544-1636,現存,○,,132.2715346,34.23011091
介護老人保健施設,中区,3450180124,医療法人翠清会,介護老人保健施設ひばり,730-0046,広島市中区昭和町１番５号,082-543-5700,082-249-5891,現存,○,,132.2759253,34.23002784
介護老人保健施設,中区,3450180165,医療法人社団葵会,介護老人保健施設葵の園・広島,730-0047,広島市中区平野町３番８号,082-241-3030,082-241-8700,現存,○,,132.2746723,34.22525445
介護老人保健施設,東区,3450180108,医療法人恒和会,介護老人保健施設牛田バラ苑,732-0068,広島市東区牛田新町三丁目３０番３０号,082-222-8000,082-222-8006,現存,○,,132.2819159,34.25267919
介護老人保健施設,東区,3450180116,医療法人たかまさ会,介護老人保健施設ウェルフェア,732-0032,広島市東区上温品一丁目２１番６号,082-280-3720,082-280-3751,現存,○,,132.3049421,34.25169524
介護老人保健施設,東区,3450180140,医療法人社団石見会,介護療養型老人保健施設いわさき,732-0043,広島市東区東山町１番９号,082-262-5271,082-261-8720,現存,○,,132.2929057,34.23548178
介護老人保健施設,東区,3450180058,社会福祉法人広島常光福祉会,老人保健施設スカイバード,732-0036,広島市東区福田町３１９８番地,082-899-7778,082-899-7770,現存,○,,132.3248768,34.26578742
介護老人保健施設,南区,3450180017,医療法人恒和会,介護老人保健施設洋光台バラ苑,734-0055,広島市南区向洋新町一丁目１７番１７号,082-287-7777,082-287-7778,現存,○,,132.3046713,34.21580074
介護老人保健施設,南区,3450180082,医療法人社団広島厚生会,介護老人保健施設ｅハウス,734-0026,広島市南区仁保一丁目６番１８号,082-286-6117,082-286-6113,現存,○,,132.2937473,34.22245116
介護老人保健施設,南区,3450180025,社会福祉法人三篠会,高齢者リハビリテーションセンターひうな荘,734-0031,広島市南区日宇那町３０番１号,082-256-1001,082-256-1008,現存,○,,132.2934162,34.21568194
介護老人保健施設,西区,3450280122,社会福祉法人慈楽福祉会,介護老人保健施設ピア観音,733-0036,広島市西区観音新町一丁目７番４０号,082-503-7772,082-503-7774,現存,○,,132.254198,34.22267442
介護老人保健施設,西区,3450280130,医療法人みやうち,介護老人保健施設三滝ひまわり,733-0802,広島市西区三滝本町二丁目１３番３４－２号,082-230-8777,082-230-8327,現存,○,,132.2636316,34.25040578
介護老人保健施設,西区,3450280098,医療法人和同会,西広島幸楽苑,733-0851,広島市西区田方二丁目１６番４５号,082-274-1311,082-274-1322,現存,○,,132.2346084,34.23304052
介護老人保健施設,安佐南区,3450280155,医療法人社団聖愛会,医療法人社団聖愛会介護老人保健施設とやま,731-3272,広島市安佐南区沼田町吉山字風呂ノ元９８０番１,082-839-3939,082-839-3940,現存,○,,132.2031497,34.27564458
介護老人保健施設,安佐南区,3450280056,社会福祉法人ＩＧＬ学園福祉会,介護老人保健施設ベルローゼ,731-0154,広島市安佐南区上安六丁目３１番１号,082-830-3333,082-830-3380,現存,○,,132.2641112,34.28595493
介護老人保健施設,安佐南区,3450280064,医療法人社団恵愛会,介護老人保健施設希望の園,731-0101,広島市安佐南区八木五丁目１６番２号,082-873-5881,082-873-5887,現存,○,,132.3009834,34.29000341
介護老人保健施設,安佐南区,3450280072,医療法人信愛会,老人保健施設しんあい,731-3164,広島市安佐南区伴東七丁目９番３号,082-848-8888,082-848-8885,現存,○,,132.2516275,34.27525349
介護老人保健施設,安佐北区,3450280114,医療法人秀仁会,介護老人保健施設菜の花,731-0221,広島市安佐北区可部五丁目４番１９－１０号,082-814-0008,082-819-1140,現存,○,,132.3033953,34.31171749
介護老人保健施設,安佐北区,3450280015,医療法人社団うすい会,老人保健施設さんさん高陽,739-1742,広島市安佐北区亀崎四丁目７番１号,082-845-1211,082-843-3333,現存,○,,132.3134332,34.28562081
介護老人保健施設,安佐北区,3450280148,医療法人社団あと会,介護老人保健施設ふかわ・くにくさ,739-1752,広島市安佐北区上深川町１８６番地１,082-840-1840,082-840-3666,現存,○,,132.3309646,34.28239395
介護老人保健施設,安佐北区,3450280106,社会福祉法人三篠会,介護老人保健施設白木ツジマチ,739-1412,広島市安佐北区白木町小越２１８番２,082-828-1305,082-828-3210,現存,○,,132.4015695,34.32156158
介護老人保健施設,安芸区,3450180033,社会福祉法人あと会,老人保健施設りは・くにくさ,731-4231,広島市安芸区阿戸町４８５番地１,082-856-0600,082-856-0633,現存,○,,132.3727222,34.22263677
介護老人保健施設,安芸区,3450180173,医療法人松栄会,介護老人保健施設あき,739-0311,広島市安芸区瀬野四丁目１６４１番地１,082-894-3337,082-894-3338,現存,○,,132.3611877,34.25297382
介護老人保健施設,安芸区,3450180157,医療法人社団長寿会,老人保健施設はたのリハビリ,739-0321,広島市安芸区中野五丁目１３番３０号,082-893-3636,082-893-3737,現存,○,,132.3450918,34.24086197
介護老人保健施設,安芸区,3450180041,医療法人社団長寿会,老人保健施設せのがわ,739-0321,広島市安芸区中野六丁目８番２号,082-820-2100,082-820-2101,現存,○,,132.3459068,34.24423078
介護老人保健施設,佐伯区,3450280049,医療法人和同会,五日市幸楽苑,731-5152,広島市佐伯区五日市町下河内１８８番地６,082-927-2511,082-927-2225,現存,○,,132.2112163,34.24277854
介護老人保健施設,佐伯区,3450280023,医療法人社団朋和会,医療法人社団朋和会老人保健施設花の丘,731-5143,広島市佐伯区三宅六丁目２６５番地,082-924-1187,082-921-1111,現存,○,,132.2022251,34.22417775
介護老人保健施設,佐伯区,3450280031,医療法人ピーアイエー,介護老人保健施設まいえ,731-5142,広島市佐伯区坪井三丁目８１８番地の１,082-921-9123,082-924-4569,現存,○,,132.200475,34.22561815
介護老人保健施設,佐伯区,3450280163,医療法人松村循環器・外科医院,介護老人保健施設湯来まつむら（ユニット型）,738-0512,広島市佐伯区湯来町白砂５９０番地,082-921-0434,,現存,○,,132.1718044,34.25166663
介護老人保健施設,佐伯区,3451980068,医療法人松村循環器・外科医院,介護老人保健施設湯来まつむら,738-0512,広島市佐伯区湯来町白砂５９０番地,0829-40-5600,0829-40-5220,現存,○,,132.1718044,34.25166663
介護医療院,東区,34B0100046,医療法人社団アイオワ,戸坂外科医院介護医療院,732-0009,広島市東区戸坂千足二丁目５番１６号,082-220-0050,082-220-0636,現存,○,,132.2906157,34.26167493
介護医療院,東区,34B0100038,槙坪　毅,槙坪病院介護医療院,732-0052,広島市東区光町一丁目１４番２号,082-263-5788,082-263-5820,現存,○,,132.2848458,34.23558324
介護医療院,東区,34B0100012,医療法人たかまさ会,山﨑病院介護医療院,732-0032,広島市東区上温品一丁目２４番９号,082-280-1234,,現存,○,,132.3044531,34.25179639
介護医療院,南区,34B0100020,医療法人和同会,広島シーサイド病院介護医療院,734-0012,広島市南区元宇品町２６番２０号,082-255-1010,082-255-6826,現存,○,,132.2732707,34.20548621
介護医療院,西区,34B0200028,医療法人厚生堂,長崎病院介護医療院,733-0013,広島市西区横川新町３番１１号,082-208-5801,082-208-5807,現存,○,,132.2649083,34.24329432
介護医療院,西区,34B0200036,医療法人社団玉章会,力田病院すずがみね介護医療院,733-0852,広島市西区鈴が峰町１４番２０号,082-277-2101,082-277-2108,現存,○,,132.2349658,34.22558114
介護医療院,安佐南区,34B0200051,医療法人コムラ病院,介護医療院コムラ,731-0141,広島市安佐南区相田一丁目１６番２９号,082-872-2151,082-872-2152,現存,○,,132.2724747,34.28113054
介護医療院,佐伯区,34B0200069,医療法人社団初仁会,桧田病院介護医療院,731-5128,広島市佐伯区五日市中央一丁目１番３２号,082-923-1116,082-921-5599,現存,○,,132.2116442,34.22022948
介護医療院,佐伯区,34B0200044,医療法人和同会,広島グリーンヒル病院介護医療院,731-5152,広島市佐伯区五日市町下河内１８８番地の６,082-929-1110,082-927-2225,現存,○,,132.2112163,34.24277854
介護医療院,佐伯区,34B0200010,医療法人ピーアイエー,介護医療院ひいろ,731-5142,広島市佐伯区坪井三丁目８１８番地の１,082-943-7616,082-923-7179,現存,○,,132.200475,34.22561815
集計,,,,,,,,,,2165,990,,
